ISO-10303-21;
HEADER;
/* Generated by software containing ST-Developer
 * from STEP Tools, Inc. (www.steptools.com) 
 */
/* OPTION: using custom renumber hook */

FILE_DESCRIPTION(
/* description */ ('STEP AP242 Edition 2',
'CAx-IF Rec.Pracs.---Representation and Presentation of Product Manufa
cturing Information (PMI)---4.0---2014-10-13',
'CAx-IF Rec.Pracs.---3D Tessellated Geometry---0.4---2014-09-14','2;1',
'CAx-IF Rec.Pracs.---User Defined Attributes---1.5---2016-08-15'),
/* implementation_level */ '2;1');

FILE_NAME(
/* name */ 'bearing_cover_1',
/* time_stamp */ '2026-06-03T07:08:33Z',
/* author */ (''),
/* organization */ (''),
/* preprocessor_version */ 'ST-DEVELOPER v20',
/* originating_system */ 'ONSHAPE BY PTC INC, 1.215',
/* authorisation */ '  ');

FILE_SCHEMA (('AP242_MANAGED_MODEL_BASED_3D_ENGINEERING_MIM_LF { 1 0 10303 442 3 1 4 }'));
ENDSEC;

DATA;
#10=SHAPE_REPRESENTATION_RELATIONSHIP('','',#1357,#11);
#11=ADVANCED_BREP_SHAPE_REPRESENTATION('',(#1355),#2541);
#12=TOROIDAL_SURFACE('',#1504,33.78,2.);
#13=TOROIDAL_SURFACE('',#1507,2.5,2.);
#14=TOROIDAL_SURFACE('',#1512,4.,2.);
#15=TOROIDAL_SURFACE('',#1514,4.,2.);
#16=TOROIDAL_SURFACE('',#1518,29.78,2.);
#17=TOROIDAL_SURFACE('',#1520,29.78,2.);
#18=TOROIDAL_SURFACE('',#1524,33.78,2.);
#19=TOROIDAL_SURFACE('',#1525,4.,2.);
#20=TOROIDAL_SURFACE('',#1527,4.,2.);
#21=TOROIDAL_SURFACE('',#1529,33.78,2.);
#22=TOROIDAL_SURFACE('',#1532,2.5,2.);
#23=TOROIDAL_SURFACE('',#1534,2.5,2.);
#24=TOROIDAL_SURFACE('',#1538,4.,2.);
#25=TOROIDAL_SURFACE('',#1540,4.,2.);
#26=TOROIDAL_SURFACE('',#1544,29.78,2.);
#27=TOROIDAL_SURFACE('',#1546,29.78,2.);
#28=TOROIDAL_SURFACE('',#1550,33.78,2.);
#29=TOROIDAL_SURFACE('',#1551,4.,2.);
#30=TOROIDAL_SURFACE('',#1553,4.,2.);
#31=TOROIDAL_SURFACE('',#1555,33.78,2.);
#32=TOROIDAL_SURFACE('',#1558,2.5,2.);
#33=TOROIDAL_SURFACE('',#1560,2.5,2.);
#34=TOROIDAL_SURFACE('',#1564,4.,2.);
#35=TOROIDAL_SURFACE('',#1566,4.,2.);
#36=TOROIDAL_SURFACE('',#1568,33.78,2.);
#37=TOROIDAL_SURFACE('',#1571,29.78,2.);
#38=TOROIDAL_SURFACE('',#1573,29.78,2.);
#39=TOROIDAL_SURFACE('',#1577,4.,2.);
#40=TOROIDAL_SURFACE('',#1579,4.,2.);
#41=TOROIDAL_SURFACE('',#1581,2.5,2.);
#42=TOROIDAL_SURFACE('',#1582,29.78,2.);
#43=B_SPLINE_CURVE_WITH_KNOTS('',3,(#2257,#2258,#2259,#2260),
 .UNSPECIFIED.,.F.,.F.,(4,4),(0.,0.000826706029410553),.UNSPECIFIED.);
#44=B_SPLINE_CURVE_WITH_KNOTS('',3,(#2264,#2265,#2266,#2267),
 .UNSPECIFIED.,.F.,.F.,(4,4),(9.63240259248045E-17,0.000826706029410457),
 .UNSPECIFIED.);
#45=B_SPLINE_CURVE_WITH_KNOTS('',3,(#2278,#2279,#2280,#2281),
 .UNSPECIFIED.,.F.,.F.,(4,4),(0.,0.00082670602941048),.UNSPECIFIED.);
#46=B_SPLINE_CURVE_WITH_KNOTS('',3,(#2285,#2286,#2287,#2288),
 .UNSPECIFIED.,.F.,.F.,(4,4),(0.,0.000826706029410447),.UNSPECIFIED.);
#47=B_SPLINE_CURVE_WITH_KNOTS('',3,(#2299,#2300,#2301,#2302),
 .UNSPECIFIED.,.F.,.F.,(4,4),(0.,0.000826706029410448),.UNSPECIFIED.);
#48=B_SPLINE_CURVE_WITH_KNOTS('',3,(#2306,#2307,#2308,#2309),
 .UNSPECIFIED.,.F.,.F.,(4,4),(0.,0.00082670602941048),.UNSPECIFIED.);
#49=B_SPLINE_CURVE_WITH_KNOTS('',3,(#2320,#2321,#2322,#2323),
 .UNSPECIFIED.,.F.,.F.,(4,4),(0.,0.00082670602941055),.UNSPECIFIED.);
#50=B_SPLINE_CURVE_WITH_KNOTS('',3,(#2327,#2328,#2329,#2330),
 .UNSPECIFIED.,.F.,.F.,(4,4),(9.63240259248045E-17,0.000826706029410457),
 .UNSPECIFIED.);
#51=B_SPLINE_CURVE_WITH_KNOTS('',3,(#2341,#2342,#2343,#2344),
 .UNSPECIFIED.,.F.,.F.,(4,4),(0.,0.00082670602941048),.UNSPECIFIED.);
#52=B_SPLINE_CURVE_WITH_KNOTS('',3,(#2348,#2349,#2350,#2351),
 .UNSPECIFIED.,.F.,.F.,(4,4),(0.,0.000826706029410447),.UNSPECIFIED.);
#53=B_SPLINE_CURVE_WITH_KNOTS('',3,(#2360,#2361,#2362,#2363),
 .UNSPECIFIED.,.F.,.F.,(4,4),(0.,0.00082670602941048),.UNSPECIFIED.);
#54=B_SPLINE_CURVE_WITH_KNOTS('',3,(#2371,#2372,#2373,#2374),
 .UNSPECIFIED.,.F.,.F.,(4,4),(0.,0.000826706029410545),.UNSPECIFIED.);
#55=B_SPLINE_CURVE_WITH_KNOTS('',3,(#2402,#2403,#2404,#2405,#2406),
 .UNSPECIFIED.,.F.,.F.,(4,1,4),(0.,0.00149814208659318,0.00299628417318637),
 .UNSPECIFIED.);
#56=B_SPLINE_CURVE_WITH_KNOTS('',3,(#2407,#2408,#2409,#2410,#2411),
 .UNSPECIFIED.,.F.,.F.,(4,1,4),(0.,0.00149814208659317,0.00299628417318634),
 .UNSPECIFIED.);
#57=B_SPLINE_CURVE_WITH_KNOTS('',3,(#2425,#2426,#2427,#2428,#2429),
 .UNSPECIFIED.,.F.,.F.,(4,1,4),(0.,0.00149814208659317,0.00299628417318635),
 .UNSPECIFIED.);
#58=B_SPLINE_CURVE_WITH_KNOTS('',3,(#2435,#2436,#2437,#2438,#2439),
 .UNSPECIFIED.,.F.,.F.,(4,1,4),(0.,0.00149814208659319,0.00299628417318637),
 .UNSPECIFIED.);
#59=B_SPLINE_CURVE_WITH_KNOTS('',3,(#2442,#2443,#2444,#2445,#2446),
 .UNSPECIFIED.,.F.,.F.,(4,1,4),(0.,0.00149814208659317,0.00299628417318634),
 .UNSPECIFIED.);
#60=B_SPLINE_CURVE_WITH_KNOTS('',3,(#2452,#2453,#2454,#2455,#2456),
 .UNSPECIFIED.,.F.,.F.,(4,1,4),(0.,0.00149814208659317,0.00299628417318634),
 .UNSPECIFIED.);
#61=B_SPLINE_CURVE_WITH_KNOTS('',3,(#2471,#2472,#2473,#2474,#2475),
 .UNSPECIFIED.,.F.,.F.,(4,1,4),(0.,0.00149814208659315,0.0029962841731863),
 .UNSPECIFIED.);
#62=B_SPLINE_CURVE_WITH_KNOTS('',3,(#2481,#2482,#2483,#2484,#2485),
 .UNSPECIFIED.,.F.,.F.,(4,1,4),(0.,0.00149814208659318,0.00299628417318635),
 .UNSPECIFIED.);
#63=B_SPLINE_CURVE_WITH_KNOTS('',3,(#2488,#2489,#2490,#2491,#2492),
 .UNSPECIFIED.,.F.,.F.,(4,1,4),(0.,0.00149814208659318,0.00299628417318636),
 .UNSPECIFIED.);
#64=B_SPLINE_CURVE_WITH_KNOTS('',3,(#2498,#2499,#2500,#2501,#2502),
 .UNSPECIFIED.,.F.,.F.,(4,1,4),(0.,0.00149814208659318,0.00299628417318635),
 .UNSPECIFIED.);
#65=B_SPLINE_CURVE_WITH_KNOTS('',3,(#2516,#2517,#2518,#2519,#2520),
 .UNSPECIFIED.,.F.,.F.,(4,1,4),(0.,0.00149814208659319,0.00299628417318637),
 .UNSPECIFIED.);
#66=B_SPLINE_CURVE_WITH_KNOTS('',3,(#2521,#2522,#2523,#2524,#2525),
 .UNSPECIFIED.,.F.,.F.,(4,1,4),(0.,0.00149814208659317,0.00299628417318634),
 .UNSPECIFIED.);
#67=LINE('',#2137,#91);
#68=LINE('',#2141,#92);
#69=LINE('',#2145,#93);
#70=LINE('',#2149,#94);
#71=LINE('',#2153,#95);
#72=LINE('',#2157,#96);
#73=LINE('',#2161,#97);
#74=LINE('',#2165,#98);
#75=LINE('',#2169,#99);
#76=LINE('',#2173,#100);
#77=LINE('',#2177,#101);
#78=LINE('',#2181,#102);
#79=LINE('',#2255,#103);
#80=LINE('',#2269,#104);
#81=LINE('',#2276,#105);
#82=LINE('',#2290,#106);
#83=LINE('',#2297,#107);
#84=LINE('',#2311,#108);
#85=LINE('',#2318,#109);
#86=LINE('',#2332,#110);
#87=LINE('',#2339,#111);
#88=LINE('',#2353,#112);
#89=LINE('',#2365,#113);
#90=LINE('',#2369,#114);
#91=VECTOR('',#1665,1000.);
#92=VECTOR('',#1668,1000.);
#93=VECTOR('',#1671,1000.);
#94=VECTOR('',#1674,1000.);
#95=VECTOR('',#1677,1000.);
#96=VECTOR('',#1680,1000.);
#97=VECTOR('',#1683,1000.);
#98=VECTOR('',#1686,1000.);
#99=VECTOR('',#1689,1000.);
#100=VECTOR('',#1692,1000.);
#101=VECTOR('',#1695,1000.);
#102=VECTOR('',#1698,1000.);
#103=VECTOR('',#1795,1000.);
#104=VECTOR('',#1798,1000.);
#105=VECTOR('',#1807,1000.);
#106=VECTOR('',#1810,1000.);
#107=VECTOR('',#1819,1000.);
#108=VECTOR('',#1822,1000.);
#109=VECTOR('',#1831,1000.);
#110=VECTOR('',#1834,1000.);
#111=VECTOR('',#1843,1000.);
#112=VECTOR('',#1846,1000.);
#113=VECTOR('',#1855,1000.);
#114=VECTOR('',#1858,1000.);
#115=CYLINDRICAL_SURFACE('',#1396,31.78);
#116=CYLINDRICAL_SURFACE('',#1410,28.78);
#117=CYLINDRICAL_SURFACE('',#1417,12.5);
#118=CYLINDRICAL_SURFACE('',#1426,1.25);
#119=CYLINDRICAL_SURFACE('',#1428,1.25);
#120=CYLINDRICAL_SURFACE('',#1430,1.25);
#121=CYLINDRICAL_SURFACE('',#1432,1.25);
#122=CYLINDRICAL_SURFACE('',#1434,1.25);
#123=CYLINDRICAL_SURFACE('',#1436,1.25);
#124=CYLINDRICAL_SURFACE('',#1438,2.9);
#125=CYLINDRICAL_SURFACE('',#1441,2.9);
#126=CYLINDRICAL_SURFACE('',#1444,2.9);
#127=CYLINDRICAL_SURFACE('',#1447,2.9);
#128=CYLINDRICAL_SURFACE('',#1450,2.9);
#129=CYLINDRICAL_SURFACE('',#1453,2.9);
#130=CYLINDRICAL_SURFACE('',#1456,4.5);
#131=CYLINDRICAL_SURFACE('',#1461,4.5);
#132=CYLINDRICAL_SURFACE('',#1466,4.5);
#133=CYLINDRICAL_SURFACE('',#1471,4.5);
#134=CYLINDRICAL_SURFACE('',#1476,4.5);
#135=CYLINDRICAL_SURFACE('',#1481,4.5);
#136=CYLINDRICAL_SURFACE('',#1486,2.25);
#137=CYLINDRICAL_SURFACE('',#1489,2.25);
#138=CYLINDRICAL_SURFACE('',#1492,2.25);
#139=CYLINDRICAL_SURFACE('',#1495,2.25);
#140=CYLINDRICAL_SURFACE('',#1498,2.25);
#141=CYLINDRICAL_SURFACE('',#1501,2.25);
#142=CYLINDRICAL_SURFACE('',#1505,2.);
#143=CYLINDRICAL_SURFACE('',#1510,2.);
#144=CYLINDRICAL_SURFACE('',#1516,2.);
#145=CYLINDRICAL_SURFACE('',#1522,2.);
#146=CYLINDRICAL_SURFACE('',#1530,2.);
#147=CYLINDRICAL_SURFACE('',#1536,2.);
#148=CYLINDRICAL_SURFACE('',#1542,2.);
#149=CYLINDRICAL_SURFACE('',#1548,2.);
#150=CYLINDRICAL_SURFACE('',#1556,2.);
#151=CYLINDRICAL_SURFACE('',#1562,2.);
#152=CYLINDRICAL_SURFACE('',#1569,2.);
#153=CYLINDRICAL_SURFACE('',#1575,2.);
#154=ORIENTED_EDGE('',*,*,#514,.T.);
#155=ORIENTED_EDGE('',*,*,#515,.T.);
#156=ORIENTED_EDGE('',*,*,#516,.T.);
#157=ORIENTED_EDGE('',*,*,#517,.T.);
#158=ORIENTED_EDGE('',*,*,#518,.T.);
#159=ORIENTED_EDGE('',*,*,#519,.T.);
#160=ORIENTED_EDGE('',*,*,#520,.F.);
#161=ORIENTED_EDGE('',*,*,#521,.F.);
#162=ORIENTED_EDGE('',*,*,#522,.F.);
#163=ORIENTED_EDGE('',*,*,#523,.F.);
#164=ORIENTED_EDGE('',*,*,#524,.F.);
#165=ORIENTED_EDGE('',*,*,#525,.F.);
#166=ORIENTED_EDGE('',*,*,#526,.F.);
#167=ORIENTED_EDGE('',*,*,#527,.T.);
#168=ORIENTED_EDGE('',*,*,#528,.F.);
#169=ORIENTED_EDGE('',*,*,#529,.T.);
#170=ORIENTED_EDGE('',*,*,#530,.F.);
#171=ORIENTED_EDGE('',*,*,#531,.T.);
#172=ORIENTED_EDGE('',*,*,#532,.F.);
#173=ORIENTED_EDGE('',*,*,#533,.T.);
#174=ORIENTED_EDGE('',*,*,#534,.F.);
#175=ORIENTED_EDGE('',*,*,#535,.T.);
#176=ORIENTED_EDGE('',*,*,#536,.F.);
#177=ORIENTED_EDGE('',*,*,#537,.T.);
#178=ORIENTED_EDGE('',*,*,#538,.F.);
#179=ORIENTED_EDGE('',*,*,#539,.T.);
#180=ORIENTED_EDGE('',*,*,#540,.F.);
#181=ORIENTED_EDGE('',*,*,#541,.T.);
#182=ORIENTED_EDGE('',*,*,#542,.F.);
#183=ORIENTED_EDGE('',*,*,#543,.T.);
#184=ORIENTED_EDGE('',*,*,#544,.F.);
#185=ORIENTED_EDGE('',*,*,#545,.T.);
#186=ORIENTED_EDGE('',*,*,#546,.F.);
#187=ORIENTED_EDGE('',*,*,#547,.T.);
#188=ORIENTED_EDGE('',*,*,#548,.F.);
#189=ORIENTED_EDGE('',*,*,#549,.T.);
#190=ORIENTED_EDGE('',*,*,#550,.T.);
#191=ORIENTED_EDGE('',*,*,#551,.T.);
#192=ORIENTED_EDGE('',*,*,#552,.T.);
#193=ORIENTED_EDGE('',*,*,#553,.T.);
#194=ORIENTED_EDGE('',*,*,#554,.T.);
#195=ORIENTED_EDGE('',*,*,#555,.T.);
#196=ORIENTED_EDGE('',*,*,#556,.T.);
#197=ORIENTED_EDGE('',*,*,#557,.T.);
#198=ORIENTED_EDGE('',*,*,#558,.T.);
#199=ORIENTED_EDGE('',*,*,#559,.T.);
#200=ORIENTED_EDGE('',*,*,#560,.T.);
#201=ORIENTED_EDGE('',*,*,#561,.T.);
#202=ORIENTED_EDGE('',*,*,#562,.T.);
#203=ORIENTED_EDGE('',*,*,#563,.T.);
#204=ORIENTED_EDGE('',*,*,#564,.T.);
#205=ORIENTED_EDGE('',*,*,#565,.T.);
#206=ORIENTED_EDGE('',*,*,#566,.T.);
#207=ORIENTED_EDGE('',*,*,#567,.T.);
#208=ORIENTED_EDGE('',*,*,#568,.T.);
#209=ORIENTED_EDGE('',*,*,#569,.T.);
#210=ORIENTED_EDGE('',*,*,#570,.T.);
#211=ORIENTED_EDGE('',*,*,#571,.T.);
#212=ORIENTED_EDGE('',*,*,#572,.T.);
#213=ORIENTED_EDGE('',*,*,#573,.T.);
#214=ORIENTED_EDGE('',*,*,#574,.T.);
#215=ORIENTED_EDGE('',*,*,#575,.F.);
#216=ORIENTED_EDGE('',*,*,#576,.T.);
#217=ORIENTED_EDGE('',*,*,#577,.T.);
#218=ORIENTED_EDGE('',*,*,#575,.T.);
#219=ORIENTED_EDGE('',*,*,#578,.T.);
#220=ORIENTED_EDGE('',*,*,#576,.F.);
#221=ORIENTED_EDGE('',*,*,#579,.T.);
#222=ORIENTED_EDGE('',*,*,#578,.F.);
#223=ORIENTED_EDGE('',*,*,#580,.F.);
#224=ORIENTED_EDGE('',*,*,#581,.F.);
#225=ORIENTED_EDGE('',*,*,#582,.F.);
#226=ORIENTED_EDGE('',*,*,#583,.F.);
#227=ORIENTED_EDGE('',*,*,#584,.F.);
#228=ORIENTED_EDGE('',*,*,#585,.F.);
#229=ORIENTED_EDGE('',*,*,#579,.F.);
#230=ORIENTED_EDGE('',*,*,#586,.F.);
#231=ORIENTED_EDGE('',*,*,#585,.T.);
#232=ORIENTED_EDGE('',*,*,#587,.F.);
#233=ORIENTED_EDGE('',*,*,#584,.T.);
#234=ORIENTED_EDGE('',*,*,#588,.F.);
#235=ORIENTED_EDGE('',*,*,#583,.T.);
#236=ORIENTED_EDGE('',*,*,#589,.F.);
#237=ORIENTED_EDGE('',*,*,#582,.T.);
#238=ORIENTED_EDGE('',*,*,#590,.F.);
#239=ORIENTED_EDGE('',*,*,#581,.T.);
#240=ORIENTED_EDGE('',*,*,#591,.F.);
#241=ORIENTED_EDGE('',*,*,#580,.T.);
#242=ORIENTED_EDGE('',*,*,#517,.F.);
#243=ORIENTED_EDGE('',*,*,#592,.T.);
#244=ORIENTED_EDGE('',*,*,#591,.T.);
#245=ORIENTED_EDGE('',*,*,#592,.F.);
#246=ORIENTED_EDGE('',*,*,#518,.F.);
#247=ORIENTED_EDGE('',*,*,#593,.T.);
#248=ORIENTED_EDGE('',*,*,#590,.T.);
#249=ORIENTED_EDGE('',*,*,#593,.F.);
#250=ORIENTED_EDGE('',*,*,#519,.F.);
#251=ORIENTED_EDGE('',*,*,#594,.T.);
#252=ORIENTED_EDGE('',*,*,#589,.T.);
#253=ORIENTED_EDGE('',*,*,#594,.F.);
#254=ORIENTED_EDGE('',*,*,#515,.F.);
#255=ORIENTED_EDGE('',*,*,#595,.T.);
#256=ORIENTED_EDGE('',*,*,#588,.T.);
#257=ORIENTED_EDGE('',*,*,#595,.F.);
#258=ORIENTED_EDGE('',*,*,#516,.F.);
#259=ORIENTED_EDGE('',*,*,#596,.T.);
#260=ORIENTED_EDGE('',*,*,#587,.T.);
#261=ORIENTED_EDGE('',*,*,#596,.F.);
#262=ORIENTED_EDGE('',*,*,#514,.F.);
#263=ORIENTED_EDGE('',*,*,#597,.T.);
#264=ORIENTED_EDGE('',*,*,#586,.T.);
#265=ORIENTED_EDGE('',*,*,#597,.F.);
#266=ORIENTED_EDGE('',*,*,#598,.T.);
#267=ORIENTED_EDGE('',*,*,#599,.T.);
#268=ORIENTED_EDGE('',*,*,#600,.T.);
#269=ORIENTED_EDGE('',*,*,#601,.T.);
#270=ORIENTED_EDGE('',*,*,#602,.T.);
#271=ORIENTED_EDGE('',*,*,#603,.T.);
#272=ORIENTED_EDGE('',*,*,#601,.F.);
#273=ORIENTED_EDGE('',*,*,#604,.T.);
#274=ORIENTED_EDGE('',*,*,#605,.T.);
#275=ORIENTED_EDGE('',*,*,#606,.T.);
#276=ORIENTED_EDGE('',*,*,#607,.T.);
#277=ORIENTED_EDGE('',*,*,#608,.T.);
#278=ORIENTED_EDGE('',*,*,#609,.T.);
#279=ORIENTED_EDGE('',*,*,#610,.T.);
#280=ORIENTED_EDGE('',*,*,#608,.F.);
#281=ORIENTED_EDGE('',*,*,#611,.T.);
#282=ORIENTED_EDGE('',*,*,#612,.T.);
#283=ORIENTED_EDGE('',*,*,#613,.T.);
#284=ORIENTED_EDGE('',*,*,#614,.T.);
#285=ORIENTED_EDGE('',*,*,#615,.T.);
#286=ORIENTED_EDGE('',*,*,#616,.T.);
#287=ORIENTED_EDGE('',*,*,#617,.T.);
#288=ORIENTED_EDGE('',*,*,#615,.F.);
#289=ORIENTED_EDGE('',*,*,#618,.T.);
#290=ORIENTED_EDGE('',*,*,#619,.T.);
#291=ORIENTED_EDGE('',*,*,#620,.T.);
#292=ORIENTED_EDGE('',*,*,#621,.T.);
#293=ORIENTED_EDGE('',*,*,#622,.T.);
#294=ORIENTED_EDGE('',*,*,#623,.T.);
#295=ORIENTED_EDGE('',*,*,#624,.T.);
#296=ORIENTED_EDGE('',*,*,#622,.F.);
#297=ORIENTED_EDGE('',*,*,#625,.T.);
#298=ORIENTED_EDGE('',*,*,#626,.T.);
#299=ORIENTED_EDGE('',*,*,#627,.T.);
#300=ORIENTED_EDGE('',*,*,#628,.T.);
#301=ORIENTED_EDGE('',*,*,#629,.T.);
#302=ORIENTED_EDGE('',*,*,#630,.T.);
#303=ORIENTED_EDGE('',*,*,#631,.T.);
#304=ORIENTED_EDGE('',*,*,#629,.F.);
#305=ORIENTED_EDGE('',*,*,#632,.T.);
#306=ORIENTED_EDGE('',*,*,#633,.T.);
#307=ORIENTED_EDGE('',*,*,#634,.T.);
#308=ORIENTED_EDGE('',*,*,#635,.T.);
#309=ORIENTED_EDGE('',*,*,#636,.T.);
#310=ORIENTED_EDGE('',*,*,#637,.T.);
#311=ORIENTED_EDGE('',*,*,#638,.T.);
#312=ORIENTED_EDGE('',*,*,#633,.F.);
#313=ORIENTED_EDGE('',*,*,#639,.T.);
#314=ORIENTED_EDGE('',*,*,#640,.F.);
#315=ORIENTED_EDGE('',*,*,#520,.T.);
#316=ORIENTED_EDGE('',*,*,#640,.T.);
#317=ORIENTED_EDGE('',*,*,#641,.F.);
#318=ORIENTED_EDGE('',*,*,#521,.T.);
#319=ORIENTED_EDGE('',*,*,#641,.T.);
#320=ORIENTED_EDGE('',*,*,#642,.F.);
#321=ORIENTED_EDGE('',*,*,#522,.T.);
#322=ORIENTED_EDGE('',*,*,#642,.T.);
#323=ORIENTED_EDGE('',*,*,#643,.F.);
#324=ORIENTED_EDGE('',*,*,#523,.T.);
#325=ORIENTED_EDGE('',*,*,#643,.T.);
#326=ORIENTED_EDGE('',*,*,#644,.F.);
#327=ORIENTED_EDGE('',*,*,#524,.T.);
#328=ORIENTED_EDGE('',*,*,#644,.T.);
#329=ORIENTED_EDGE('',*,*,#645,.F.);
#330=ORIENTED_EDGE('',*,*,#525,.T.);
#331=ORIENTED_EDGE('',*,*,#645,.T.);
#332=ORIENTED_EDGE('',*,*,#646,.F.);
#333=ORIENTED_EDGE('',*,*,#561,.F.);
#334=ORIENTED_EDGE('',*,*,#647,.F.);
#335=ORIENTED_EDGE('',*,*,#609,.F.);
#336=ORIENTED_EDGE('',*,*,#611,.F.);
#337=ORIENTED_EDGE('',*,*,#607,.F.);
#338=ORIENTED_EDGE('',*,*,#647,.T.);
#339=ORIENTED_EDGE('',*,*,#560,.F.);
#340=ORIENTED_EDGE('',*,*,#648,.F.);
#341=ORIENTED_EDGE('',*,*,#610,.F.);
#342=ORIENTED_EDGE('',*,*,#649,.F.);
#343=ORIENTED_EDGE('',*,*,#605,.F.);
#344=ORIENTED_EDGE('',*,*,#650,.F.);
#345=ORIENTED_EDGE('',*,*,#537,.F.);
#346=ORIENTED_EDGE('',*,*,#646,.T.);
#347=ORIENTED_EDGE('',*,*,#606,.F.);
#348=ORIENTED_EDGE('',*,*,#651,.F.);
#349=ORIENTED_EDGE('',*,*,#562,.F.);
#350=ORIENTED_EDGE('',*,*,#650,.T.);
#351=ORIENTED_EDGE('',*,*,#648,.T.);
#352=ORIENTED_EDGE('',*,*,#652,.F.);
#353=ORIENTED_EDGE('',*,*,#538,.T.);
#354=ORIENTED_EDGE('',*,*,#649,.T.);
#355=ORIENTED_EDGE('',*,*,#536,.T.);
#356=ORIENTED_EDGE('',*,*,#653,.F.);
#357=ORIENTED_EDGE('',*,*,#651,.T.);
#358=ORIENTED_EDGE('',*,*,#654,.F.);
#359=ORIENTED_EDGE('',*,*,#558,.F.);
#360=ORIENTED_EDGE('',*,*,#655,.F.);
#361=ORIENTED_EDGE('',*,*,#599,.F.);
#362=ORIENTED_EDGE('',*,*,#652,.T.);
#363=ORIENTED_EDGE('',*,*,#559,.F.);
#364=ORIENTED_EDGE('',*,*,#656,.F.);
#365=ORIENTED_EDGE('',*,*,#539,.F.);
#366=ORIENTED_EDGE('',*,*,#653,.T.);
#367=ORIENTED_EDGE('',*,*,#535,.F.);
#368=ORIENTED_EDGE('',*,*,#657,.F.);
#369=ORIENTED_EDGE('',*,*,#563,.F.);
#370=ORIENTED_EDGE('',*,*,#658,.F.);
#371=ORIENTED_EDGE('',*,*,#564,.F.);
#372=ORIENTED_EDGE('',*,*,#659,.F.);
#373=ORIENTED_EDGE('',*,*,#617,.F.);
#374=ORIENTED_EDGE('',*,*,#655,.T.);
#375=ORIENTED_EDGE('',*,*,#557,.F.);
#376=ORIENTED_EDGE('',*,*,#660,.F.);
#377=ORIENTED_EDGE('',*,*,#602,.F.);
#378=ORIENTED_EDGE('',*,*,#604,.F.);
#379=ORIENTED_EDGE('',*,*,#600,.F.);
#380=ORIENTED_EDGE('',*,*,#656,.T.);
#381=ORIENTED_EDGE('',*,*,#654,.T.);
#382=ORIENTED_EDGE('',*,*,#661,.F.);
#383=ORIENTED_EDGE('',*,*,#540,.T.);
#384=ORIENTED_EDGE('',*,*,#657,.T.);
#385=ORIENTED_EDGE('',*,*,#534,.T.);
#386=ORIENTED_EDGE('',*,*,#662,.F.);
#387=ORIENTED_EDGE('',*,*,#659,.T.);
#388=ORIENTED_EDGE('',*,*,#618,.F.);
#389=ORIENTED_EDGE('',*,*,#614,.F.);
#390=ORIENTED_EDGE('',*,*,#663,.F.);
#391=ORIENTED_EDGE('',*,*,#565,.F.);
#392=ORIENTED_EDGE('',*,*,#658,.T.);
#393=ORIENTED_EDGE('',*,*,#616,.F.);
#394=ORIENTED_EDGE('',*,*,#660,.T.);
#395=ORIENTED_EDGE('',*,*,#556,.F.);
#396=ORIENTED_EDGE('',*,*,#664,.F.);
#397=ORIENTED_EDGE('',*,*,#603,.F.);
#398=ORIENTED_EDGE('',*,*,#661,.T.);
#399=ORIENTED_EDGE('',*,*,#598,.F.);
#400=ORIENTED_EDGE('',*,*,#665,.F.);
#401=ORIENTED_EDGE('',*,*,#541,.F.);
#402=ORIENTED_EDGE('',*,*,#662,.T.);
#403=ORIENTED_EDGE('',*,*,#533,.F.);
#404=ORIENTED_EDGE('',*,*,#666,.F.);
#405=ORIENTED_EDGE('',*,*,#612,.F.);
#406=ORIENTED_EDGE('',*,*,#663,.T.);
#407=ORIENTED_EDGE('',*,*,#613,.F.);
#408=ORIENTED_EDGE('',*,*,#667,.F.);
#409=ORIENTED_EDGE('',*,*,#566,.F.);
#410=ORIENTED_EDGE('',*,*,#665,.T.);
#411=ORIENTED_EDGE('',*,*,#664,.T.);
#412=ORIENTED_EDGE('',*,*,#668,.F.);
#413=ORIENTED_EDGE('',*,*,#542,.T.);
#414=ORIENTED_EDGE('',*,*,#666,.T.);
#415=ORIENTED_EDGE('',*,*,#532,.T.);
#416=ORIENTED_EDGE('',*,*,#669,.F.);
#417=ORIENTED_EDGE('',*,*,#667,.T.);
#418=ORIENTED_EDGE('',*,*,#670,.F.);
#419=ORIENTED_EDGE('',*,*,#554,.F.);
#420=ORIENTED_EDGE('',*,*,#671,.F.);
#421=ORIENTED_EDGE('',*,*,#637,.F.);
#422=ORIENTED_EDGE('',*,*,#668,.T.);
#423=ORIENTED_EDGE('',*,*,#555,.F.);
#424=ORIENTED_EDGE('',*,*,#672,.F.);
#425=ORIENTED_EDGE('',*,*,#543,.F.);
#426=ORIENTED_EDGE('',*,*,#669,.T.);
#427=ORIENTED_EDGE('',*,*,#531,.F.);
#428=ORIENTED_EDGE('',*,*,#673,.F.);
#429=ORIENTED_EDGE('',*,*,#567,.F.);
#430=ORIENTED_EDGE('',*,*,#674,.F.);
#431=ORIENTED_EDGE('',*,*,#568,.F.);
#432=ORIENTED_EDGE('',*,*,#675,.F.);
#433=ORIENTED_EDGE('',*,*,#624,.F.);
#434=ORIENTED_EDGE('',*,*,#671,.T.);
#435=ORIENTED_EDGE('',*,*,#553,.F.);
#436=ORIENTED_EDGE('',*,*,#676,.F.);
#437=ORIENTED_EDGE('',*,*,#634,.F.);
#438=ORIENTED_EDGE('',*,*,#639,.F.);
#439=ORIENTED_EDGE('',*,*,#638,.F.);
#440=ORIENTED_EDGE('',*,*,#672,.T.);
#441=ORIENTED_EDGE('',*,*,#670,.T.);
#442=ORIENTED_EDGE('',*,*,#677,.F.);
#443=ORIENTED_EDGE('',*,*,#544,.T.);
#444=ORIENTED_EDGE('',*,*,#673,.T.);
#445=ORIENTED_EDGE('',*,*,#530,.T.);
#446=ORIENTED_EDGE('',*,*,#678,.F.);
#447=ORIENTED_EDGE('',*,*,#675,.T.);
#448=ORIENTED_EDGE('',*,*,#625,.F.);
#449=ORIENTED_EDGE('',*,*,#621,.F.);
#450=ORIENTED_EDGE('',*,*,#679,.F.);
#451=ORIENTED_EDGE('',*,*,#569,.F.);
#452=ORIENTED_EDGE('',*,*,#674,.T.);
#453=ORIENTED_EDGE('',*,*,#623,.F.);
#454=ORIENTED_EDGE('',*,*,#676,.T.);
#455=ORIENTED_EDGE('',*,*,#552,.F.);
#456=ORIENTED_EDGE('',*,*,#680,.F.);
#457=ORIENTED_EDGE('',*,*,#635,.F.);
#458=ORIENTED_EDGE('',*,*,#677,.T.);
#459=ORIENTED_EDGE('',*,*,#636,.F.);
#460=ORIENTED_EDGE('',*,*,#681,.F.);
#461=ORIENTED_EDGE('',*,*,#545,.F.);
#462=ORIENTED_EDGE('',*,*,#678,.T.);
#463=ORIENTED_EDGE('',*,*,#529,.F.);
#464=ORIENTED_EDGE('',*,*,#682,.F.);
#465=ORIENTED_EDGE('',*,*,#619,.F.);
#466=ORIENTED_EDGE('',*,*,#679,.T.);
#467=ORIENTED_EDGE('',*,*,#620,.F.);
#468=ORIENTED_EDGE('',*,*,#683,.F.);
#469=ORIENTED_EDGE('',*,*,#570,.F.);
#470=ORIENTED_EDGE('',*,*,#681,.T.);
#471=ORIENTED_EDGE('',*,*,#680,.T.);
#472=ORIENTED_EDGE('',*,*,#684,.F.);
#473=ORIENTED_EDGE('',*,*,#546,.T.);
#474=ORIENTED_EDGE('',*,*,#682,.T.);
#475=ORIENTED_EDGE('',*,*,#528,.T.);
#476=ORIENTED_EDGE('',*,*,#685,.F.);
#477=ORIENTED_EDGE('',*,*,#683,.T.);
#478=ORIENTED_EDGE('',*,*,#632,.F.);
#479=ORIENTED_EDGE('',*,*,#628,.F.);
#480=ORIENTED_EDGE('',*,*,#686,.F.);
#481=ORIENTED_EDGE('',*,*,#573,.F.);
#482=ORIENTED_EDGE('',*,*,#687,.F.);
#483=ORIENTED_EDGE('',*,*,#630,.F.);
#484=ORIENTED_EDGE('',*,*,#686,.T.);
#485=ORIENTED_EDGE('',*,*,#627,.F.);
#486=ORIENTED_EDGE('',*,*,#688,.F.);
#487=ORIENTED_EDGE('',*,*,#574,.F.);
#488=ORIENTED_EDGE('',*,*,#684,.T.);
#489=ORIENTED_EDGE('',*,*,#551,.F.);
#490=ORIENTED_EDGE('',*,*,#689,.F.);
#491=ORIENTED_EDGE('',*,*,#547,.F.);
#492=ORIENTED_EDGE('',*,*,#685,.T.);
#493=ORIENTED_EDGE('',*,*,#527,.F.);
#494=ORIENTED_EDGE('',*,*,#690,.F.);
#495=ORIENTED_EDGE('',*,*,#571,.F.);
#496=ORIENTED_EDGE('',*,*,#687,.T.);
#497=ORIENTED_EDGE('',*,*,#572,.F.);
#498=ORIENTED_EDGE('',*,*,#691,.F.);
#499=ORIENTED_EDGE('',*,*,#631,.F.);
#500=ORIENTED_EDGE('',*,*,#689,.T.);
#501=ORIENTED_EDGE('',*,*,#688,.T.);
#502=ORIENTED_EDGE('',*,*,#692,.F.);
#503=ORIENTED_EDGE('',*,*,#548,.T.);
#504=ORIENTED_EDGE('',*,*,#690,.T.);
#505=ORIENTED_EDGE('',*,*,#526,.T.);
#506=ORIENTED_EDGE('',*,*,#693,.F.);
#507=ORIENTED_EDGE('',*,*,#691,.T.);
#508=ORIENTED_EDGE('',*,*,#692,.T.);
#509=ORIENTED_EDGE('',*,*,#626,.F.);
#510=ORIENTED_EDGE('',*,*,#693,.T.);
#511=ORIENTED_EDGE('',*,*,#549,.F.);
#512=ORIENTED_EDGE('',*,*,#577,.F.);
#513=ORIENTED_EDGE('',*,*,#550,.F.);
#514=EDGE_CURVE('',#694,#694,#820,.T.);
#515=EDGE_CURVE('',#695,#695,#821,.T.);
#516=EDGE_CURVE('',#696,#696,#822,.T.);
#517=EDGE_CURVE('',#697,#697,#823,.T.);
#518=EDGE_CURVE('',#698,#698,#824,.T.);
#519=EDGE_CURVE('',#699,#699,#825,.T.);
#520=EDGE_CURVE('',#700,#700,#826,.T.);
#521=EDGE_CURVE('',#701,#701,#827,.T.);
#522=EDGE_CURVE('',#702,#702,#828,.T.);
#523=EDGE_CURVE('',#703,#703,#829,.T.);
#524=EDGE_CURVE('',#704,#704,#830,.T.);
#525=EDGE_CURVE('',#705,#705,#831,.T.);
#526=EDGE_CURVE('',#706,#707,#832,.T.);
#527=EDGE_CURVE('',#706,#708,#833,.T.);
#528=EDGE_CURVE('',#709,#708,#834,.T.);
#529=EDGE_CURVE('',#709,#710,#835,.T.);
#530=EDGE_CURVE('',#711,#710,#836,.T.);
#531=EDGE_CURVE('',#711,#712,#837,.T.);
#532=EDGE_CURVE('',#713,#712,#838,.T.);
#533=EDGE_CURVE('',#713,#714,#839,.T.);
#534=EDGE_CURVE('',#715,#714,#840,.T.);
#535=EDGE_CURVE('',#715,#716,#841,.T.);
#536=EDGE_CURVE('',#717,#716,#842,.T.);
#537=EDGE_CURVE('',#717,#718,#843,.T.);
#538=EDGE_CURVE('',#719,#718,#844,.T.);
#539=EDGE_CURVE('',#719,#720,#845,.T.);
#540=EDGE_CURVE('',#721,#720,#846,.T.);
#541=EDGE_CURVE('',#721,#722,#847,.T.);
#542=EDGE_CURVE('',#723,#722,#848,.T.);
#543=EDGE_CURVE('',#723,#724,#849,.T.);
#544=EDGE_CURVE('',#725,#724,#850,.T.);
#545=EDGE_CURVE('',#725,#726,#851,.T.);
#546=EDGE_CURVE('',#727,#726,#852,.T.);
#547=EDGE_CURVE('',#727,#728,#853,.T.);
#548=EDGE_CURVE('',#729,#728,#854,.T.);
#549=EDGE_CURVE('',#729,#707,#855,.T.);
#550=EDGE_CURVE('',#730,#730,#856,.T.);
#551=EDGE_CURVE('',#731,#732,#857,.F.);
#552=EDGE_CURVE('',#732,#733,#67,.T.);
#553=EDGE_CURVE('',#733,#734,#858,.F.);
#554=EDGE_CURVE('',#734,#735,#68,.F.);
#555=EDGE_CURVE('',#735,#736,#859,.F.);
#556=EDGE_CURVE('',#736,#737,#69,.T.);
#557=EDGE_CURVE('',#737,#738,#860,.F.);
#558=EDGE_CURVE('',#738,#739,#70,.F.);
#559=EDGE_CURVE('',#739,#740,#861,.F.);
#560=EDGE_CURVE('',#740,#741,#71,.T.);
#561=EDGE_CURVE('',#741,#742,#862,.F.);
#562=EDGE_CURVE('',#742,#743,#72,.F.);
#563=EDGE_CURVE('',#743,#744,#863,.F.);
#564=EDGE_CURVE('',#744,#745,#73,.T.);
#565=EDGE_CURVE('',#745,#746,#864,.F.);
#566=EDGE_CURVE('',#746,#747,#74,.F.);
#567=EDGE_CURVE('',#747,#748,#865,.F.);
#568=EDGE_CURVE('',#748,#749,#75,.T.);
#569=EDGE_CURVE('',#749,#750,#866,.F.);
#570=EDGE_CURVE('',#750,#751,#76,.F.);
#571=EDGE_CURVE('',#751,#752,#867,.F.);
#572=EDGE_CURVE('',#752,#753,#77,.T.);
#573=EDGE_CURVE('',#753,#754,#868,.F.);
#574=EDGE_CURVE('',#754,#731,#78,.F.);
#575=EDGE_CURVE('',#755,#755,#869,.T.);
#576=EDGE_CURVE('',#756,#756,#870,.T.);
#577=EDGE_CURVE('',#757,#757,#871,.F.);
#578=EDGE_CURVE('',#758,#758,#872,.T.);
#579=EDGE_CURVE('',#759,#759,#873,.T.);
#580=EDGE_CURVE('',#760,#760,#874,.T.);
#581=EDGE_CURVE('',#761,#761,#875,.T.);
#582=EDGE_CURVE('',#762,#762,#876,.T.);
#583=EDGE_CURVE('',#763,#763,#877,.T.);
#584=EDGE_CURVE('',#764,#764,#878,.T.);
#585=EDGE_CURVE('',#765,#765,#879,.T.);
#586=EDGE_CURVE('',#766,#766,#880,.T.);
#587=EDGE_CURVE('',#767,#767,#881,.T.);
#588=EDGE_CURVE('',#768,#768,#882,.T.);
#589=EDGE_CURVE('',#769,#769,#883,.T.);
#590=EDGE_CURVE('',#770,#770,#884,.T.);
#591=EDGE_CURVE('',#771,#771,#885,.T.);
#592=EDGE_CURVE('',#772,#772,#886,.T.);
#593=EDGE_CURVE('',#773,#773,#887,.T.);
#594=EDGE_CURVE('',#774,#774,#888,.T.);
#595=EDGE_CURVE('',#775,#775,#889,.T.);
#596=EDGE_CURVE('',#776,#776,#890,.T.);
#597=EDGE_CURVE('',#777,#777,#891,.T.);
#598=EDGE_CURVE('',#778,#779,#892,.F.);
#599=EDGE_CURVE('',#779,#780,#79,.F.);
#600=EDGE_CURVE('',#780,#781,#43,.T.);
#601=EDGE_CURVE('',#781,#782,#893,.T.);
#602=EDGE_CURVE('',#782,#783,#44,.T.);
#603=EDGE_CURVE('',#783,#778,#80,.T.);
#604=EDGE_CURVE('',#781,#782,#894,.T.);
#605=EDGE_CURVE('',#784,#785,#895,.F.);
#606=EDGE_CURVE('',#785,#786,#81,.F.);
#607=EDGE_CURVE('',#786,#787,#45,.T.);
#608=EDGE_CURVE('',#787,#788,#896,.T.);
#609=EDGE_CURVE('',#788,#789,#46,.T.);
#610=EDGE_CURVE('',#789,#784,#82,.T.);
#611=EDGE_CURVE('',#787,#788,#897,.T.);
#612=EDGE_CURVE('',#790,#791,#898,.F.);
#613=EDGE_CURVE('',#791,#792,#83,.F.);
#614=EDGE_CURVE('',#792,#793,#47,.T.);
#615=EDGE_CURVE('',#793,#794,#899,.T.);
#616=EDGE_CURVE('',#794,#795,#48,.T.);
#617=EDGE_CURVE('',#795,#790,#84,.T.);
#618=EDGE_CURVE('',#793,#794,#900,.T.);
#619=EDGE_CURVE('',#796,#797,#901,.F.);
#620=EDGE_CURVE('',#797,#798,#85,.F.);
#621=EDGE_CURVE('',#798,#799,#49,.T.);
#622=EDGE_CURVE('',#799,#800,#902,.T.);
#623=EDGE_CURVE('',#800,#801,#50,.T.);
#624=EDGE_CURVE('',#801,#796,#86,.T.);
#625=EDGE_CURVE('',#799,#800,#903,.T.);
#626=EDGE_CURVE('',#802,#803,#904,.F.);
#627=EDGE_CURVE('',#803,#804,#87,.F.);
#628=EDGE_CURVE('',#804,#805,#51,.T.);
#629=EDGE_CURVE('',#805,#806,#905,.T.);
#630=EDGE_CURVE('',#806,#807,#52,.T.);
#631=EDGE_CURVE('',#807,#802,#88,.T.);
#632=EDGE_CURVE('',#805,#806,#906,.T.);
#633=EDGE_CURVE('',#808,#809,#907,.T.);
#634=EDGE_CURVE('',#809,#810,#53,.T.);
#635=EDGE_CURVE('',#810,#811,#89,.T.);
#636=EDGE_CURVE('',#811,#812,#908,.F.);
#637=EDGE_CURVE('',#812,#813,#90,.F.);
#638=EDGE_CURVE('',#813,#808,#54,.T.);
#639=EDGE_CURVE('',#808,#809,#909,.T.);
#640=EDGE_CURVE('',#814,#814,#910,.T.);
#641=EDGE_CURVE('',#815,#815,#911,.T.);
#642=EDGE_CURVE('',#816,#816,#912,.T.);
#643=EDGE_CURVE('',#817,#817,#913,.T.);
#644=EDGE_CURVE('',#818,#818,#914,.T.);
#645=EDGE_CURVE('',#819,#819,#915,.T.);
#646=EDGE_CURVE('',#742,#786,#55,.F.);
#647=EDGE_CURVE('',#789,#741,#56,.T.);
#648=EDGE_CURVE('',#784,#740,#916,.F.);
#649=EDGE_CURVE('',#785,#717,#917,.T.);
#650=EDGE_CURVE('',#718,#784,#918,.T.);
#651=EDGE_CURVE('',#743,#785,#919,.F.);
#652=EDGE_CURVE('',#719,#740,#920,.F.);
#653=EDGE_CURVE('',#743,#716,#921,.F.);
#654=EDGE_CURVE('',#739,#779,#922,.F.);
#655=EDGE_CURVE('',#780,#738,#57,.T.);
#656=EDGE_CURVE('',#720,#739,#923,.T.);
#657=EDGE_CURVE('',#744,#715,#924,.T.);
#658=EDGE_CURVE('',#745,#795,#58,.F.);
#659=EDGE_CURVE('',#790,#744,#925,.F.);
#660=EDGE_CURVE('',#783,#737,#59,.T.);
#661=EDGE_CURVE('',#721,#779,#926,.F.);
#662=EDGE_CURVE('',#790,#714,#927,.F.);
#663=EDGE_CURVE('',#746,#792,#60,.F.);
#664=EDGE_CURVE('',#778,#736,#928,.F.);
#665=EDGE_CURVE('',#722,#778,#929,.T.);
#666=EDGE_CURVE('',#791,#713,#930,.T.);
#667=EDGE_CURVE('',#747,#791,#931,.F.);
#668=EDGE_CURVE('',#723,#736,#932,.F.);
#669=EDGE_CURVE('',#747,#712,#933,.F.);
#670=EDGE_CURVE('',#735,#812,#934,.F.);
#671=EDGE_CURVE('',#813,#734,#61,.T.);
#672=EDGE_CURVE('',#724,#735,#935,.T.);
#673=EDGE_CURVE('',#748,#711,#936,.T.);
#674=EDGE_CURVE('',#749,#801,#62,.F.);
#675=EDGE_CURVE('',#796,#748,#937,.F.);
#676=EDGE_CURVE('',#810,#733,#63,.T.);
#677=EDGE_CURVE('',#725,#812,#938,.F.);
#678=EDGE_CURVE('',#796,#710,#939,.F.);
#679=EDGE_CURVE('',#750,#798,#64,.F.);
#680=EDGE_CURVE('',#811,#732,#940,.F.);
#681=EDGE_CURVE('',#726,#811,#941,.T.);
#682=EDGE_CURVE('',#797,#709,#942,.T.);
#683=EDGE_CURVE('',#751,#797,#943,.F.);
#684=EDGE_CURVE('',#727,#732,#944,.F.);
#685=EDGE_CURVE('',#751,#708,#945,.F.);
#686=EDGE_CURVE('',#754,#804,#65,.F.);
#687=EDGE_CURVE('',#807,#753,#66,.T.);
#688=EDGE_CURVE('',#731,#803,#946,.F.);
#689=EDGE_CURVE('',#728,#731,#947,.T.);
#690=EDGE_CURVE('',#752,#706,#948,.T.);
#691=EDGE_CURVE('',#802,#752,#949,.F.);
#692=EDGE_CURVE('',#729,#803,#950,.F.);
#693=EDGE_CURVE('',#802,#707,#951,.F.);
#694=VERTEX_POINT('',#2060);
#695=VERTEX_POINT('',#2062);
#696=VERTEX_POINT('',#2064);
#697=VERTEX_POINT('',#2066);
#698=VERTEX_POINT('',#2068);
#699=VERTEX_POINT('',#2070);
#700=VERTEX_POINT('',#2072);
#701=VERTEX_POINT('',#2074);
#702=VERTEX_POINT('',#2076);
#703=VERTEX_POINT('',#2078);
#704=VERTEX_POINT('',#2080);
#705=VERTEX_POINT('',#2082);
#706=VERTEX_POINT('',#2084);
#707=VERTEX_POINT('',#2085);
#708=VERTEX_POINT('',#2087);
#709=VERTEX_POINT('',#2089);
#710=VERTEX_POINT('',#2091);
#711=VERTEX_POINT('',#2093);
#712=VERTEX_POINT('',#2095);
#713=VERTEX_POINT('',#2097);
#714=VERTEX_POINT('',#2099);
#715=VERTEX_POINT('',#2101);
#716=VERTEX_POINT('',#2103);
#717=VERTEX_POINT('',#2105);
#718=VERTEX_POINT('',#2107);
#719=VERTEX_POINT('',#2109);
#720=VERTEX_POINT('',#2111);
#721=VERTEX_POINT('',#2113);
#722=VERTEX_POINT('',#2115);
#723=VERTEX_POINT('',#2117);
#724=VERTEX_POINT('',#2119);
#725=VERTEX_POINT('',#2121);
#726=VERTEX_POINT('',#2123);
#727=VERTEX_POINT('',#2125);
#728=VERTEX_POINT('',#2127);
#729=VERTEX_POINT('',#2129);
#730=VERTEX_POINT('',#2133);
#731=VERTEX_POINT('',#2135);
#732=VERTEX_POINT('',#2136);
#733=VERTEX_POINT('',#2138);
#734=VERTEX_POINT('',#2140);
#735=VERTEX_POINT('',#2142);
#736=VERTEX_POINT('',#2144);
#737=VERTEX_POINT('',#2146);
#738=VERTEX_POINT('',#2148);
#739=VERTEX_POINT('',#2150);
#740=VERTEX_POINT('',#2152);
#741=VERTEX_POINT('',#2154);
#742=VERTEX_POINT('',#2156);
#743=VERTEX_POINT('',#2158);
#744=VERTEX_POINT('',#2160);
#745=VERTEX_POINT('',#2162);
#746=VERTEX_POINT('',#2164);
#747=VERTEX_POINT('',#2166);
#748=VERTEX_POINT('',#2168);
#749=VERTEX_POINT('',#2170);
#750=VERTEX_POINT('',#2172);
#751=VERTEX_POINT('',#2174);
#752=VERTEX_POINT('',#2176);
#753=VERTEX_POINT('',#2178);
#754=VERTEX_POINT('',#2180);
#755=VERTEX_POINT('',#2184);
#756=VERTEX_POINT('',#2186);
#757=VERTEX_POINT('',#2189);
#758=VERTEX_POINT('',#2192);
#759=VERTEX_POINT('',#2195);
#760=VERTEX_POINT('',#2198);
#761=VERTEX_POINT('',#2200);
#762=VERTEX_POINT('',#2202);
#763=VERTEX_POINT('',#2204);
#764=VERTEX_POINT('',#2206);
#765=VERTEX_POINT('',#2208);
#766=VERTEX_POINT('',#2211);
#767=VERTEX_POINT('',#2214);
#768=VERTEX_POINT('',#2217);
#769=VERTEX_POINT('',#2220);
#770=VERTEX_POINT('',#2223);
#771=VERTEX_POINT('',#2226);
#772=VERTEX_POINT('',#2229);
#773=VERTEX_POINT('',#2233);
#774=VERTEX_POINT('',#2237);
#775=VERTEX_POINT('',#2241);
#776=VERTEX_POINT('',#2245);
#777=VERTEX_POINT('',#2249);
#778=VERTEX_POINT('',#2253);
#779=VERTEX_POINT('',#2254);
#780=VERTEX_POINT('',#2256);
#781=VERTEX_POINT('',#2261);
#782=VERTEX_POINT('',#2263);
#783=VERTEX_POINT('',#2268);
#784=VERTEX_POINT('',#2274);
#785=VERTEX_POINT('',#2275);
#786=VERTEX_POINT('',#2277);
#787=VERTEX_POINT('',#2282);
#788=VERTEX_POINT('',#2284);
#789=VERTEX_POINT('',#2289);
#790=VERTEX_POINT('',#2295);
#791=VERTEX_POINT('',#2296);
#792=VERTEX_POINT('',#2298);
#793=VERTEX_POINT('',#2303);
#794=VERTEX_POINT('',#2305);
#795=VERTEX_POINT('',#2310);
#796=VERTEX_POINT('',#2316);
#797=VERTEX_POINT('',#2317);
#798=VERTEX_POINT('',#2319);
#799=VERTEX_POINT('',#2324);
#800=VERTEX_POINT('',#2326);
#801=VERTEX_POINT('',#2331);
#802=VERTEX_POINT('',#2337);
#803=VERTEX_POINT('',#2338);
#804=VERTEX_POINT('',#2340);
#805=VERTEX_POINT('',#2345);
#806=VERTEX_POINT('',#2347);
#807=VERTEX_POINT('',#2352);
#808=VERTEX_POINT('',#2358);
#809=VERTEX_POINT('',#2359);
#810=VERTEX_POINT('',#2364);
#811=VERTEX_POINT('',#2366);
#812=VERTEX_POINT('',#2368);
#813=VERTEX_POINT('',#2370);
#814=VERTEX_POINT('',#2379);
#815=VERTEX_POINT('',#2383);
#816=VERTEX_POINT('',#2387);
#817=VERTEX_POINT('',#2391);
#818=VERTEX_POINT('',#2395);
#819=VERTEX_POINT('',#2399);
#820=CIRCLE('',#1360,2.9);
#821=CIRCLE('',#1361,2.9);
#822=CIRCLE('',#1362,2.9);
#823=CIRCLE('',#1363,2.9);
#824=CIRCLE('',#1364,2.9);
#825=CIRCLE('',#1365,2.9);
#826=CIRCLE('',#1366,2.25);
#827=CIRCLE('',#1367,2.25);
#828=CIRCLE('',#1368,2.25);
#829=CIRCLE('',#1369,2.25);
#830=CIRCLE('',#1370,2.25);
#831=CIRCLE('',#1371,2.25);
#832=CIRCLE('',#1372,4.);
#833=CIRCLE('',#1373,29.78);
#834=CIRCLE('',#1374,4.);
#835=CIRCLE('',#1375,2.5);
#836=CIRCLE('',#1376,4.);
#837=CIRCLE('',#1377,29.78);
#838=CIRCLE('',#1378,4.);
#839=CIRCLE('',#1379,2.5);
#840=CIRCLE('',#1380,4.);
#841=CIRCLE('',#1381,29.78);
#842=CIRCLE('',#1382,4.);
#843=CIRCLE('',#1383,2.5);
#844=CIRCLE('',#1384,4.);
#845=CIRCLE('',#1385,29.78);
#846=CIRCLE('',#1386,4.);
#847=CIRCLE('',#1387,2.5);
#848=CIRCLE('',#1388,4.);
#849=CIRCLE('',#1389,29.78);
#850=CIRCLE('',#1390,4.);
#851=CIRCLE('',#1391,2.5);
#852=CIRCLE('',#1392,4.);
#853=CIRCLE('',#1393,29.78);
#854=CIRCLE('',#1394,4.);
#855=CIRCLE('',#1395,2.5);
#856=CIRCLE('',#1397,31.78);
#857=CIRCLE('',#1398,31.78);
#858=CIRCLE('',#1399,31.78);
#859=CIRCLE('',#1400,31.78);
#860=CIRCLE('',#1401,31.78);
#861=CIRCLE('',#1402,31.78);
#862=CIRCLE('',#1403,31.78);
#863=CIRCLE('',#1404,31.78);
#864=CIRCLE('',#1405,31.78);
#865=CIRCLE('',#1406,31.78);
#866=CIRCLE('',#1407,31.78);
#867=CIRCLE('',#1408,31.78);
#868=CIRCLE('',#1409,31.78);
#869=CIRCLE('',#1411,28.78);
#870=CIRCLE('',#1412,28.78);
#871=CIRCLE('',#1414,29.78);
#872=CIRCLE('',#1416,12.5);
#873=CIRCLE('',#1418,12.5);
#874=CIRCLE('',#1420,1.25);
#875=CIRCLE('',#1421,1.25);
#876=CIRCLE('',#1422,1.25);
#877=CIRCLE('',#1423,1.25);
#878=CIRCLE('',#1424,1.25);
#879=CIRCLE('',#1425,1.25);
#880=CIRCLE('',#1427,1.25);
#881=CIRCLE('',#1429,1.25);
#882=CIRCLE('',#1431,1.25);
#883=CIRCLE('',#1433,1.25);
#884=CIRCLE('',#1435,1.25);
#885=CIRCLE('',#1437,1.25);
#886=CIRCLE('',#1439,2.9);
#887=CIRCLE('',#1442,2.9);
#888=CIRCLE('',#1445,2.9);
#889=CIRCLE('',#1448,2.9);
#890=CIRCLE('',#1451,2.9);
#891=CIRCLE('',#1454,2.9);
#892=CIRCLE('',#1457,4.5);
#893=CIRCLE('',#1458,4.5);
#894=CIRCLE('',#1460,33.78);
#895=CIRCLE('',#1462,4.5);
#896=CIRCLE('',#1463,4.5);
#897=CIRCLE('',#1465,33.78);
#898=CIRCLE('',#1467,4.5);
#899=CIRCLE('',#1468,4.5);
#900=CIRCLE('',#1470,33.78);
#901=CIRCLE('',#1472,4.5);
#902=CIRCLE('',#1473,4.5);
#903=CIRCLE('',#1475,33.78);
#904=CIRCLE('',#1477,4.5);
#905=CIRCLE('',#1478,4.5);
#906=CIRCLE('',#1480,33.78);
#907=CIRCLE('',#1482,4.5);
#908=CIRCLE('',#1483,4.5);
#909=CIRCLE('',#1485,33.78);
#910=CIRCLE('',#1487,2.25);
#911=CIRCLE('',#1490,2.25);
#912=CIRCLE('',#1493,2.25);
#913=CIRCLE('',#1496,2.25);
#914=CIRCLE('',#1499,2.25);
#915=CIRCLE('',#1502,2.25);
#916=CIRCLE('',#1506,2.);
#917=CIRCLE('',#1508,2.);
#918=CIRCLE('',#1509,2.);
#919=CIRCLE('',#1511,2.);
#920=CIRCLE('',#1513,2.);
#921=CIRCLE('',#1515,2.);
#922=CIRCLE('',#1517,2.);
#923=CIRCLE('',#1519,2.);
#924=CIRCLE('',#1521,2.);
#925=CIRCLE('',#1523,2.);
#926=CIRCLE('',#1526,2.);
#927=CIRCLE('',#1528,2.);
#928=CIRCLE('',#1531,2.);
#929=CIRCLE('',#1533,2.);
#930=CIRCLE('',#1535,2.);
#931=CIRCLE('',#1537,2.);
#932=CIRCLE('',#1539,2.);
#933=CIRCLE('',#1541,2.);
#934=CIRCLE('',#1543,2.);
#935=CIRCLE('',#1545,2.);
#936=CIRCLE('',#1547,2.);
#937=CIRCLE('',#1549,2.);
#938=CIRCLE('',#1552,2.);
#939=CIRCLE('',#1554,2.);
#940=CIRCLE('',#1557,2.);
#941=CIRCLE('',#1559,2.);
#942=CIRCLE('',#1561,2.);
#943=CIRCLE('',#1563,2.);
#944=CIRCLE('',#1565,2.);
#945=CIRCLE('',#1567,2.);
#946=CIRCLE('',#1570,2.);
#947=CIRCLE('',#1572,2.);
#948=CIRCLE('',#1574,2.);
#949=CIRCLE('',#1576,2.);
#950=CIRCLE('',#1578,2.);
#951=CIRCLE('',#1580,2.);
#952=EDGE_LOOP('',(#154));
#953=EDGE_LOOP('',(#155));
#954=EDGE_LOOP('',(#156));
#955=EDGE_LOOP('',(#157));
#956=EDGE_LOOP('',(#158));
#957=EDGE_LOOP('',(#159));
#958=EDGE_LOOP('',(#160));
#959=EDGE_LOOP('',(#161));
#960=EDGE_LOOP('',(#162));
#961=EDGE_LOOP('',(#163));
#962=EDGE_LOOP('',(#164));
#963=EDGE_LOOP('',(#165));
#964=EDGE_LOOP('',(#166,#167,#168,#169,#170,#171,#172,#173,#174,#175,#176,
#177,#178,#179,#180,#181,#182,#183,#184,#185,#186,#187,#188,#189));
#965=EDGE_LOOP('',(#190));
#966=EDGE_LOOP('',(#191,#192,#193,#194,#195,#196,#197,#198,#199,#200,#201,
#202,#203,#204,#205,#206,#207,#208,#209,#210,#211,#212,#213,#214));
#967=EDGE_LOOP('',(#215));
#968=EDGE_LOOP('',(#216));
#969=EDGE_LOOP('',(#217));
#970=EDGE_LOOP('',(#218));
#971=EDGE_LOOP('',(#219));
#972=EDGE_LOOP('',(#220));
#973=EDGE_LOOP('',(#221));
#974=EDGE_LOOP('',(#222));
#975=EDGE_LOOP('',(#223));
#976=EDGE_LOOP('',(#224));
#977=EDGE_LOOP('',(#225));
#978=EDGE_LOOP('',(#226));
#979=EDGE_LOOP('',(#227));
#980=EDGE_LOOP('',(#228));
#981=EDGE_LOOP('',(#229));
#982=EDGE_LOOP('',(#230));
#983=EDGE_LOOP('',(#231));
#984=EDGE_LOOP('',(#232));
#985=EDGE_LOOP('',(#233));
#986=EDGE_LOOP('',(#234));
#987=EDGE_LOOP('',(#235));
#988=EDGE_LOOP('',(#236));
#989=EDGE_LOOP('',(#237));
#990=EDGE_LOOP('',(#238));
#991=EDGE_LOOP('',(#239));
#992=EDGE_LOOP('',(#240));
#993=EDGE_LOOP('',(#241));
#994=EDGE_LOOP('',(#242));
#995=EDGE_LOOP('',(#243));
#996=EDGE_LOOP('',(#244));
#997=EDGE_LOOP('',(#245));
#998=EDGE_LOOP('',(#246));
#999=EDGE_LOOP('',(#247));
#1000=EDGE_LOOP('',(#248));
#1001=EDGE_LOOP('',(#249));
#1002=EDGE_LOOP('',(#250));
#1003=EDGE_LOOP('',(#251));
#1004=EDGE_LOOP('',(#252));
#1005=EDGE_LOOP('',(#253));
#1006=EDGE_LOOP('',(#254));
#1007=EDGE_LOOP('',(#255));
#1008=EDGE_LOOP('',(#256));
#1009=EDGE_LOOP('',(#257));
#1010=EDGE_LOOP('',(#258));
#1011=EDGE_LOOP('',(#259));
#1012=EDGE_LOOP('',(#260));
#1013=EDGE_LOOP('',(#261));
#1014=EDGE_LOOP('',(#262));
#1015=EDGE_LOOP('',(#263));
#1016=EDGE_LOOP('',(#264));
#1017=EDGE_LOOP('',(#265));
#1018=EDGE_LOOP('',(#266,#267,#268,#269,#270,#271));
#1019=EDGE_LOOP('',(#272,#273));
#1020=EDGE_LOOP('',(#274,#275,#276,#277,#278,#279));
#1021=EDGE_LOOP('',(#280,#281));
#1022=EDGE_LOOP('',(#282,#283,#284,#285,#286,#287));
#1023=EDGE_LOOP('',(#288,#289));
#1024=EDGE_LOOP('',(#290,#291,#292,#293,#294,#295));
#1025=EDGE_LOOP('',(#296,#297));
#1026=EDGE_LOOP('',(#298,#299,#300,#301,#302,#303));
#1027=EDGE_LOOP('',(#304,#305));
#1028=EDGE_LOOP('',(#306,#307,#308,#309,#310,#311));
#1029=EDGE_LOOP('',(#312,#313));
#1030=EDGE_LOOP('',(#314));
#1031=EDGE_LOOP('',(#315));
#1032=EDGE_LOOP('',(#316));
#1033=EDGE_LOOP('',(#317));
#1034=EDGE_LOOP('',(#318));
#1035=EDGE_LOOP('',(#319));
#1036=EDGE_LOOP('',(#320));
#1037=EDGE_LOOP('',(#321));
#1038=EDGE_LOOP('',(#322));
#1039=EDGE_LOOP('',(#323));
#1040=EDGE_LOOP('',(#324));
#1041=EDGE_LOOP('',(#325));
#1042=EDGE_LOOP('',(#326));
#1043=EDGE_LOOP('',(#327));
#1044=EDGE_LOOP('',(#328));
#1045=EDGE_LOOP('',(#329));
#1046=EDGE_LOOP('',(#330));
#1047=EDGE_LOOP('',(#331));
#1048=EDGE_LOOP('',(#332,#333,#334,#335,#336,#337));
#1049=EDGE_LOOP('',(#338,#339,#340,#341));
#1050=EDGE_LOOP('',(#342,#343,#344,#345));
#1051=EDGE_LOOP('',(#346,#347,#348,#349));
#1052=EDGE_LOOP('',(#350,#351,#352,#353));
#1053=EDGE_LOOP('',(#354,#355,#356,#357));
#1054=EDGE_LOOP('',(#358,#359,#360,#361));
#1055=EDGE_LOOP('',(#362,#363,#364,#365));
#1056=EDGE_LOOP('',(#366,#367,#368,#369));
#1057=EDGE_LOOP('',(#370,#371,#372,#373));
#1058=EDGE_LOOP('',(#374,#375,#376,#377,#378,#379));
#1059=EDGE_LOOP('',(#380,#381,#382,#383));
#1060=EDGE_LOOP('',(#384,#385,#386,#387));
#1061=EDGE_LOOP('',(#388,#389,#390,#391,#392,#393));
#1062=EDGE_LOOP('',(#394,#395,#396,#397));
#1063=EDGE_LOOP('',(#398,#399,#400,#401));
#1064=EDGE_LOOP('',(#402,#403,#404,#405));
#1065=EDGE_LOOP('',(#406,#407,#408,#409));
#1066=EDGE_LOOP('',(#410,#411,#412,#413));
#1067=EDGE_LOOP('',(#414,#415,#416,#417));
#1068=EDGE_LOOP('',(#418,#419,#420,#421));
#1069=EDGE_LOOP('',(#422,#423,#424,#425));
#1070=EDGE_LOOP('',(#426,#427,#428,#429));
#1071=EDGE_LOOP('',(#430,#431,#432,#433));
#1072=EDGE_LOOP('',(#434,#435,#436,#437,#438,#439));
#1073=EDGE_LOOP('',(#440,#441,#442,#443));
#1074=EDGE_LOOP('',(#444,#445,#446,#447));
#1075=EDGE_LOOP('',(#448,#449,#450,#451,#452,#453));
#1076=EDGE_LOOP('',(#454,#455,#456,#457));
#1077=EDGE_LOOP('',(#458,#459,#460,#461));
#1078=EDGE_LOOP('',(#462,#463,#464,#465));
#1079=EDGE_LOOP('',(#466,#467,#468,#469));
#1080=EDGE_LOOP('',(#470,#471,#472,#473));
#1081=EDGE_LOOP('',(#474,#475,#476,#477));
#1082=EDGE_LOOP('',(#478,#479,#480,#481,#482,#483));
#1083=EDGE_LOOP('',(#484,#485,#486,#487));
#1084=EDGE_LOOP('',(#488,#489,#490,#491));
#1085=EDGE_LOOP('',(#492,#493,#494,#495));
#1086=EDGE_LOOP('',(#496,#497,#498,#499));
#1087=EDGE_LOOP('',(#500,#501,#502,#503));
#1088=EDGE_LOOP('',(#504,#505,#506,#507));
#1089=EDGE_LOOP('',(#508,#509,#510,#511));
#1090=EDGE_LOOP('',(#512));
#1091=EDGE_LOOP('',(#513));
#1092=FACE_BOUND('',#952,.T.);
#1093=FACE_BOUND('',#953,.T.);
#1094=FACE_BOUND('',#954,.T.);
#1095=FACE_BOUND('',#955,.T.);
#1096=FACE_BOUND('',#956,.T.);
#1097=FACE_BOUND('',#957,.T.);
#1098=FACE_BOUND('',#958,.T.);
#1099=FACE_BOUND('',#959,.T.);
#1100=FACE_BOUND('',#960,.T.);
#1101=FACE_BOUND('',#961,.T.);
#1102=FACE_BOUND('',#962,.T.);
#1103=FACE_BOUND('',#963,.T.);
#1104=FACE_BOUND('',#964,.T.);
#1105=FACE_BOUND('',#965,.T.);
#1106=FACE_BOUND('',#966,.T.);
#1107=FACE_BOUND('',#967,.T.);
#1108=FACE_BOUND('',#968,.T.);
#1109=FACE_BOUND('',#969,.T.);
#1110=FACE_BOUND('',#970,.T.);
#1111=FACE_BOUND('',#971,.T.);
#1112=FACE_BOUND('',#972,.T.);
#1113=FACE_BOUND('',#973,.T.);
#1114=FACE_BOUND('',#974,.T.);
#1115=FACE_BOUND('',#975,.T.);
#1116=FACE_BOUND('',#976,.T.);
#1117=FACE_BOUND('',#977,.T.);
#1118=FACE_BOUND('',#978,.T.);
#1119=FACE_BOUND('',#979,.T.);
#1120=FACE_BOUND('',#980,.T.);
#1121=FACE_BOUND('',#981,.T.);
#1122=FACE_BOUND('',#982,.T.);
#1123=FACE_BOUND('',#983,.T.);
#1124=FACE_BOUND('',#984,.T.);
#1125=FACE_BOUND('',#985,.T.);
#1126=FACE_BOUND('',#986,.T.);
#1127=FACE_BOUND('',#987,.T.);
#1128=FACE_BOUND('',#988,.T.);
#1129=FACE_BOUND('',#989,.T.);
#1130=FACE_BOUND('',#990,.T.);
#1131=FACE_BOUND('',#991,.T.);
#1132=FACE_BOUND('',#992,.T.);
#1133=FACE_BOUND('',#993,.T.);
#1134=FACE_BOUND('',#994,.T.);
#1135=FACE_BOUND('',#995,.T.);
#1136=FACE_BOUND('',#996,.T.);
#1137=FACE_BOUND('',#997,.T.);
#1138=FACE_BOUND('',#998,.T.);
#1139=FACE_BOUND('',#999,.T.);
#1140=FACE_BOUND('',#1000,.T.);
#1141=FACE_BOUND('',#1001,.T.);
#1142=FACE_BOUND('',#1002,.T.);
#1143=FACE_BOUND('',#1003,.T.);
#1144=FACE_BOUND('',#1004,.T.);
#1145=FACE_BOUND('',#1005,.T.);
#1146=FACE_BOUND('',#1006,.T.);
#1147=FACE_BOUND('',#1007,.T.);
#1148=FACE_BOUND('',#1008,.T.);
#1149=FACE_BOUND('',#1009,.T.);
#1150=FACE_BOUND('',#1010,.T.);
#1151=FACE_BOUND('',#1011,.T.);
#1152=FACE_BOUND('',#1012,.T.);
#1153=FACE_BOUND('',#1013,.T.);
#1154=FACE_BOUND('',#1014,.T.);
#1155=FACE_BOUND('',#1015,.T.);
#1156=FACE_BOUND('',#1016,.T.);
#1157=FACE_BOUND('',#1017,.T.);
#1158=FACE_BOUND('',#1018,.T.);
#1159=FACE_BOUND('',#1019,.T.);
#1160=FACE_BOUND('',#1020,.T.);
#1161=FACE_BOUND('',#1021,.T.);
#1162=FACE_BOUND('',#1022,.T.);
#1163=FACE_BOUND('',#1023,.T.);
#1164=FACE_BOUND('',#1024,.T.);
#1165=FACE_BOUND('',#1025,.T.);
#1166=FACE_BOUND('',#1026,.T.);
#1167=FACE_BOUND('',#1027,.T.);
#1168=FACE_BOUND('',#1028,.T.);
#1169=FACE_BOUND('',#1029,.T.);
#1170=FACE_BOUND('',#1030,.T.);
#1171=FACE_BOUND('',#1031,.T.);
#1172=FACE_BOUND('',#1032,.T.);
#1173=FACE_BOUND('',#1033,.T.);
#1174=FACE_BOUND('',#1034,.T.);
#1175=FACE_BOUND('',#1035,.T.);
#1176=FACE_BOUND('',#1036,.T.);
#1177=FACE_BOUND('',#1037,.T.);
#1178=FACE_BOUND('',#1038,.T.);
#1179=FACE_BOUND('',#1039,.T.);
#1180=FACE_BOUND('',#1040,.T.);
#1181=FACE_BOUND('',#1041,.T.);
#1182=FACE_BOUND('',#1042,.T.);
#1183=FACE_BOUND('',#1043,.T.);
#1184=FACE_BOUND('',#1044,.T.);
#1185=FACE_BOUND('',#1045,.T.);
#1186=FACE_BOUND('',#1046,.T.);
#1187=FACE_BOUND('',#1047,.T.);
#1188=FACE_BOUND('',#1048,.T.);
#1189=FACE_BOUND('',#1049,.T.);
#1190=FACE_BOUND('',#1050,.T.);
#1191=FACE_BOUND('',#1051,.T.);
#1192=FACE_BOUND('',#1052,.T.);
#1193=FACE_BOUND('',#1053,.T.);
#1194=FACE_BOUND('',#1054,.T.);
#1195=FACE_BOUND('',#1055,.T.);
#1196=FACE_BOUND('',#1056,.T.);
#1197=FACE_BOUND('',#1057,.T.);
#1198=FACE_BOUND('',#1058,.T.);
#1199=FACE_BOUND('',#1059,.T.);
#1200=FACE_BOUND('',#1060,.T.);
#1201=FACE_BOUND('',#1061,.T.);
#1202=FACE_BOUND('',#1062,.T.);
#1203=FACE_BOUND('',#1063,.T.);
#1204=FACE_BOUND('',#1064,.T.);
#1205=FACE_BOUND('',#1065,.T.);
#1206=FACE_BOUND('',#1066,.T.);
#1207=FACE_BOUND('',#1067,.T.);
#1208=FACE_BOUND('',#1068,.T.);
#1209=FACE_BOUND('',#1069,.T.);
#1210=FACE_BOUND('',#1070,.T.);
#1211=FACE_BOUND('',#1071,.T.);
#1212=FACE_BOUND('',#1072,.T.);
#1213=FACE_BOUND('',#1073,.T.);
#1214=FACE_BOUND('',#1074,.T.);
#1215=FACE_BOUND('',#1075,.T.);
#1216=FACE_BOUND('',#1076,.T.);
#1217=FACE_BOUND('',#1077,.T.);
#1218=FACE_BOUND('',#1078,.T.);
#1219=FACE_BOUND('',#1079,.T.);
#1220=FACE_BOUND('',#1080,.T.);
#1221=FACE_BOUND('',#1081,.T.);
#1222=FACE_BOUND('',#1082,.T.);
#1223=FACE_BOUND('',#1083,.T.);
#1224=FACE_BOUND('',#1084,.T.);
#1225=FACE_BOUND('',#1085,.T.);
#1226=FACE_BOUND('',#1086,.T.);
#1227=FACE_BOUND('',#1087,.T.);
#1228=FACE_BOUND('',#1088,.T.);
#1229=FACE_BOUND('',#1089,.T.);
#1230=FACE_BOUND('',#1090,.T.);
#1231=FACE_BOUND('',#1091,.T.);
#1232=PLANE('',#1359);
#1233=PLANE('',#1413);
#1234=PLANE('',#1415);
#1235=PLANE('',#1419);
#1236=PLANE('',#1440);
#1237=PLANE('',#1443);
#1238=PLANE('',#1446);
#1239=PLANE('',#1449);
#1240=PLANE('',#1452);
#1241=PLANE('',#1455);
#1242=PLANE('',#1459);
#1243=PLANE('',#1464);
#1244=PLANE('',#1469);
#1245=PLANE('',#1474);
#1246=PLANE('',#1479);
#1247=PLANE('',#1484);
#1248=PLANE('',#1488);
#1249=PLANE('',#1491);
#1250=PLANE('',#1494);
#1251=PLANE('',#1497);
#1252=PLANE('',#1500);
#1253=PLANE('',#1503);
#1254=ADVANCED_FACE('',(#1092,#1093,#1094,#1095,#1096,#1097,#1098,#1099,
#1100,#1101,#1102,#1103,#1104),#1232,.T.);
#1255=ADVANCED_FACE('',(#1105,#1106),#115,.T.);
#1256=ADVANCED_FACE('',(#1107,#1108),#116,.F.);
#1257=ADVANCED_FACE('',(#1109,#1110),#1233,.F.);
#1258=ADVANCED_FACE('',(#1111,#1112),#1234,.F.);
#1259=ADVANCED_FACE('',(#1113,#1114),#117,.T.);
#1260=ADVANCED_FACE('',(#1115,#1116,#1117,#1118,#1119,#1120,#1121),#1235,
 .F.);
#1261=ADVANCED_FACE('',(#1122,#1123),#118,.F.);
#1262=ADVANCED_FACE('',(#1124,#1125),#119,.F.);
#1263=ADVANCED_FACE('',(#1126,#1127),#120,.F.);
#1264=ADVANCED_FACE('',(#1128,#1129),#121,.F.);
#1265=ADVANCED_FACE('',(#1130,#1131),#122,.F.);
#1266=ADVANCED_FACE('',(#1132,#1133),#123,.F.);
#1267=ADVANCED_FACE('',(#1134,#1135),#124,.F.);
#1268=ADVANCED_FACE('',(#1136,#1137),#1236,.F.);
#1269=ADVANCED_FACE('',(#1138,#1139),#125,.F.);
#1270=ADVANCED_FACE('',(#1140,#1141),#1237,.F.);
#1271=ADVANCED_FACE('',(#1142,#1143),#126,.F.);
#1272=ADVANCED_FACE('',(#1144,#1145),#1238,.F.);
#1273=ADVANCED_FACE('',(#1146,#1147),#127,.F.);
#1274=ADVANCED_FACE('',(#1148,#1149),#1239,.F.);
#1275=ADVANCED_FACE('',(#1150,#1151),#128,.F.);
#1276=ADVANCED_FACE('',(#1152,#1153),#1240,.F.);
#1277=ADVANCED_FACE('',(#1154,#1155),#129,.F.);
#1278=ADVANCED_FACE('',(#1156,#1157),#1241,.F.);
#1279=ADVANCED_FACE('',(#1158),#130,.T.);
#1280=ADVANCED_FACE('',(#1159),#1242,.F.);
#1281=ADVANCED_FACE('',(#1160),#131,.T.);
#1282=ADVANCED_FACE('',(#1161),#1243,.F.);
#1283=ADVANCED_FACE('',(#1162),#132,.T.);
#1284=ADVANCED_FACE('',(#1163),#1244,.F.);
#1285=ADVANCED_FACE('',(#1164),#133,.T.);
#1286=ADVANCED_FACE('',(#1165),#1245,.F.);
#1287=ADVANCED_FACE('',(#1166),#134,.T.);
#1288=ADVANCED_FACE('',(#1167),#1246,.F.);
#1289=ADVANCED_FACE('',(#1168),#135,.T.);
#1290=ADVANCED_FACE('',(#1169),#1247,.F.);
#1291=ADVANCED_FACE('',(#1170,#1171),#136,.F.);
#1292=ADVANCED_FACE('',(#1172),#1248,.T.);
#1293=ADVANCED_FACE('',(#1173,#1174),#137,.F.);
#1294=ADVANCED_FACE('',(#1175),#1249,.T.);
#1295=ADVANCED_FACE('',(#1176,#1177),#138,.F.);
#1296=ADVANCED_FACE('',(#1178),#1250,.T.);
#1297=ADVANCED_FACE('',(#1179,#1180),#139,.F.);
#1298=ADVANCED_FACE('',(#1181),#1251,.T.);
#1299=ADVANCED_FACE('',(#1182,#1183),#140,.F.);
#1300=ADVANCED_FACE('',(#1184),#1252,.T.);
#1301=ADVANCED_FACE('',(#1185,#1186),#141,.F.);
#1302=ADVANCED_FACE('',(#1187),#1253,.T.);
#1303=ADVANCED_FACE('',(#1188),#12,.F.);
#1304=ADVANCED_FACE('',(#1189),#142,.F.);
#1305=ADVANCED_FACE('',(#1190),#13,.T.);
#1306=ADVANCED_FACE('',(#1191),#143,.F.);
#1307=ADVANCED_FACE('',(#1192),#14,.T.);
#1308=ADVANCED_FACE('',(#1193),#15,.T.);
#1309=ADVANCED_FACE('',(#1194),#144,.F.);
#1310=ADVANCED_FACE('',(#1195),#16,.T.);
#1311=ADVANCED_FACE('',(#1196),#17,.T.);
#1312=ADVANCED_FACE('',(#1197),#145,.F.);
#1313=ADVANCED_FACE('',(#1198),#18,.F.);
#1314=ADVANCED_FACE('',(#1199),#19,.T.);
#1315=ADVANCED_FACE('',(#1200),#20,.T.);
#1316=ADVANCED_FACE('',(#1201),#21,.F.);
#1317=ADVANCED_FACE('',(#1202),#146,.F.);
#1318=ADVANCED_FACE('',(#1203),#22,.T.);
#1319=ADVANCED_FACE('',(#1204),#23,.T.);
#1320=ADVANCED_FACE('',(#1205),#147,.F.);
#1321=ADVANCED_FACE('',(#1206),#24,.T.);
#1322=ADVANCED_FACE('',(#1207),#25,.T.);
#1323=ADVANCED_FACE('',(#1208),#148,.F.);
#1324=ADVANCED_FACE('',(#1209),#26,.T.);
#1325=ADVANCED_FACE('',(#1210),#27,.T.);
#1326=ADVANCED_FACE('',(#1211),#149,.F.);
#1327=ADVANCED_FACE('',(#1212),#28,.F.);
#1328=ADVANCED_FACE('',(#1213),#29,.T.);
#1329=ADVANCED_FACE('',(#1214),#30,.T.);
#1330=ADVANCED_FACE('',(#1215),#31,.F.);
#1331=ADVANCED_FACE('',(#1216),#150,.F.);
#1332=ADVANCED_FACE('',(#1217),#32,.T.);
#1333=ADVANCED_FACE('',(#1218),#33,.T.);
#1334=ADVANCED_FACE('',(#1219),#151,.F.);
#1335=ADVANCED_FACE('',(#1220),#34,.T.);
#1336=ADVANCED_FACE('',(#1221),#35,.T.);
#1337=ADVANCED_FACE('',(#1222),#36,.F.);
#1338=ADVANCED_FACE('',(#1223),#152,.F.);
#1339=ADVANCED_FACE('',(#1224),#37,.T.);
#1340=ADVANCED_FACE('',(#1225),#38,.T.);
#1341=ADVANCED_FACE('',(#1226),#153,.F.);
#1342=ADVANCED_FACE('',(#1227),#39,.T.);
#1343=ADVANCED_FACE('',(#1228),#40,.T.);
#1344=ADVANCED_FACE('',(#1229),#41,.T.);
#1345=ADVANCED_FACE('',(#1230,#1231),#42,.T.);
#1346=CLOSED_SHELL('',(#1254,#1255,#1256,#1257,#1258,#1259,#1260,#1261,
#1262,#1263,#1264,#1265,#1266,#1267,#1268,#1269,#1270,#1271,#1272,#1273,
#1274,#1275,#1276,#1277,#1278,#1279,#1280,#1281,#1282,#1283,#1284,#1285,
#1286,#1287,#1288,#1289,#1290,#1291,#1292,#1293,#1294,#1295,#1296,#1297,
#1298,#1299,#1300,#1301,#1302,#1303,#1304,#1305,#1306,#1307,#1308,#1309,
#1310,#1311,#1312,#1313,#1314,#1315,#1316,#1317,#1318,#1319,#1320,#1321,
#1322,#1323,#1324,#1325,#1326,#1327,#1328,#1329,#1330,#1331,#1332,#1333,
#1334,#1335,#1336,#1337,#1338,#1339,#1340,#1341,#1342,#1343,#1344,#1345));
#1347=STYLED_ITEM('',(#1348),#1355);
#1348=PRESENTATION_STYLE_ASSIGNMENT((#1349));
#1349=SURFACE_STYLE_USAGE(.BOTH.,#1350);
#1350=SURFACE_SIDE_STYLE('',(#1351));
#1351=SURFACE_STYLE_FILL_AREA(#1352);
#1352=FILL_AREA_STYLE('',(#1353));
#1353=FILL_AREA_STYLE_COLOUR('',#1354);
#1354=COLOUR_RGB('',0.796078431372549,0.823529411764706,0.937254901960784);
#1355=MANIFOLD_SOLID_BREP('Part 1',#1346);
#1356=SHAPE_DEFINITION_REPRESENTATION(#2546,#1357);
#1357=SHAPE_REPRESENTATION('Part 1',(#1358),#2541);
#1358=AXIS2_PLACEMENT_3D('',#2057,#1583,#1584);
#1359=AXIS2_PLACEMENT_3D('',#2058,#1585,#1586);
#1360=AXIS2_PLACEMENT_3D('',#2059,#1587,#1588);
#1361=AXIS2_PLACEMENT_3D('',#2061,#1589,#1590);
#1362=AXIS2_PLACEMENT_3D('',#2063,#1591,#1592);
#1363=AXIS2_PLACEMENT_3D('',#2065,#1593,#1594);
#1364=AXIS2_PLACEMENT_3D('',#2067,#1595,#1596);
#1365=AXIS2_PLACEMENT_3D('',#2069,#1597,#1598);
#1366=AXIS2_PLACEMENT_3D('',#2071,#1599,#1600);
#1367=AXIS2_PLACEMENT_3D('',#2073,#1601,#1602);
#1368=AXIS2_PLACEMENT_3D('',#2075,#1603,#1604);
#1369=AXIS2_PLACEMENT_3D('',#2077,#1605,#1606);
#1370=AXIS2_PLACEMENT_3D('',#2079,#1607,#1608);
#1371=AXIS2_PLACEMENT_3D('',#2081,#1609,#1610);
#1372=AXIS2_PLACEMENT_3D('',#2083,#1611,#1612);
#1373=AXIS2_PLACEMENT_3D('',#2086,#1613,#1614);
#1374=AXIS2_PLACEMENT_3D('',#2088,#1615,#1616);
#1375=AXIS2_PLACEMENT_3D('',#2090,#1617,#1618);
#1376=AXIS2_PLACEMENT_3D('',#2092,#1619,#1620);
#1377=AXIS2_PLACEMENT_3D('',#2094,#1621,#1622);
#1378=AXIS2_PLACEMENT_3D('',#2096,#1623,#1624);
#1379=AXIS2_PLACEMENT_3D('',#2098,#1625,#1626);
#1380=AXIS2_PLACEMENT_3D('',#2100,#1627,#1628);
#1381=AXIS2_PLACEMENT_3D('',#2102,#1629,#1630);
#1382=AXIS2_PLACEMENT_3D('',#2104,#1631,#1632);
#1383=AXIS2_PLACEMENT_3D('',#2106,#1633,#1634);
#1384=AXIS2_PLACEMENT_3D('',#2108,#1635,#1636);
#1385=AXIS2_PLACEMENT_3D('',#2110,#1637,#1638);
#1386=AXIS2_PLACEMENT_3D('',#2112,#1639,#1640);
#1387=AXIS2_PLACEMENT_3D('',#2114,#1641,#1642);
#1388=AXIS2_PLACEMENT_3D('',#2116,#1643,#1644);
#1389=AXIS2_PLACEMENT_3D('',#2118,#1645,#1646);
#1390=AXIS2_PLACEMENT_3D('',#2120,#1647,#1648);
#1391=AXIS2_PLACEMENT_3D('',#2122,#1649,#1650);
#1392=AXIS2_PLACEMENT_3D('',#2124,#1651,#1652);
#1393=AXIS2_PLACEMENT_3D('',#2126,#1653,#1654);
#1394=AXIS2_PLACEMENT_3D('',#2128,#1655,#1656);
#1395=AXIS2_PLACEMENT_3D('',#2130,#1657,#1658);
#1396=AXIS2_PLACEMENT_3D('',#2131,#1659,#1660);
#1397=AXIS2_PLACEMENT_3D('',#2132,#1661,#1662);
#1398=AXIS2_PLACEMENT_3D('',#2134,#1663,#1664);
#1399=AXIS2_PLACEMENT_3D('',#2139,#1666,#1667);
#1400=AXIS2_PLACEMENT_3D('',#2143,#1669,#1670);
#1401=AXIS2_PLACEMENT_3D('',#2147,#1672,#1673);
#1402=AXIS2_PLACEMENT_3D('',#2151,#1675,#1676);
#1403=AXIS2_PLACEMENT_3D('',#2155,#1678,#1679);
#1404=AXIS2_PLACEMENT_3D('',#2159,#1681,#1682);
#1405=AXIS2_PLACEMENT_3D('',#2163,#1684,#1685);
#1406=AXIS2_PLACEMENT_3D('',#2167,#1687,#1688);
#1407=AXIS2_PLACEMENT_3D('',#2171,#1690,#1691);
#1408=AXIS2_PLACEMENT_3D('',#2175,#1693,#1694);
#1409=AXIS2_PLACEMENT_3D('',#2179,#1696,#1697);
#1410=AXIS2_PLACEMENT_3D('',#2182,#1699,#1700);
#1411=AXIS2_PLACEMENT_3D('',#2183,#1701,#1702);
#1412=AXIS2_PLACEMENT_3D('',#2185,#1703,#1704);
#1413=AXIS2_PLACEMENT_3D('',#2187,#1705,#1706);
#1414=AXIS2_PLACEMENT_3D('',#2188,#1707,#1708);
#1415=AXIS2_PLACEMENT_3D('',#2190,#1709,#1710);
#1416=AXIS2_PLACEMENT_3D('',#2191,#1711,#1712);
#1417=AXIS2_PLACEMENT_3D('',#2193,#1713,#1714);
#1418=AXIS2_PLACEMENT_3D('',#2194,#1715,#1716);
#1419=AXIS2_PLACEMENT_3D('',#2196,#1717,#1718);
#1420=AXIS2_PLACEMENT_3D('',#2197,#1719,#1720);
#1421=AXIS2_PLACEMENT_3D('',#2199,#1721,#1722);
#1422=AXIS2_PLACEMENT_3D('',#2201,#1723,#1724);
#1423=AXIS2_PLACEMENT_3D('',#2203,#1725,#1726);
#1424=AXIS2_PLACEMENT_3D('',#2205,#1727,#1728);
#1425=AXIS2_PLACEMENT_3D('',#2207,#1729,#1730);
#1426=AXIS2_PLACEMENT_3D('',#2209,#1731,#1732);
#1427=AXIS2_PLACEMENT_3D('',#2210,#1733,#1734);
#1428=AXIS2_PLACEMENT_3D('',#2212,#1735,#1736);
#1429=AXIS2_PLACEMENT_3D('',#2213,#1737,#1738);
#1430=AXIS2_PLACEMENT_3D('',#2215,#1739,#1740);
#1431=AXIS2_PLACEMENT_3D('',#2216,#1741,#1742);
#1432=AXIS2_PLACEMENT_3D('',#2218,#1743,#1744);
#1433=AXIS2_PLACEMENT_3D('',#2219,#1745,#1746);
#1434=AXIS2_PLACEMENT_3D('',#2221,#1747,#1748);
#1435=AXIS2_PLACEMENT_3D('',#2222,#1749,#1750);
#1436=AXIS2_PLACEMENT_3D('',#2224,#1751,#1752);
#1437=AXIS2_PLACEMENT_3D('',#2225,#1753,#1754);
#1438=AXIS2_PLACEMENT_3D('',#2227,#1755,#1756);
#1439=AXIS2_PLACEMENT_3D('',#2228,#1757,#1758);
#1440=AXIS2_PLACEMENT_3D('',#2230,#1759,#1760);
#1441=AXIS2_PLACEMENT_3D('',#2231,#1761,#1762);
#1442=AXIS2_PLACEMENT_3D('',#2232,#1763,#1764);
#1443=AXIS2_PLACEMENT_3D('',#2234,#1765,#1766);
#1444=AXIS2_PLACEMENT_3D('',#2235,#1767,#1768);
#1445=AXIS2_PLACEMENT_3D('',#2236,#1769,#1770);
#1446=AXIS2_PLACEMENT_3D('',#2238,#1771,#1772);
#1447=AXIS2_PLACEMENT_3D('',#2239,#1773,#1774);
#1448=AXIS2_PLACEMENT_3D('',#2240,#1775,#1776);
#1449=AXIS2_PLACEMENT_3D('',#2242,#1777,#1778);
#1450=AXIS2_PLACEMENT_3D('',#2243,#1779,#1780);
#1451=AXIS2_PLACEMENT_3D('',#2244,#1781,#1782);
#1452=AXIS2_PLACEMENT_3D('',#2246,#1783,#1784);
#1453=AXIS2_PLACEMENT_3D('',#2247,#1785,#1786);
#1454=AXIS2_PLACEMENT_3D('',#2248,#1787,#1788);
#1455=AXIS2_PLACEMENT_3D('',#2250,#1789,#1790);
#1456=AXIS2_PLACEMENT_3D('',#2251,#1791,#1792);
#1457=AXIS2_PLACEMENT_3D('',#2252,#1793,#1794);
#1458=AXIS2_PLACEMENT_3D('',#2262,#1796,#1797);
#1459=AXIS2_PLACEMENT_3D('',#2270,#1799,#1800);
#1460=AXIS2_PLACEMENT_3D('',#2271,#1801,#1802);
#1461=AXIS2_PLACEMENT_3D('',#2272,#1803,#1804);
#1462=AXIS2_PLACEMENT_3D('',#2273,#1805,#1806);
#1463=AXIS2_PLACEMENT_3D('',#2283,#1808,#1809);
#1464=AXIS2_PLACEMENT_3D('',#2291,#1811,#1812);
#1465=AXIS2_PLACEMENT_3D('',#2292,#1813,#1814);
#1466=AXIS2_PLACEMENT_3D('',#2293,#1815,#1816);
#1467=AXIS2_PLACEMENT_3D('',#2294,#1817,#1818);
#1468=AXIS2_PLACEMENT_3D('',#2304,#1820,#1821);
#1469=AXIS2_PLACEMENT_3D('',#2312,#1823,#1824);
#1470=AXIS2_PLACEMENT_3D('',#2313,#1825,#1826);
#1471=AXIS2_PLACEMENT_3D('',#2314,#1827,#1828);
#1472=AXIS2_PLACEMENT_3D('',#2315,#1829,#1830);
#1473=AXIS2_PLACEMENT_3D('',#2325,#1832,#1833);
#1474=AXIS2_PLACEMENT_3D('',#2333,#1835,#1836);
#1475=AXIS2_PLACEMENT_3D('',#2334,#1837,#1838);
#1476=AXIS2_PLACEMENT_3D('',#2335,#1839,#1840);
#1477=AXIS2_PLACEMENT_3D('',#2336,#1841,#1842);
#1478=AXIS2_PLACEMENT_3D('',#2346,#1844,#1845);
#1479=AXIS2_PLACEMENT_3D('',#2354,#1847,#1848);
#1480=AXIS2_PLACEMENT_3D('',#2355,#1849,#1850);
#1481=AXIS2_PLACEMENT_3D('',#2356,#1851,#1852);
#1482=AXIS2_PLACEMENT_3D('',#2357,#1853,#1854);
#1483=AXIS2_PLACEMENT_3D('',#2367,#1856,#1857);
#1484=AXIS2_PLACEMENT_3D('',#2375,#1859,#1860);
#1485=AXIS2_PLACEMENT_3D('',#2376,#1861,#1862);
#1486=AXIS2_PLACEMENT_3D('',#2377,#1863,#1864);
#1487=AXIS2_PLACEMENT_3D('',#2378,#1865,#1866);
#1488=AXIS2_PLACEMENT_3D('',#2380,#1867,#1868);
#1489=AXIS2_PLACEMENT_3D('',#2381,#1869,#1870);
#1490=AXIS2_PLACEMENT_3D('',#2382,#1871,#1872);
#1491=AXIS2_PLACEMENT_3D('',#2384,#1873,#1874);
#1492=AXIS2_PLACEMENT_3D('',#2385,#1875,#1876);
#1493=AXIS2_PLACEMENT_3D('',#2386,#1877,#1878);
#1494=AXIS2_PLACEMENT_3D('',#2388,#1879,#1880);
#1495=AXIS2_PLACEMENT_3D('',#2389,#1881,#1882);
#1496=AXIS2_PLACEMENT_3D('',#2390,#1883,#1884);
#1497=AXIS2_PLACEMENT_3D('',#2392,#1885,#1886);
#1498=AXIS2_PLACEMENT_3D('',#2393,#1887,#1888);
#1499=AXIS2_PLACEMENT_3D('',#2394,#1889,#1890);
#1500=AXIS2_PLACEMENT_3D('',#2396,#1891,#1892);
#1501=AXIS2_PLACEMENT_3D('',#2397,#1893,#1894);
#1502=AXIS2_PLACEMENT_3D('',#2398,#1895,#1896);
#1503=AXIS2_PLACEMENT_3D('',#2400,#1897,#1898);
#1504=AXIS2_PLACEMENT_3D('',#2401,#1899,#1900);
#1505=AXIS2_PLACEMENT_3D('',#2412,#1901,#1902);
#1506=AXIS2_PLACEMENT_3D('',#2413,#1903,#1904);
#1507=AXIS2_PLACEMENT_3D('',#2414,#1905,#1906);
#1508=AXIS2_PLACEMENT_3D('',#2415,#1907,#1908);
#1509=AXIS2_PLACEMENT_3D('',#2416,#1909,#1910);
#1510=AXIS2_PLACEMENT_3D('',#2417,#1911,#1912);
#1511=AXIS2_PLACEMENT_3D('',#2418,#1913,#1914);
#1512=AXIS2_PLACEMENT_3D('',#2419,#1915,#1916);
#1513=AXIS2_PLACEMENT_3D('',#2420,#1917,#1918);
#1514=AXIS2_PLACEMENT_3D('',#2421,#1919,#1920);
#1515=AXIS2_PLACEMENT_3D('',#2422,#1921,#1922);
#1516=AXIS2_PLACEMENT_3D('',#2423,#1923,#1924);
#1517=AXIS2_PLACEMENT_3D('',#2424,#1925,#1926);
#1518=AXIS2_PLACEMENT_3D('',#2430,#1927,#1928);
#1519=AXIS2_PLACEMENT_3D('',#2431,#1929,#1930);
#1520=AXIS2_PLACEMENT_3D('',#2432,#1931,#1932);
#1521=AXIS2_PLACEMENT_3D('',#2433,#1933,#1934);
#1522=AXIS2_PLACEMENT_3D('',#2434,#1935,#1936);
#1523=AXIS2_PLACEMENT_3D('',#2440,#1937,#1938);
#1524=AXIS2_PLACEMENT_3D('',#2441,#1939,#1940);
#1525=AXIS2_PLACEMENT_3D('',#2447,#1941,#1942);
#1526=AXIS2_PLACEMENT_3D('',#2448,#1943,#1944);
#1527=AXIS2_PLACEMENT_3D('',#2449,#1945,#1946);
#1528=AXIS2_PLACEMENT_3D('',#2450,#1947,#1948);
#1529=AXIS2_PLACEMENT_3D('',#2451,#1949,#1950);
#1530=AXIS2_PLACEMENT_3D('',#2457,#1951,#1952);
#1531=AXIS2_PLACEMENT_3D('',#2458,#1953,#1954);
#1532=AXIS2_PLACEMENT_3D('',#2459,#1955,#1956);
#1533=AXIS2_PLACEMENT_3D('',#2460,#1957,#1958);
#1534=AXIS2_PLACEMENT_3D('',#2461,#1959,#1960);
#1535=AXIS2_PLACEMENT_3D('',#2462,#1961,#1962);
#1536=AXIS2_PLACEMENT_3D('',#2463,#1963,#1964);
#1537=AXIS2_PLACEMENT_3D('',#2464,#1965,#1966);
#1538=AXIS2_PLACEMENT_3D('',#2465,#1967,#1968);
#1539=AXIS2_PLACEMENT_3D('',#2466,#1969,#1970);
#1540=AXIS2_PLACEMENT_3D('',#2467,#1971,#1972);
#1541=AXIS2_PLACEMENT_3D('',#2468,#1973,#1974);
#1542=AXIS2_PLACEMENT_3D('',#2469,#1975,#1976);
#1543=AXIS2_PLACEMENT_3D('',#2470,#1977,#1978);
#1544=AXIS2_PLACEMENT_3D('',#2476,#1979,#1980);
#1545=AXIS2_PLACEMENT_3D('',#2477,#1981,#1982);
#1546=AXIS2_PLACEMENT_3D('',#2478,#1983,#1984);
#1547=AXIS2_PLACEMENT_3D('',#2479,#1985,#1986);
#1548=AXIS2_PLACEMENT_3D('',#2480,#1987,#1988);
#1549=AXIS2_PLACEMENT_3D('',#2486,#1989,#1990);
#1550=AXIS2_PLACEMENT_3D('',#2487,#1991,#1992);
#1551=AXIS2_PLACEMENT_3D('',#2493,#1993,#1994);
#1552=AXIS2_PLACEMENT_3D('',#2494,#1995,#1996);
#1553=AXIS2_PLACEMENT_3D('',#2495,#1997,#1998);
#1554=AXIS2_PLACEMENT_3D('',#2496,#1999,#2000);
#1555=AXIS2_PLACEMENT_3D('',#2497,#2001,#2002);
#1556=AXIS2_PLACEMENT_3D('',#2503,#2003,#2004);
#1557=AXIS2_PLACEMENT_3D('',#2504,#2005,#2006);
#1558=AXIS2_PLACEMENT_3D('',#2505,#2007,#2008);
#1559=AXIS2_PLACEMENT_3D('',#2506,#2009,#2010);
#1560=AXIS2_PLACEMENT_3D('',#2507,#2011,#2012);
#1561=AXIS2_PLACEMENT_3D('',#2508,#2013,#2014);
#1562=AXIS2_PLACEMENT_3D('',#2509,#2015,#2016);
#1563=AXIS2_PLACEMENT_3D('',#2510,#2017,#2018);
#1564=AXIS2_PLACEMENT_3D('',#2511,#2019,#2020);
#1565=AXIS2_PLACEMENT_3D('',#2512,#2021,#2022);
#1566=AXIS2_PLACEMENT_3D('',#2513,#2023,#2024);
#1567=AXIS2_PLACEMENT_3D('',#2514,#2025,#2026);
#1568=AXIS2_PLACEMENT_3D('',#2515,#2027,#2028);
#1569=AXIS2_PLACEMENT_3D('',#2526,#2029,#2030);
#1570=AXIS2_PLACEMENT_3D('',#2527,#2031,#2032);
#1571=AXIS2_PLACEMENT_3D('',#2528,#2033,#2034);
#1572=AXIS2_PLACEMENT_3D('',#2529,#2035,#2036);
#1573=AXIS2_PLACEMENT_3D('',#2530,#2037,#2038);
#1574=AXIS2_PLACEMENT_3D('',#2531,#2039,#2040);
#1575=AXIS2_PLACEMENT_3D('',#2532,#2041,#2042);
#1576=AXIS2_PLACEMENT_3D('',#2533,#2043,#2044);
#1577=AXIS2_PLACEMENT_3D('',#2534,#2045,#2046);
#1578=AXIS2_PLACEMENT_3D('',#2535,#2047,#2048);
#1579=AXIS2_PLACEMENT_3D('',#2536,#2049,#2050);
#1580=AXIS2_PLACEMENT_3D('',#2537,#2051,#2052);
#1581=AXIS2_PLACEMENT_3D('',#2538,#2053,#2054);
#1582=AXIS2_PLACEMENT_3D('',#2539,#2055,#2056);
#1583=DIRECTION('',(0.,0.,1.));
#1584=DIRECTION('',(1.,0.,0.));
#1585=DIRECTION('',(0.,1.,0.));
#1586=DIRECTION('',(0.,0.,1.));
#1587=DIRECTION('',(0.,-1.,0.));
#1588=DIRECTION('',(0.,0.,-1.));
#1589=DIRECTION('',(0.,-1.,0.));
#1590=DIRECTION('',(0.,0.,-1.));
#1591=DIRECTION('',(0.,-1.,0.));
#1592=DIRECTION('',(0.,0.,-1.));
#1593=DIRECTION('',(0.,-1.,0.));
#1594=DIRECTION('',(0.,0.,-1.));
#1595=DIRECTION('',(0.,-1.,0.));
#1596=DIRECTION('',(0.,0.,-1.));
#1597=DIRECTION('',(0.,-1.,0.));
#1598=DIRECTION('',(0.,0.,-1.));
#1599=DIRECTION('',(0.,1.,0.));
#1600=DIRECTION('',(0.,0.,1.));
#1601=DIRECTION('',(0.,1.,0.));
#1602=DIRECTION('',(0.,0.,1.));
#1603=DIRECTION('',(0.,1.,0.));
#1604=DIRECTION('',(0.,0.,1.));
#1605=DIRECTION('',(0.,1.,0.));
#1606=DIRECTION('',(0.,0.,1.));
#1607=DIRECTION('',(0.,1.,0.));
#1608=DIRECTION('',(0.,0.,1.));
#1609=DIRECTION('',(0.,1.,0.));
#1610=DIRECTION('',(0.,0.,1.));
#1611=DIRECTION('',(0.,1.,0.));
#1612=DIRECTION('',(0.,0.,1.));
#1613=DIRECTION('',(0.,1.,0.));
#1614=DIRECTION('',(0.,0.,1.));
#1615=DIRECTION('',(0.,1.,0.));
#1616=DIRECTION('',(0.,0.,1.));
#1617=DIRECTION('',(0.,1.,0.));
#1618=DIRECTION('',(0.,0.,1.));
#1619=DIRECTION('',(0.,1.,0.));
#1620=DIRECTION('',(0.,0.,1.));
#1621=DIRECTION('',(0.,1.,0.));
#1622=DIRECTION('',(0.,0.,1.));
#1623=DIRECTION('',(0.,1.,0.));
#1624=DIRECTION('',(0.,0.,1.));
#1625=DIRECTION('',(0.,1.,0.));
#1626=DIRECTION('',(0.,0.,1.));
#1627=DIRECTION('',(0.,1.,0.));
#1628=DIRECTION('',(0.,0.,1.));
#1629=DIRECTION('',(0.,1.,0.));
#1630=DIRECTION('',(0.,0.,1.));
#1631=DIRECTION('',(0.,1.,0.));
#1632=DIRECTION('',(0.,0.,1.));
#1633=DIRECTION('',(0.,1.,0.));
#1634=DIRECTION('',(0.,0.,1.));
#1635=DIRECTION('',(0.,1.,0.));
#1636=DIRECTION('',(0.,0.,1.));
#1637=DIRECTION('',(0.,1.,0.));
#1638=DIRECTION('',(0.,0.,1.));
#1639=DIRECTION('',(0.,1.,0.));
#1640=DIRECTION('',(0.,0.,1.));
#1641=DIRECTION('',(0.,1.,0.));
#1642=DIRECTION('',(0.,0.,1.));
#1643=DIRECTION('',(0.,1.,0.));
#1644=DIRECTION('',(0.,0.,1.));
#1645=DIRECTION('',(0.,1.,0.));
#1646=DIRECTION('',(0.,0.,1.));
#1647=DIRECTION('',(0.,1.,0.));
#1648=DIRECTION('',(0.,0.,1.));
#1649=DIRECTION('',(0.,1.,0.));
#1650=DIRECTION('',(0.,0.,1.));
#1651=DIRECTION('',(0.,1.,0.));
#1652=DIRECTION('',(0.,0.,1.));
#1653=DIRECTION('',(0.,1.,0.));
#1654=DIRECTION('',(0.,0.,1.));
#1655=DIRECTION('',(0.,1.,0.));
#1656=DIRECTION('',(0.,0.,1.));
#1657=DIRECTION('',(0.,1.,0.));
#1658=DIRECTION('',(0.,0.,1.));
#1659=DIRECTION('',(0.,-1.,0.));
#1660=DIRECTION('',(0.,0.,-1.));
#1661=DIRECTION('',(0.,1.,0.));
#1662=DIRECTION('',(0.,0.,1.));
#1663=DIRECTION('',(0.,1.,0.));
#1664=DIRECTION('',(0.,0.,1.));
#1665=DIRECTION('',(0.,-1.,0.));
#1666=DIRECTION('',(0.,1.,0.));
#1667=DIRECTION('',(0.,0.,1.));
#1668=DIRECTION('',(0.,-1.,0.));
#1669=DIRECTION('',(0.,1.,0.));
#1670=DIRECTION('',(0.,0.,1.));
#1671=DIRECTION('',(0.,-1.,0.));
#1672=DIRECTION('',(0.,1.,0.));
#1673=DIRECTION('',(0.,0.,1.));
#1674=DIRECTION('',(0.,-1.,0.));
#1675=DIRECTION('',(0.,1.,0.));
#1676=DIRECTION('',(0.,0.,1.));
#1677=DIRECTION('',(0.,-1.,0.));
#1678=DIRECTION('',(0.,1.,0.));
#1679=DIRECTION('',(0.,0.,1.));
#1680=DIRECTION('',(0.,-1.,0.));
#1681=DIRECTION('',(0.,1.,0.));
#1682=DIRECTION('',(0.,0.,1.));
#1683=DIRECTION('',(0.,-1.,0.));
#1684=DIRECTION('',(0.,1.,0.));
#1685=DIRECTION('',(0.,0.,1.));
#1686=DIRECTION('',(0.,-1.,0.));
#1687=DIRECTION('',(0.,1.,0.));
#1688=DIRECTION('',(0.,0.,1.));
#1689=DIRECTION('',(0.,-1.,0.));
#1690=DIRECTION('',(0.,1.,0.));
#1691=DIRECTION('',(0.,0.,1.));
#1692=DIRECTION('',(0.,-1.,0.));
#1693=DIRECTION('',(0.,1.,0.));
#1694=DIRECTION('',(0.,0.,1.));
#1695=DIRECTION('',(0.,-1.,0.));
#1696=DIRECTION('',(0.,1.,0.));
#1697=DIRECTION('',(0.,0.,1.));
#1698=DIRECTION('',(0.,-1.,0.));
#1699=DIRECTION('',(0.,1.,0.));
#1700=DIRECTION('',(0.,0.,1.));
#1701=DIRECTION('',(0.,1.,0.));
#1702=DIRECTION('',(0.,0.,1.));
#1703=DIRECTION('',(0.,1.,0.));
#1704=DIRECTION('',(0.,0.,1.));
#1705=DIRECTION('',(0.,1.,0.));
#1706=DIRECTION('',(0.,0.,1.));
#1707=DIRECTION('',(0.,1.,0.));
#1708=DIRECTION('',(0.,0.,1.));
#1709=DIRECTION('',(0.,1.,0.));
#1710=DIRECTION('',(0.,0.,1.));
#1711=DIRECTION('',(0.,1.,0.));
#1712=DIRECTION('',(0.,0.,1.));
#1713=DIRECTION('',(0.,1.,0.));
#1714=DIRECTION('',(0.,0.,1.));
#1715=DIRECTION('',(0.,1.,0.));
#1716=DIRECTION('',(0.,0.,1.));
#1717=DIRECTION('',(0.,1.,0.));
#1718=DIRECTION('',(0.,0.,1.));
#1719=DIRECTION('',(0.,-1.,0.));
#1720=DIRECTION('',(0.,0.,-1.));
#1721=DIRECTION('',(0.,-1.,0.));
#1722=DIRECTION('',(0.,0.,-1.));
#1723=DIRECTION('',(0.,-1.,0.));
#1724=DIRECTION('',(0.,0.,-1.));
#1725=DIRECTION('',(0.,-1.,0.));
#1726=DIRECTION('',(0.,0.,-1.));
#1727=DIRECTION('',(0.,-1.,0.));
#1728=DIRECTION('',(0.,0.,-1.));
#1729=DIRECTION('',(0.,-1.,0.));
#1730=DIRECTION('',(0.,0.,-1.));
#1731=DIRECTION('',(0.,-1.,0.));
#1732=DIRECTION('',(0.,0.,-1.));
#1733=DIRECTION('',(0.,-1.,0.));
#1734=DIRECTION('',(0.,0.,-1.));
#1735=DIRECTION('',(0.,-1.,0.));
#1736=DIRECTION('',(0.,0.,-1.));
#1737=DIRECTION('',(0.,-1.,0.));
#1738=DIRECTION('',(0.,0.,-1.));
#1739=DIRECTION('',(0.,-1.,0.));
#1740=DIRECTION('',(0.,0.,-1.));
#1741=DIRECTION('',(0.,-1.,0.));
#1742=DIRECTION('',(0.,0.,-1.));
#1743=DIRECTION('',(0.,-1.,0.));
#1744=DIRECTION('',(0.,0.,-1.));
#1745=DIRECTION('',(0.,-1.,0.));
#1746=DIRECTION('',(0.,0.,-1.));
#1747=DIRECTION('',(0.,-1.,0.));
#1748=DIRECTION('',(0.,0.,-1.));
#1749=DIRECTION('',(0.,-1.,0.));
#1750=DIRECTION('',(0.,0.,-1.));
#1751=DIRECTION('',(0.,-1.,0.));
#1752=DIRECTION('',(0.,0.,-1.));
#1753=DIRECTION('',(0.,-1.,0.));
#1754=DIRECTION('',(0.,0.,-1.));
#1755=DIRECTION('',(0.,-1.,0.));
#1756=DIRECTION('',(0.,0.,-1.));
#1757=DIRECTION('',(0.,-1.,0.));
#1758=DIRECTION('',(0.,0.,-1.));
#1759=DIRECTION('',(0.,-1.,0.));
#1760=DIRECTION('',(0.,0.,-1.));
#1761=DIRECTION('',(0.,-1.,0.));
#1762=DIRECTION('',(0.,0.,-1.));
#1763=DIRECTION('',(0.,-1.,0.));
#1764=DIRECTION('',(0.,0.,-1.));
#1765=DIRECTION('',(0.,-1.,0.));
#1766=DIRECTION('',(0.,0.,-1.));
#1767=DIRECTION('',(0.,-1.,0.));
#1768=DIRECTION('',(0.,0.,-1.));
#1769=DIRECTION('',(0.,-1.,0.));
#1770=DIRECTION('',(0.,0.,-1.));
#1771=DIRECTION('',(0.,-1.,0.));
#1772=DIRECTION('',(0.,0.,-1.));
#1773=DIRECTION('',(0.,-1.,0.));
#1774=DIRECTION('',(0.,0.,-1.));
#1775=DIRECTION('',(0.,-1.,0.));
#1776=DIRECTION('',(0.,0.,-1.));
#1777=DIRECTION('',(0.,-1.,0.));
#1778=DIRECTION('',(0.,0.,-1.));
#1779=DIRECTION('',(0.,-1.,0.));
#1780=DIRECTION('',(0.,0.,-1.));
#1781=DIRECTION('',(0.,-1.,0.));
#1782=DIRECTION('',(0.,0.,-1.));
#1783=DIRECTION('',(0.,-1.,0.));
#1784=DIRECTION('',(0.,0.,-1.));
#1785=DIRECTION('',(0.,-1.,0.));
#1786=DIRECTION('',(0.,0.,-1.));
#1787=DIRECTION('',(0.,-1.,0.));
#1788=DIRECTION('',(0.,0.,-1.));
#1789=DIRECTION('',(0.,-1.,0.));
#1790=DIRECTION('',(0.,0.,-1.));
#1791=DIRECTION('',(0.,1.,0.));
#1792=DIRECTION('',(0.,0.,1.));
#1793=DIRECTION('',(0.,1.,0.));
#1794=DIRECTION('',(0.,0.,1.));
#1795=DIRECTION('',(0.,1.,0.));
#1796=DIRECTION('',(0.,1.,0.));
#1797=DIRECTION('',(0.,0.,1.));
#1798=DIRECTION('',(0.,1.,0.));
#1799=DIRECTION('',(0.,1.,0.));
#1800=DIRECTION('',(0.,0.,1.));
#1801=DIRECTION('',(0.,1.,0.));
#1802=DIRECTION('',(0.,0.,1.));
#1803=DIRECTION('',(0.,1.,0.));
#1804=DIRECTION('',(0.,0.,1.));
#1805=DIRECTION('',(0.,1.,0.));
#1806=DIRECTION('',(0.,0.,1.));
#1807=DIRECTION('',(0.,1.,0.));
#1808=DIRECTION('',(0.,1.,0.));
#1809=DIRECTION('',(0.,0.,1.));
#1810=DIRECTION('',(0.,1.,0.));
#1811=DIRECTION('',(0.,1.,0.));
#1812=DIRECTION('',(0.,0.,1.));
#1813=DIRECTION('',(0.,1.,0.));
#1814=DIRECTION('',(0.,0.,1.));
#1815=DIRECTION('',(0.,1.,0.));
#1816=DIRECTION('',(0.,0.,1.));
#1817=DIRECTION('',(0.,1.,0.));
#1818=DIRECTION('',(0.,0.,1.));
#1819=DIRECTION('',(0.,1.,0.));
#1820=DIRECTION('',(0.,1.,0.));
#1821=DIRECTION('',(0.,0.,1.));
#1822=DIRECTION('',(0.,1.,0.));
#1823=DIRECTION('',(0.,1.,0.));
#1824=DIRECTION('',(0.,0.,1.));
#1825=DIRECTION('',(0.,1.,0.));
#1826=DIRECTION('',(0.,0.,1.));
#1827=DIRECTION('',(0.,1.,0.));
#1828=DIRECTION('',(0.,0.,1.));
#1829=DIRECTION('',(0.,1.,0.));
#1830=DIRECTION('',(0.,0.,1.));
#1831=DIRECTION('',(0.,1.,0.));
#1832=DIRECTION('',(0.,1.,0.));
#1833=DIRECTION('',(0.,0.,1.));
#1834=DIRECTION('',(0.,1.,0.));
#1835=DIRECTION('',(0.,1.,0.));
#1836=DIRECTION('',(0.,0.,1.));
#1837=DIRECTION('',(0.,1.,0.));
#1838=DIRECTION('',(0.,0.,1.));
#1839=DIRECTION('',(0.,1.,0.));
#1840=DIRECTION('',(0.,0.,1.));
#1841=DIRECTION('',(0.,1.,0.));
#1842=DIRECTION('',(0.,0.,1.));
#1843=DIRECTION('',(0.,1.,0.));
#1844=DIRECTION('',(0.,1.,0.));
#1845=DIRECTION('',(0.,0.,1.));
#1846=DIRECTION('',(0.,1.,0.));
#1847=DIRECTION('',(0.,1.,0.));
#1848=DIRECTION('',(0.,0.,1.));
#1849=DIRECTION('',(0.,1.,0.));
#1850=DIRECTION('',(0.,0.,1.));
#1851=DIRECTION('',(0.,1.,0.));
#1852=DIRECTION('',(0.,0.,1.));
#1853=DIRECTION('',(0.,1.,0.));
#1854=DIRECTION('',(0.,0.,1.));
#1855=DIRECTION('',(0.,1.,0.));
#1856=DIRECTION('',(0.,1.,0.));
#1857=DIRECTION('',(0.,0.,1.));
#1858=DIRECTION('',(0.,1.,0.));
#1859=DIRECTION('',(0.,1.,0.));
#1860=DIRECTION('',(0.,0.,1.));
#1861=DIRECTION('',(0.,1.,0.));
#1862=DIRECTION('',(0.,0.,1.));
#1863=DIRECTION('',(0.,1.,0.));
#1864=DIRECTION('',(0.,0.,1.));
#1865=DIRECTION('',(0.,1.,0.));
#1866=DIRECTION('',(0.,0.,1.));
#1867=DIRECTION('',(0.,1.,0.));
#1868=DIRECTION('',(0.,0.,1.));
#1869=DIRECTION('',(0.,1.,0.));
#1870=DIRECTION('',(0.,0.,1.));
#1871=DIRECTION('',(0.,1.,0.));
#1872=DIRECTION('',(0.,0.,1.));
#1873=DIRECTION('',(0.,1.,0.));
#1874=DIRECTION('',(0.,0.,1.));
#1875=DIRECTION('',(0.,1.,0.));
#1876=DIRECTION('',(0.,0.,1.));
#1877=DIRECTION('',(0.,1.,0.));
#1878=DIRECTION('',(0.,0.,1.));
#1879=DIRECTION('',(0.,1.,0.));
#1880=DIRECTION('',(0.,0.,1.));
#1881=DIRECTION('',(0.,1.,0.));
#1882=DIRECTION('',(0.,0.,1.));
#1883=DIRECTION('',(0.,1.,0.));
#1884=DIRECTION('',(0.,0.,1.));
#1885=DIRECTION('',(0.,1.,0.));
#1886=DIRECTION('',(0.,0.,1.));
#1887=DIRECTION('',(0.,1.,0.));
#1888=DIRECTION('',(0.,0.,1.));
#1889=DIRECTION('',(0.,1.,0.));
#1890=DIRECTION('',(0.,0.,1.));
#1891=DIRECTION('',(0.,1.,0.));
#1892=DIRECTION('',(0.,0.,1.));
#1893=DIRECTION('',(0.,1.,0.));
#1894=DIRECTION('',(0.,0.,1.));
#1895=DIRECTION('',(0.,1.,0.));
#1896=DIRECTION('',(0.,0.,1.));
#1897=DIRECTION('',(0.,1.,0.));
#1898=DIRECTION('',(0.,0.,1.));
#1899=DIRECTION('',(0.,1.,0.));
#1900=DIRECTION('',(0.,0.,1.));
#1901=DIRECTION('',(0.,-1.,0.));
#1902=DIRECTION('',(0.,0.,-1.));
#1903=DIRECTION('',(0.,1.,0.));
#1904=DIRECTION('',(0.,0.,1.));
#1905=DIRECTION('',(0.,1.,0.));
#1906=DIRECTION('',(0.,0.,1.));
#1907=DIRECTION('',(0.674584639640193,0.,0.73819751012958));
#1908=DIRECTION('',(0.73819751012958,0.,-0.674584639640193));
#1909=DIRECTION('',(0.30200547696254,0.,0.953306189995968));
#1910=DIRECTION('',(0.953306189995968,0.,-0.30200547696254));
#1911=DIRECTION('',(0.,-1.,0.));
#1912=DIRECTION('',(0.,0.,-1.));
#1913=DIRECTION('',(0.,1.,0.));
#1914=DIRECTION('',(0.,0.,1.));
#1915=DIRECTION('',(0.,1.,0.));
#1916=DIRECTION('',(0.,0.,1.));
#1917=DIRECTION('',(0.756638594790199,0.,-0.653833340289337));
#1918=DIRECTION('',(-0.653833340289337,0.,-0.756638594790199));
#1919=DIRECTION('',(0.,1.,0.));
#1920=DIRECTION('',(0.,0.,1.));
#1921=DIRECTION('',(-0.944555579926901,0.,0.328351574427404));
#1922=DIRECTION('',(0.328351574427404,0.,0.944555579926901));
#1923=DIRECTION('',(0.,-1.,0.));
#1924=DIRECTION('',(0.,0.,-1.));
#1925=DIRECTION('',(0.,1.,0.));
#1926=DIRECTION('',(0.,0.,1.));
#1927=DIRECTION('',(0.,1.,0.));
#1928=DIRECTION('',(0.,0.,1.));
#1929=DIRECTION('',(-0.187916985136702,0.,0.982184914716742));
#1930=DIRECTION('',(0.982184914716741,0.,0.187916985136702));
#1931=DIRECTION('',(0.,1.,0.));
#1932=DIRECTION('',(0.,0.,1.));
#1933=DIRECTION('',(0.944555579926901,2.49672184898878E-16,0.328351574427404));
#1934=DIRECTION('',(0.328351574427404,0.,-0.944555579926901));
#1935=DIRECTION('',(0.,-1.,0.));
#1936=DIRECTION('',(0.,0.,-1.));
#1937=DIRECTION('',(0.,1.,0.));
#1938=DIRECTION('',(0.,0.,1.));
#1939=DIRECTION('',(0.,1.,0.));
#1940=DIRECTION('',(0.,0.,1.));
#1941=DIRECTION('',(0.,1.,0.));
#1942=DIRECTION('',(0.,0.,1.));
#1943=DIRECTION('',(0.976590116602733,9.32885192126505E-17,-0.215108679866388));
#1944=DIRECTION('',(-0.215108679866388,0.,-0.976590116602733));
#1945=DIRECTION('',(0.,1.,0.));
#1946=DIRECTION('',(0.,0.,1.));
#1947=DIRECTION('',(-0.674584639640194,0.,0.738197510129579));
#1948=DIRECTION('',(0.738197510129579,0.,0.674584639640194));
#1949=DIRECTION('',(0.,1.,0.));
#1950=DIRECTION('',(0.,0.,1.));
#1951=DIRECTION('',(0.,-1.,0.));
#1952=DIRECTION('',(0.,0.,-1.));
#1953=DIRECTION('',(0.,1.,0.));
#1954=DIRECTION('',(0.,0.,1.));
#1955=DIRECTION('',(0.,1.,0.));
#1956=DIRECTION('',(0.,0.,1.));
#1957=DIRECTION('',(0.976590116602733,0.,0.215108679866387));
#1958=DIRECTION('',(0.215108679866387,0.,-0.976590116602733));
#1959=DIRECTION('',(0.,1.,0.));
#1960=DIRECTION('',(0.,0.,1.));
#1961=DIRECTION('',(-0.30200547696254,0.,0.953306189995968));
#1962=DIRECTION('',(0.953306189995968,0.,0.30200547696254));
#1963=DIRECTION('',(0.,-1.,0.));
#1964=DIRECTION('',(0.,0.,-1.));
#1965=DIRECTION('',(0.,1.,0.));
#1966=DIRECTION('',(0.,0.,1.));
#1967=DIRECTION('',(0.,1.,0.));
#1968=DIRECTION('',(0.,0.,1.));
#1969=DIRECTION('',(-0.187916985136701,-9.99708016759316E-17,-0.982184914716742));
#1970=DIRECTION('',(-0.982184914716742,0.,0.187916985136701));
#1971=DIRECTION('',(0.,1.,0.));
#1972=DIRECTION('',(0.,0.,1.));
#1973=DIRECTION('',(-0.7566385947902,0.,-0.653833340289336));
#1974=DIRECTION('',(-0.653833340289336,0.,0.7566385947902));
#1975=DIRECTION('',(0.,-1.,0.));
#1976=DIRECTION('',(0.,0.,-1.));
#1977=DIRECTION('',(0.,1.,0.));
#1978=DIRECTION('',(0.,0.,1.));
#1979=DIRECTION('',(0.,1.,0.));
#1980=DIRECTION('',(0.,0.,1.));
#1981=DIRECTION('',(0.7566385947902,0.,0.653833340289336));
#1982=DIRECTION('',(0.653833340289336,0.,-0.7566385947902));
#1983=DIRECTION('',(0.,1.,0.));
#1984=DIRECTION('',(0.,0.,1.));
#1985=DIRECTION('',(0.187916985136701,-9.99708016759316E-17,0.982184914716742));
#1986=DIRECTION('',(0.982184914716742,0.,-0.187916985136701));
#1987=DIRECTION('',(0.,-1.,0.));
#1988=DIRECTION('',(0.,0.,-1.));
#1989=DIRECTION('',(0.,1.,0.));
#1990=DIRECTION('',(0.,0.,1.));
#1991=DIRECTION('',(0.,1.,0.));
#1992=DIRECTION('',(0.,0.,1.));
#1993=DIRECTION('',(0.,1.,0.));
#1994=DIRECTION('',(0.,0.,1.));
#1995=DIRECTION('',(0.30200547696254,0.,-0.953306189995968));
#1996=DIRECTION('',(-0.953306189995968,0.,-0.30200547696254));
#1997=DIRECTION('',(0.,1.,0.));
#1998=DIRECTION('',(0.,0.,1.));
#1999=DIRECTION('',(-0.976590116602733,0.,-0.215108679866387));
#2000=DIRECTION('',(-0.215108679866387,0.,0.976590116602733));
#2001=DIRECTION('',(0.,1.,0.));
#2002=DIRECTION('',(0.,0.,1.));
#2003=DIRECTION('',(0.,-1.,0.));
#2004=DIRECTION('',(0.,0.,-1.));
#2005=DIRECTION('',(0.,1.,0.));
#2006=DIRECTION('',(0.,0.,1.));
#2007=DIRECTION('',(0.,1.,0.));
#2008=DIRECTION('',(0.,0.,1.));
#2009=DIRECTION('',(0.674584639640192,0.,-0.73819751012958));
#2010=DIRECTION('',(-0.73819751012958,0.,-0.674584639640192));
#2011=DIRECTION('',(0.,1.,0.));
#2012=DIRECTION('',(0.,0.,1.));
#2013=DIRECTION('',(-0.976590116602733,1.39932778818976E-16,0.215108679866388));
#2014=DIRECTION('',(0.215108679866388,0.,0.976590116602733));
#2015=DIRECTION('',(0.,-1.,0.));
#2016=DIRECTION('',(0.,0.,-1.));
#2017=DIRECTION('',(0.,1.,0.));
#2018=DIRECTION('',(0.,0.,1.));
#2019=DIRECTION('',(0.,1.,0.));
#2020=DIRECTION('',(0.,0.,1.));
#2021=DIRECTION('',(-0.944555579926901,2.49672184898878E-16,-0.328351574427404));
#2022=DIRECTION('',(-0.328351574427404,0.,0.944555579926901));
#2023=DIRECTION('',(0.,1.,0.));
#2024=DIRECTION('',(0.,0.,1.));
#2025=DIRECTION('',(0.187916985136702,0.,-0.982184914716742));
#2026=DIRECTION('',(-0.982184914716741,0.,-0.187916985136702));
#2027=DIRECTION('',(0.,1.,0.));
#2028=DIRECTION('',(0.,0.,1.));
#2029=DIRECTION('',(0.,-1.,0.));
#2030=DIRECTION('',(0.,0.,-1.));
#2031=DIRECTION('',(0.,1.,0.));
#2032=DIRECTION('',(0.,0.,1.));
#2033=DIRECTION('',(0.,1.,0.));
#2034=DIRECTION('',(0.,0.,1.));
#2035=DIRECTION('',(0.944555579926901,0.,-0.328351574427405));
#2036=DIRECTION('',(-0.328351574427405,0.,-0.944555579926901));
#2037=DIRECTION('',(0.,1.,0.));
#2038=DIRECTION('',(0.,0.,1.));
#2039=DIRECTION('',(-0.756638594790199,0.,0.653833340289337));
#2040=DIRECTION('',(0.653833340289337,0.,0.756638594790199));
#2041=DIRECTION('',(0.,-1.,0.));
#2042=DIRECTION('',(0.,0.,-1.));
#2043=DIRECTION('',(0.,1.,0.));
#2044=DIRECTION('',(0.,0.,1.));
#2045=DIRECTION('',(0.,1.,0.));
#2046=DIRECTION('',(0.,0.,1.));
#2047=DIRECTION('',(-0.674584639640194,-5.85108905458599E-16,-0.738197510129579));
#2048=DIRECTION('',(-0.738197510129579,0.,0.674584639640194));
#2049=DIRECTION('',(0.,1.,0.));
#2050=DIRECTION('',(0.,0.,1.));
#2051=DIRECTION('',(-0.30200547696254,0.,-0.953306189995968));
#2052=DIRECTION('',(-0.953306189995968,0.,0.30200547696254));
#2053=DIRECTION('',(0.,1.,0.));
#2054=DIRECTION('',(0.,0.,1.));
#2055=DIRECTION('',(0.,1.,0.));
#2056=DIRECTION('',(0.,0.,1.));
#2057=CARTESIAN_POINT('',(0.,0.,0.));
#2058=CARTESIAN_POINT('',(0.,8.,0.));
#2059=CARTESIAN_POINT('',(-7.79422863405995,8.,4.5));
#2060=CARTESIAN_POINT('',(-7.79422863405995,8.,1.6));
#2061=CARTESIAN_POINT('',(7.79422863405995,8.,4.5));
#2062=CARTESIAN_POINT('',(7.79422863405995,8.,1.6));
#2063=CARTESIAN_POINT('',(0.,8.,9.));
#2064=CARTESIAN_POINT('',(0.,8.,6.1));
#2065=CARTESIAN_POINT('',(-7.79422863405995,8.,-4.5));
#2066=CARTESIAN_POINT('',(-7.79422863405995,8.,-7.4));
#2067=CARTESIAN_POINT('',(0.,8.,-9.));
#2068=CARTESIAN_POINT('',(0.,8.,-11.9));
#2069=CARTESIAN_POINT('',(7.79422863405995,8.,-4.5));
#2070=CARTESIAN_POINT('',(7.79422863405995,8.,-7.4));
#2071=CARTESIAN_POINT('',(-15.89,8.,-27.5222873322695));
#2072=CARTESIAN_POINT('',(-15.89,8.,-25.2722873322695));
#2073=CARTESIAN_POINT('',(15.89,8.,-27.5222873322695));
#2074=CARTESIAN_POINT('',(15.89,8.,-25.2722873322695));
#2075=CARTESIAN_POINT('',(31.78,8.,-3.8919275276903E-15));
#2076=CARTESIAN_POINT('',(31.78,8.,2.25));
#2077=CARTESIAN_POINT('',(15.89,8.,27.5222873322695));
#2078=CARTESIAN_POINT('',(15.89,8.,29.7722873322695));
#2079=CARTESIAN_POINT('',(-15.89,8.,27.5222873322695));
#2080=CARTESIAN_POINT('',(-15.89,8.,29.7722873322695));
#2081=CARTESIAN_POINT('',(-31.78,8.,0.));
#2082=CARTESIAN_POINT('',(-31.78,8.,2.25));
#2083=CARTESIAN_POINT('',(22.0864902349738,8.,25.5592517320129));
#2084=CARTESIAN_POINT('',(19.4711568738165,8.,22.5326973528521));
#2085=CARTESIAN_POINT('',(18.2732654749899,8.,26.7672736398631));
#2086=CARTESIAN_POINT('',(0.,8.,0.));
#2087=CARTESIAN_POINT('',(29.2494667602646,8.,5.59616781737097));
#2088=CARTESIAN_POINT('',(33.1782064191315,8.,6.34783575791778));
#2089=CARTESIAN_POINT('',(32.317771699666,8.,2.44147529150684));
#2090=CARTESIAN_POINT('',(31.78,8.,-3.8919275276903E-15));
#2091=CARTESIAN_POINT('',(32.317771699666,8.,-2.44147529150685));
#2092=CARTESIAN_POINT('',(33.1782064191315,8.,-6.34783575791778));
#2093=CARTESIAN_POINT('',(29.2494667602646,8.,-5.59616781737097));
#2094=CARTESIAN_POINT('',(0.,8.,0.));
#2095=CARTESIAN_POINT('',(19.4711568738165,8.,-22.5326973528521));
#2096=CARTESIAN_POINT('',(22.0864902349738,8.,-25.5592517320129));
#2097=CARTESIAN_POINT('',(18.2732654749899,8.,-26.7672736398631));
#2098=CARTESIAN_POINT('',(15.89,8.,-27.5222873322695));
#2099=CARTESIAN_POINT('',(14.044506224676,8.,-29.2087489313699));
#2100=CARTESIAN_POINT('',(11.0917161841577,8.,-31.9070874899307));
#2101=CARTESIAN_POINT('',(9.7783098864481,8.,-28.1288651702231));
#2102=CARTESIAN_POINT('',(0.,8.,0.));
#2103=CARTESIAN_POINT('',(-9.77830988644811,8.,-28.1288651702231));
#2104=CARTESIAN_POINT('',(-11.0917161841577,8.,-31.9070874899307));
#2105=CARTESIAN_POINT('',(-14.0445062246761,8.,-29.2087489313699));
#2106=CARTESIAN_POINT('',(-15.89,8.,-27.5222873322695));
#2107=CARTESIAN_POINT('',(-18.2732654749899,8.,-26.7672736398631));
#2108=CARTESIAN_POINT('',(-22.0864902349738,8.,-25.5592517320129));
#2109=CARTESIAN_POINT('',(-19.4711568738165,8.,-22.5326973528521));
#2110=CARTESIAN_POINT('',(0.,8.,0.));
#2111=CARTESIAN_POINT('',(-29.2494667602646,8.,-5.59616781737098));
#2112=CARTESIAN_POINT('',(-33.1782064191315,8.,-6.34783575791778));
#2113=CARTESIAN_POINT('',(-32.317771699666,8.,-2.44147529150684));
#2114=CARTESIAN_POINT('',(-31.78,8.,0.));
#2115=CARTESIAN_POINT('',(-32.317771699666,8.,2.44147529150684));
#2116=CARTESIAN_POINT('',(-33.1782064191315,8.,6.34783575791777));
#2117=CARTESIAN_POINT('',(-29.2494667602646,8.,5.59616781737097));
#2118=CARTESIAN_POINT('',(0.,8.,0.));
#2119=CARTESIAN_POINT('',(-19.4711568738164,8.,22.5326973528522));
#2120=CARTESIAN_POINT('',(-22.0864902349738,8.,25.559251732013));
#2121=CARTESIAN_POINT('',(-18.2732654749899,8.,26.7672736398631));
#2122=CARTESIAN_POINT('',(-15.89,8.,27.5222873322695));
#2123=CARTESIAN_POINT('',(-14.044506224676,8.,29.20874893137));
#2124=CARTESIAN_POINT('',(-11.0917161841577,8.,31.9070874899307));
#2125=CARTESIAN_POINT('',(-9.77830988644808,8.,28.1288651702231));
#2126=CARTESIAN_POINT('',(0.,8.,0.));
#2127=CARTESIAN_POINT('',(9.77830988644811,8.,28.1288651702231));
#2128=CARTESIAN_POINT('',(11.0917161841577,8.,31.9070874899307));
#2129=CARTESIAN_POINT('',(14.0445062246761,8.,29.2087489313699));
#2130=CARTESIAN_POINT('',(15.89,8.,27.5222873322695));
#2131=CARTESIAN_POINT('',(0.,8.,0.));
#2132=CARTESIAN_POINT('',(0.,-9.8,0.));
#2133=CARTESIAN_POINT('',(0.,-9.8,31.78));
#2134=CARTESIAN_POINT('',(0.,6.,0.));
#2135=CARTESIAN_POINT('',(10.4350130353029,6.,30.0179763300769));
#2136=CARTESIAN_POINT('',(-10.4350130353029,6.,30.0179763300769));
#2137=CARTESIAN_POINT('',(-10.4350130353029,8.,30.0179763300769));
#2138=CARTESIAN_POINT('',(-10.4350130353029,-6.,30.0179763300769));
#2139=CARTESIAN_POINT('',(0.,-6.,0.));
#2140=CARTESIAN_POINT('',(-20.7788235543951,-6.,24.0459745424326));
#2141=CARTESIAN_POINT('',(-20.7788235543951,8.,24.0459745424326));
#2142=CARTESIAN_POINT('',(-20.7788235543951,6.,24.0459745424326));
#2143=CARTESIAN_POINT('',(0.,6.,0.));
#2144=CARTESIAN_POINT('',(-31.213836589698,6.,5.97200178764437));
#2145=CARTESIAN_POINT('',(-31.213836589698,8.,5.97200178764437));
#2146=CARTESIAN_POINT('',(-31.213836589698,-6.,5.97200178764437));
#2147=CARTESIAN_POINT('',(0.,-6.,0.));
#2148=CARTESIAN_POINT('',(-31.213836589698,-6.,-5.97200178764438));
#2149=CARTESIAN_POINT('',(-31.213836589698,8.,-5.97200178764438));
#2150=CARTESIAN_POINT('',(-31.213836589698,6.,-5.97200178764438));
#2151=CARTESIAN_POINT('',(0.,6.,0.));
#2152=CARTESIAN_POINT('',(-20.7788235543951,6.,-24.0459745424325));
#2153=CARTESIAN_POINT('',(-20.7788235543951,8.,-24.0459745424325));
#2154=CARTESIAN_POINT('',(-20.7788235543951,-6.,-24.0459745424325));
#2155=CARTESIAN_POINT('',(0.,-6.,0.));
#2156=CARTESIAN_POINT('',(-10.4350130353029,-6.,-30.0179763300769));
#2157=CARTESIAN_POINT('',(-10.4350130353029,8.,-30.0179763300769));
#2158=CARTESIAN_POINT('',(-10.4350130353029,6.,-30.0179763300769));
#2159=CARTESIAN_POINT('',(0.,6.,0.));
#2160=CARTESIAN_POINT('',(10.4350130353029,6.,-30.0179763300769));
#2161=CARTESIAN_POINT('',(10.4350130353029,8.,-30.0179763300769));
#2162=CARTESIAN_POINT('',(10.4350130353029,-6.,-30.0179763300769));
#2163=CARTESIAN_POINT('',(0.,-6.,0.));
#2164=CARTESIAN_POINT('',(20.7788235543951,-6.,-24.0459745424325));
#2165=CARTESIAN_POINT('',(20.7788235543951,8.,-24.0459745424325));
#2166=CARTESIAN_POINT('',(20.7788235543951,6.,-24.0459745424325));
#2167=CARTESIAN_POINT('',(0.,6.,0.));
#2168=CARTESIAN_POINT('',(31.213836589698,6.,-5.97200178764438));
#2169=CARTESIAN_POINT('',(31.213836589698,8.,-5.97200178764438));
#2170=CARTESIAN_POINT('',(31.213836589698,-6.,-5.97200178764438));
#2171=CARTESIAN_POINT('',(0.,-6.,0.));
#2172=CARTESIAN_POINT('',(31.213836589698,-6.,5.97200178764438));
#2173=CARTESIAN_POINT('',(31.213836589698,8.,5.97200178764437));
#2174=CARTESIAN_POINT('',(31.213836589698,6.,5.97200178764438));
#2175=CARTESIAN_POINT('',(0.,6.,0.));
#2176=CARTESIAN_POINT('',(20.7788235543951,6.,24.0459745424325));
#2177=CARTESIAN_POINT('',(20.7788235543951,8.,24.0459745424325));
#2178=CARTESIAN_POINT('',(20.7788235543951,-6.,24.0459745424325));
#2179=CARTESIAN_POINT('',(0.,-6.,0.));
#2180=CARTESIAN_POINT('',(10.4350130353029,-6.,30.0179763300769));
#2181=CARTESIAN_POINT('',(10.4350130353029,8.,30.0179763300769));
#2182=CARTESIAN_POINT('',(0.,-11.8,0.));
#2183=CARTESIAN_POINT('',(0.,-11.8,0.));
#2184=CARTESIAN_POINT('',(0.,-11.8,28.78));
#2185=CARTESIAN_POINT('',(0.,0.,0.));
#2186=CARTESIAN_POINT('',(0.,0.,28.78));
#2187=CARTESIAN_POINT('',(0.,-11.8,0.));
#2188=CARTESIAN_POINT('',(0.,-11.8,0.));
#2189=CARTESIAN_POINT('',(0.,-11.8,29.78));
#2190=CARTESIAN_POINT('',(0.,0.,0.));
#2191=CARTESIAN_POINT('',(0.,0.,0.));
#2192=CARTESIAN_POINT('',(0.,0.,12.5));
#2193=CARTESIAN_POINT('',(0.,-11.,0.));
#2194=CARTESIAN_POINT('',(0.,-11.,0.));
#2195=CARTESIAN_POINT('',(0.,-11.,12.5));
#2196=CARTESIAN_POINT('',(0.,-11.,0.));
#2197=CARTESIAN_POINT('',(-7.79422863405995,-11.,-4.5));
#2198=CARTESIAN_POINT('',(-7.79422863405995,-11.,-5.75));
#2199=CARTESIAN_POINT('',(0.,-11.,-9.));
#2200=CARTESIAN_POINT('',(0.,-11.,-10.25));
#2201=CARTESIAN_POINT('',(7.79422863405995,-11.,-4.5));
#2202=CARTESIAN_POINT('',(7.79422863405995,-11.,-5.75));
#2203=CARTESIAN_POINT('',(7.79422863405995,-11.,4.5));
#2204=CARTESIAN_POINT('',(7.79422863405995,-11.,3.25));
#2205=CARTESIAN_POINT('',(0.,-11.,9.));
#2206=CARTESIAN_POINT('',(0.,-11.,7.75));
#2207=CARTESIAN_POINT('',(-7.79422863405995,-11.,4.5));
#2208=CARTESIAN_POINT('',(-7.79422863405995,-11.,3.25));
#2209=CARTESIAN_POINT('',(-7.79422863405995,8.,4.5));
#2210=CARTESIAN_POINT('',(-7.79422863405995,-7.,4.5));
#2211=CARTESIAN_POINT('',(-7.79422863405995,-7.,3.25));
#2212=CARTESIAN_POINT('',(0.,8.,9.));
#2213=CARTESIAN_POINT('',(0.,-7.,9.));
#2214=CARTESIAN_POINT('',(0.,-7.,7.75));
#2215=CARTESIAN_POINT('',(7.79422863405995,8.,4.5));
#2216=CARTESIAN_POINT('',(7.79422863405995,-7.,4.5));
#2217=CARTESIAN_POINT('',(7.79422863405995,-7.,3.25));
#2218=CARTESIAN_POINT('',(7.79422863405995,8.,-4.5));
#2219=CARTESIAN_POINT('',(7.79422863405995,-7.,-4.5));
#2220=CARTESIAN_POINT('',(7.79422863405995,-7.,-5.75));
#2221=CARTESIAN_POINT('',(0.,8.,-9.));
#2222=CARTESIAN_POINT('',(0.,-7.,-9.));
#2223=CARTESIAN_POINT('',(0.,-7.,-10.25));
#2224=CARTESIAN_POINT('',(-7.79422863405995,8.,-4.5));
#2225=CARTESIAN_POINT('',(-7.79422863405995,-7.,-4.5));
#2226=CARTESIAN_POINT('',(-7.79422863405995,-7.,-5.75));
#2227=CARTESIAN_POINT('',(-7.79422863405995,8.,-4.5));
#2228=CARTESIAN_POINT('',(-7.79422863405995,-7.,-4.5));
#2229=CARTESIAN_POINT('',(-7.79422863405995,-7.,-7.4));
#2230=CARTESIAN_POINT('',(-7.79422863405995,-7.,-4.5));
#2231=CARTESIAN_POINT('',(0.,8.,-9.));
#2232=CARTESIAN_POINT('',(0.,-7.,-9.));
#2233=CARTESIAN_POINT('',(0.,-7.,-11.9));
#2234=CARTESIAN_POINT('',(0.,-7.,-9.));
#2235=CARTESIAN_POINT('',(7.79422863405995,8.,-4.5));
#2236=CARTESIAN_POINT('',(7.79422863405995,-7.,-4.5));
#2237=CARTESIAN_POINT('',(7.79422863405995,-7.,-7.4));
#2238=CARTESIAN_POINT('',(7.79422863405995,-7.,-4.5));
#2239=CARTESIAN_POINT('',(7.79422863405995,8.,4.5));
#2240=CARTESIAN_POINT('',(7.79422863405995,-7.,4.5));
#2241=CARTESIAN_POINT('',(7.79422863405995,-7.,1.6));
#2242=CARTESIAN_POINT('',(7.79422863405995,-7.,4.5));
#2243=CARTESIAN_POINT('',(0.,8.,9.));
#2244=CARTESIAN_POINT('',(0.,-7.,9.));
#2245=CARTESIAN_POINT('',(0.,-7.,6.1));
#2246=CARTESIAN_POINT('',(0.,-7.,9.));
#2247=CARTESIAN_POINT('',(-7.79422863405995,8.,4.5));
#2248=CARTESIAN_POINT('',(-7.79422863405995,-7.,4.5));
#2249=CARTESIAN_POINT('',(-7.79422863405995,-7.,1.6));
#2250=CARTESIAN_POINT('',(-7.79422863405995,-7.,4.5));
#2251=CARTESIAN_POINT('',(-31.78,-4.,0.));
#2252=CARTESIAN_POINT('',(-31.78,6.,0.));
#2253=CARTESIAN_POINT('',(-32.7479890593987,6.,4.39465552471231));
#2254=CARTESIAN_POINT('',(-32.7479890593987,6.,-4.39465552471231));
#2255=CARTESIAN_POINT('',(-32.7479890593987,-4.,-4.39465552471231));
#2256=CARTESIAN_POINT('',(-32.7479890593987,-4.14132138502809,-4.39465552471231));
#2257=CARTESIAN_POINT('',(-32.7479890593987,-4.14132138502809,-4.39465552471231));
#2258=CARTESIAN_POINT('',(-33.0055101965978,-4.04291452948035,-4.33793261617696));
#2259=CARTESIAN_POINT('',(-33.2654553648773,-4.00000000000001,-4.25702858327087));
#2260=CARTESIAN_POINT('',(-33.5243360604153,-4.,-4.14816727101677));
#2261=CARTESIAN_POINT('',(-33.5243360604154,-4.,-4.14816727101677));
#2262=CARTESIAN_POINT('',(-31.78,-4.,0.));
#2263=CARTESIAN_POINT('',(-33.5243360604154,-4.,4.14816727101677));
#2264=CARTESIAN_POINT('',(-33.5243360604153,-4.,4.14816727101677));
#2265=CARTESIAN_POINT('',(-33.2654553648773,-4.00000000000001,4.25702858327084));
#2266=CARTESIAN_POINT('',(-33.0055101965977,-4.04291452948037,4.33793261617698));
#2267=CARTESIAN_POINT('',(-32.7479890593987,-4.14132138502809,4.39465552471231));
#2268=CARTESIAN_POINT('',(-32.7479890593987,-4.14132138502809,4.39465552471231));
#2269=CARTESIAN_POINT('',(-32.7479890593987,-4.,4.39465552471231));
#2270=CARTESIAN_POINT('',(0.,-4.,0.));
#2271=CARTESIAN_POINT('',(0.,-4.,0.));
#2272=CARTESIAN_POINT('',(-15.89,-4.,-27.5222873322695));
#2273=CARTESIAN_POINT('',(-15.89,6.,-27.5222873322695));
#2274=CARTESIAN_POINT('',(-20.1798778549819,6.,-26.163262685938));
#2275=CARTESIAN_POINT('',(-12.5681112044169,6.,-30.5579182106503));
#2276=CARTESIAN_POINT('',(-12.5681112044169,-4.,-30.5579182106503));
#2277=CARTESIAN_POINT('',(-12.5681112044169,-4.1413213850281,-30.5579182106503));
#2278=CARTESIAN_POINT('',(-12.5681112044169,-4.1413213850281,-30.5579182106503));
#2279=CARTESIAN_POINT('',(-12.7459952527846,-4.04291452948037,-30.7525766032085));
#2280=CARTESIAN_POINT('',(-12.9460327846896,-4.,-30.9372437060765));
#2281=CARTESIAN_POINT('',(-13.16974979436,-4.,-31.1070103088348));
#2282=CARTESIAN_POINT('',(-13.16974979436,-4.,-31.1070103088348));
#2283=CARTESIAN_POINT('',(-15.89,-4.,-27.5222873322695));
#2284=CARTESIAN_POINT('',(-20.3545862660554,-4.,-26.958843037818));
#2285=CARTESIAN_POINT('',(-20.3545862660554,-4.,-26.958843037818));
#2286=CARTESIAN_POINT('',(-20.3194225801877,-4.,-26.6802151228057));
#2287=CARTESIAN_POINT('',(-20.2595149438133,-4.04291452948037,-26.4146439870315));
#2288=CARTESIAN_POINT('',(-20.1798778549819,-4.14132138502809,-26.163262685938));
#2289=CARTESIAN_POINT('',(-20.1798778549819,-4.1413213850281,-26.163262685938));
#2290=CARTESIAN_POINT('',(-20.1798778549819,-4.,-26.163262685938));
#2291=CARTESIAN_POINT('',(0.,-4.,0.));
#2292=CARTESIAN_POINT('',(0.,-4.,0.));
#2293=CARTESIAN_POINT('',(15.89,-4.,-27.5222873322695));
#2294=CARTESIAN_POINT('',(15.89,6.,-27.5222873322695));
#2295=CARTESIAN_POINT('',(12.5681112044169,6.,-30.5579182106503));
#2296=CARTESIAN_POINT('',(20.1798778549819,6.,-26.163262685938));
#2297=CARTESIAN_POINT('',(20.1798778549819,-4.,-26.163262685938));
#2298=CARTESIAN_POINT('',(20.1798778549819,-4.1413213850281,-26.163262685938));
#2299=CARTESIAN_POINT('',(20.1798778549819,-4.1413213850281,-26.163262685938));
#2300=CARTESIAN_POINT('',(20.2595149438133,-4.04291452948038,-26.4146439870315));
#2301=CARTESIAN_POINT('',(20.3194225801877,-4.,-26.6802151228057));
#2302=CARTESIAN_POINT('',(20.3545862660554,-4.,-26.958843037818));
#2303=CARTESIAN_POINT('',(20.3545862660554,-4.,-26.958843037818));
#2304=CARTESIAN_POINT('',(15.89,-4.,-27.5222873322695));
#2305=CARTESIAN_POINT('',(13.16974979436,-4.,-31.1070103088348));
#2306=CARTESIAN_POINT('',(13.16974979436,-4.,-31.1070103088348));
#2307=CARTESIAN_POINT('',(12.9460327846896,-4.,-30.9372437060765));
#2308=CARTESIAN_POINT('',(12.7459952527846,-4.04291452948037,-30.7525766032085));
#2309=CARTESIAN_POINT('',(12.5681112044169,-4.1413213850281,-30.5579182106503));
#2310=CARTESIAN_POINT('',(12.5681112044169,-4.1413213850281,-30.5579182106503));
#2311=CARTESIAN_POINT('',(12.5681112044169,-4.,-30.5579182106503));
#2312=CARTESIAN_POINT('',(0.,-4.,0.));
#2313=CARTESIAN_POINT('',(0.,-4.,0.));
#2314=CARTESIAN_POINT('',(31.78,-4.,-3.8919275276903E-15));
#2315=CARTESIAN_POINT('',(31.78,6.,-3.8919275276903E-15));
#2316=CARTESIAN_POINT('',(32.7479890593987,6.,-4.39465552471231));
#2317=CARTESIAN_POINT('',(32.7479890593987,6.,4.3946555247123));
#2318=CARTESIAN_POINT('',(32.7479890593987,-4.,4.3946555247123));
#2319=CARTESIAN_POINT('',(32.7479890593987,-4.14132138502809,4.3946555247123));
#2320=CARTESIAN_POINT('',(32.7479890593987,-4.14132138502809,4.3946555247123));
#2321=CARTESIAN_POINT('',(33.0055101965978,-4.04291452948035,4.33793261617695));
#2322=CARTESIAN_POINT('',(33.2654553648773,-4.00000000000001,4.25702858327087));
#2323=CARTESIAN_POINT('',(33.5243360604153,-4.,4.14816727101677));
#2324=CARTESIAN_POINT('',(33.5243360604154,-4.,4.14816727101677));
#2325=CARTESIAN_POINT('',(31.78,-4.,-3.8919275276903E-15));
#2326=CARTESIAN_POINT('',(33.5243360604154,-4.,-4.14816727101677));
#2327=CARTESIAN_POINT('',(33.5243360604153,-4.,-4.14816727101677));
#2328=CARTESIAN_POINT('',(33.2654553648773,-4.00000000000001,-4.25702858327084));
#2329=CARTESIAN_POINT('',(33.0055101965977,-4.04291452948037,-4.33793261617698));
#2330=CARTESIAN_POINT('',(32.7479890593987,-4.14132138502809,-4.39465552471231));
#2331=CARTESIAN_POINT('',(32.7479890593987,-4.14132138502809,-4.39465552471231));
#2332=CARTESIAN_POINT('',(32.7479890593987,-4.,-4.39465552471231));
#2333=CARTESIAN_POINT('',(0.,-4.,0.));
#2334=CARTESIAN_POINT('',(0.,-4.,0.));
#2335=CARTESIAN_POINT('',(15.89,-4.,27.5222873322695));
#2336=CARTESIAN_POINT('',(15.89,6.,27.5222873322695));
#2337=CARTESIAN_POINT('',(20.1798778549819,6.,26.163262685938));
#2338=CARTESIAN_POINT('',(12.5681112044169,6.,30.5579182106503));
#2339=CARTESIAN_POINT('',(12.5681112044169,-4.,30.5579182106503));
#2340=CARTESIAN_POINT('',(12.5681112044169,-4.1413213850281,30.5579182106503));
#2341=CARTESIAN_POINT('',(12.5681112044169,-4.1413213850281,30.5579182106503));
#2342=CARTESIAN_POINT('',(12.7459952527846,-4.04291452948037,30.7525766032085));
#2343=CARTESIAN_POINT('',(12.9460327846896,-4.,30.9372437060765));
#2344=CARTESIAN_POINT('',(13.16974979436,-4.,31.1070103088348));
#2345=CARTESIAN_POINT('',(13.16974979436,-4.,31.1070103088348));
#2346=CARTESIAN_POINT('',(15.89,-4.,27.5222873322695));
#2347=CARTESIAN_POINT('',(20.3545862660554,-4.,26.958843037818));
#2348=CARTESIAN_POINT('',(20.3545862660554,-4.,26.958843037818));
#2349=CARTESIAN_POINT('',(20.3194225801877,-4.,26.6802151228057));
#2350=CARTESIAN_POINT('',(20.2595149438133,-4.04291452948037,26.4146439870315));
#2351=CARTESIAN_POINT('',(20.1798778549819,-4.14132138502809,26.163262685938));
#2352=CARTESIAN_POINT('',(20.1798778549819,-4.1413213850281,26.163262685938));
#2353=CARTESIAN_POINT('',(20.1798778549819,-4.,26.163262685938));
#2354=CARTESIAN_POINT('',(0.,-4.,0.));
#2355=CARTESIAN_POINT('',(0.,-4.,0.));
#2356=CARTESIAN_POINT('',(-15.89,-4.,27.5222873322695));
#2357=CARTESIAN_POINT('',(-15.89,-4.,27.5222873322695));
#2358=CARTESIAN_POINT('',(-20.3545862660553,-4.,26.9588430378181));
#2359=CARTESIAN_POINT('',(-13.16974979436,-4.,31.1070103088348));
#2360=CARTESIAN_POINT('',(-13.16974979436,-4.,31.1070103088348));
#2361=CARTESIAN_POINT('',(-12.9460327846896,-4.,30.9372437060765));
#2362=CARTESIAN_POINT('',(-12.7459952527846,-4.04291452948037,30.7525766032085));
#2363=CARTESIAN_POINT('',(-12.5681112044169,-4.1413213850281,30.5579182106503));
#2364=CARTESIAN_POINT('',(-12.5681112044169,-4.1413213850281,30.5579182106503));
#2365=CARTESIAN_POINT('',(-12.5681112044169,-4.,30.5579182106503));
#2366=CARTESIAN_POINT('',(-12.5681112044169,6.,30.5579182106503));
#2367=CARTESIAN_POINT('',(-15.89,6.,27.5222873322695));
#2368=CARTESIAN_POINT('',(-20.1798778549818,6.,26.163262685938));
#2369=CARTESIAN_POINT('',(-20.1798778549818,-4.,26.163262685938));
#2370=CARTESIAN_POINT('',(-20.1798778549818,-4.1413213850281,26.163262685938));
#2371=CARTESIAN_POINT('',(-20.1798778549818,-4.1413213850281,26.163262685938));
#2372=CARTESIAN_POINT('',(-20.2595149438132,-4.04291452948036,26.4146439870315));
#2373=CARTESIAN_POINT('',(-20.3194225801876,-4.,26.6802151228057));
#2374=CARTESIAN_POINT('',(-20.3545862660553,-4.,26.9588430378181));
#2375=CARTESIAN_POINT('',(0.,-4.,0.));
#2376=CARTESIAN_POINT('',(0.,-4.,0.));
#2377=CARTESIAN_POINT('',(-15.89,-2.,-27.5222873322695));
#2378=CARTESIAN_POINT('',(-15.89,-2.,-27.5222873322695));
#2379=CARTESIAN_POINT('',(-15.89,-2.,-25.2722873322695));
#2380=CARTESIAN_POINT('',(-15.89,-2.,-27.5222873322695));
#2381=CARTESIAN_POINT('',(15.89,-2.,-27.5222873322695));
#2382=CARTESIAN_POINT('',(15.89,-2.,-27.5222873322695));
#2383=CARTESIAN_POINT('',(15.89,-2.,-25.2722873322695));
#2384=CARTESIAN_POINT('',(15.89,-2.,-27.5222873322695));
#2385=CARTESIAN_POINT('',(31.78,-2.,-3.8919275276903E-15));
#2386=CARTESIAN_POINT('',(31.78,-2.,-3.8919275276903E-15));
#2387=CARTESIAN_POINT('',(31.78,-2.,2.25));
#2388=CARTESIAN_POINT('',(31.78,-2.,-3.8919275276903E-15));
#2389=CARTESIAN_POINT('',(15.89,-2.,27.5222873322695));
#2390=CARTESIAN_POINT('',(15.89,-2.,27.5222873322695));
#2391=CARTESIAN_POINT('',(15.89,-2.,29.7722873322695));
#2392=CARTESIAN_POINT('',(15.89,-2.,27.5222873322695));
#2393=CARTESIAN_POINT('',(-15.89,-2.,27.5222873322695));
#2394=CARTESIAN_POINT('',(-15.89,-2.,27.5222873322695));
#2395=CARTESIAN_POINT('',(-15.89,-2.,29.7722873322695));
#2396=CARTESIAN_POINT('',(-15.89,-2.,27.5222873322695));
#2397=CARTESIAN_POINT('',(-31.78,-2.,0.));
#2398=CARTESIAN_POINT('',(-31.78,-2.,0.));
#2399=CARTESIAN_POINT('',(-31.78,-2.,2.25));
#2400=CARTESIAN_POINT('',(-31.78,-2.,0.));
#2401=CARTESIAN_POINT('',(0.,-6.,0.));
#2402=CARTESIAN_POINT('',(-12.5681112044169,-4.1413213850281,-30.5579182106503));
#2403=CARTESIAN_POINT('',(-12.2466355352584,-4.31916425529828,-30.206127605595));
#2404=CARTESIAN_POINT('',(-11.4783554397063,-4.92338097716213,-29.8400116760373));
#2405=CARTESIAN_POINT('',(-10.7634235338548,-5.64153866149102,-29.903812477203));
#2406=CARTESIAN_POINT('',(-10.4350130353029,-6.,-30.0179763300769));
#2407=CARTESIAN_POINT('',(-20.1798778549819,-4.1413213850281,-26.163262685938));
#2408=CARTESIAN_POINT('',(-20.0359560887706,-4.31916425529827,-25.7089612872206));
#2409=CARTESIAN_POINT('',(-20.1030304408441,-4.92338097713051,-24.8605532424503));
#2410=CARTESIAN_POINT('',(-20.5157495082871,-5.64153866155424,-24.2733044506536));
#2411=CARTESIAN_POINT('',(-20.7788235543951,-6.,-24.0459745424325));
#2412=CARTESIAN_POINT('',(-22.0864902349738,8.,-25.5592517320129));
#2413=CARTESIAN_POINT('',(-22.0864902349738,6.,-25.5592517320129));
#2414=CARTESIAN_POINT('',(-15.89,6.,-27.5222873322695));
#2415=CARTESIAN_POINT('',(-14.0445062246761,6.,-29.2087489313699));
#2416=CARTESIAN_POINT('',(-18.2732654749899,6.,-26.7672736398631));
#2417=CARTESIAN_POINT('',(-11.0917161841577,-4.,-31.9070874899307));
#2418=CARTESIAN_POINT('',(-11.0917161841577,6.,-31.9070874899307));
#2419=CARTESIAN_POINT('',(-22.0864902349738,6.,-25.5592517320129));
#2420=CARTESIAN_POINT('',(-19.4711568738165,6.,-22.5326973528521));
#2421=CARTESIAN_POINT('',(-11.0917161841577,6.,-31.9070874899307));
#2422=CARTESIAN_POINT('',(-9.77830988644811,6.,-28.1288651702231));
#2423=CARTESIAN_POINT('',(-33.1782064191315,-4.,-6.34783575791778));
#2424=CARTESIAN_POINT('',(-33.1782064191315,6.,-6.34783575791778));
#2425=CARTESIAN_POINT('',(-32.7479890593987,-4.14132138502809,-4.39465552471231));
#2426=CARTESIAN_POINT('',(-32.2825916240289,-4.31916425529827,-4.49716631837451));
#2427=CARTESIAN_POINT('',(-31.5813858805194,-4.92338097712998,-4.97945843359829));
#2428=CARTESIAN_POINT('',(-31.2791730422037,-5.64153866155535,-5.63050802652685));
#2429=CARTESIAN_POINT('',(-31.213836589698,-6.,-5.97200178764438));
#2430=CARTESIAN_POINT('',(0.,6.,0.));
#2431=CARTESIAN_POINT('',(-29.2494667602646,6.,-5.59616781737098));
#2432=CARTESIAN_POINT('',(0.,6.,0.));
#2433=CARTESIAN_POINT('',(9.7783098864481,6.,-28.1288651702231));
#2434=CARTESIAN_POINT('',(11.0917161841577,8.,-31.9070874899307));
#2435=CARTESIAN_POINT('',(12.5681112044169,-4.1413213850281,-30.5579182106503));
#2436=CARTESIAN_POINT('',(12.2466355352584,-4.31916425529828,-30.206127605595));
#2437=CARTESIAN_POINT('',(11.4783554396894,-4.9233809771448,-29.8400116760431));
#2438=CARTESIAN_POINT('',(10.7634235338885,-5.64153866152568,-29.9038124771913));
#2439=CARTESIAN_POINT('',(10.4350130353029,-6.,-30.0179763300769));
#2440=CARTESIAN_POINT('',(11.0917161841577,6.,-31.9070874899307));
#2441=CARTESIAN_POINT('',(0.,-6.,0.));
#2442=CARTESIAN_POINT('',(-32.7479890593987,-4.14132138502809,4.39465552471231));
#2443=CARTESIAN_POINT('',(-32.2825916240289,-4.31916425529827,4.49716631837451));
#2444=CARTESIAN_POINT('',(-31.5813858805199,-4.92338097713204,4.9794584335962));
#2445=CARTESIAN_POINT('',(-31.2791730422029,-5.64153866155126,5.63050802653099));
#2446=CARTESIAN_POINT('',(-31.213836589698,-6.,5.97200178764437));
#2447=CARTESIAN_POINT('',(-33.1782064191315,6.,-6.34783575791778));
#2448=CARTESIAN_POINT('',(-32.317771699666,6.,-2.44147529150684));
#2449=CARTESIAN_POINT('',(11.0917161841577,6.,-31.9070874899307));
#2450=CARTESIAN_POINT('',(14.044506224676,6.,-29.2087489313699));
#2451=CARTESIAN_POINT('',(0.,-6.,0.));
#2452=CARTESIAN_POINT('',(20.1798778549819,-4.1413213850281,-26.163262685938));
#2453=CARTESIAN_POINT('',(20.0359560887706,-4.31916425529827,-25.7089612872206));
#2454=CARTESIAN_POINT('',(20.1030304408278,-4.92338097715132,-24.8605532424643));
#2455=CARTESIAN_POINT('',(20.5157495083196,-5.64153866151262,-24.2733044506255));
#2456=CARTESIAN_POINT('',(20.7788235543951,-6.,-24.0459745424325));
#2457=CARTESIAN_POINT('',(-33.1782064191315,8.,6.34783575791777));
#2458=CARTESIAN_POINT('',(-33.1782064191315,6.,6.34783575791777));
#2459=CARTESIAN_POINT('',(-31.78,6.,0.));
#2460=CARTESIAN_POINT('',(-32.317771699666,6.,2.44147529150684));
#2461=CARTESIAN_POINT('',(15.89,6.,-27.5222873322695));
#2462=CARTESIAN_POINT('',(18.2732654749899,6.,-26.7672736398631));
#2463=CARTESIAN_POINT('',(22.0864902349738,-4.,-25.5592517320129));
#2464=CARTESIAN_POINT('',(22.0864902349738,6.,-25.5592517320129));
#2465=CARTESIAN_POINT('',(-33.1782064191315,6.,6.34783575791777));
#2466=CARTESIAN_POINT('',(-29.2494667602646,6.,5.59616781737097));
#2467=CARTESIAN_POINT('',(22.0864902349738,6.,-25.5592517320129));
#2468=CARTESIAN_POINT('',(19.4711568738165,6.,-22.5326973528521));
#2469=CARTESIAN_POINT('',(-22.0864902349738,-4.,25.559251732013));
#2470=CARTESIAN_POINT('',(-22.0864902349738,6.,25.559251732013));
#2471=CARTESIAN_POINT('',(-20.1798778549818,-4.1413213850281,26.163262685938));
#2472=CARTESIAN_POINT('',(-20.0359560887705,-4.31916425529828,25.7089612872205));
#2473=CARTESIAN_POINT('',(-20.1030304408299,-4.92338097714874,24.8605532424626));
#2474=CARTESIAN_POINT('',(-20.5157495083157,-5.64153866151766,24.273304450629));
#2475=CARTESIAN_POINT('',(-20.7788235543951,-6.,24.0459745424326));
#2476=CARTESIAN_POINT('',(0.,6.,0.));
#2477=CARTESIAN_POINT('',(-19.4711568738164,6.,22.5326973528522));
#2478=CARTESIAN_POINT('',(0.,6.,0.));
#2479=CARTESIAN_POINT('',(29.2494667602646,6.,-5.59616781737097));
#2480=CARTESIAN_POINT('',(33.1782064191315,8.,-6.34783575791778));
#2481=CARTESIAN_POINT('',(32.7479890593987,-4.14132138502809,-4.39465552471231));
#2482=CARTESIAN_POINT('',(32.2825916240289,-4.31916425529827,-4.49716631837451));
#2483=CARTESIAN_POINT('',(31.5813858805198,-4.92338097713161,-4.97945843359664));
#2484=CARTESIAN_POINT('',(31.2791730422031,-5.64153866155209,-5.63050802653015));
#2485=CARTESIAN_POINT('',(31.213836589698,-6.,-5.97200178764438));
#2486=CARTESIAN_POINT('',(33.1782064191315,6.,-6.34783575791778));
#2487=CARTESIAN_POINT('',(0.,-6.,0.));
#2488=CARTESIAN_POINT('',(-12.5681112044169,-4.1413213850281,30.5579182106503));
#2489=CARTESIAN_POINT('',(-12.2466355352584,-4.31916425529828,30.206127605595));
#2490=CARTESIAN_POINT('',(-11.4783554396813,-4.92338097713646,29.840011676046));
#2491=CARTESIAN_POINT('',(-10.7634235339047,-5.64153866154232,29.9038124771856));
#2492=CARTESIAN_POINT('',(-10.4350130353029,-6.,30.0179763300769));
#2493=CARTESIAN_POINT('',(-22.0864902349738,6.,25.559251732013));
#2494=CARTESIAN_POINT('',(-18.2732654749899,6.,26.7672736398631));
#2495=CARTESIAN_POINT('',(33.1782064191315,6.,-6.34783575791778));
#2496=CARTESIAN_POINT('',(32.317771699666,6.,-2.44147529150685));
#2497=CARTESIAN_POINT('',(0.,-6.,0.));
#2498=CARTESIAN_POINT('',(32.7479890593987,-4.14132138502809,4.3946555247123));
#2499=CARTESIAN_POINT('',(32.2825916240289,-4.31916425529827,4.49716631837449));
#2500=CARTESIAN_POINT('',(31.5813858805187,-4.92338097712617,4.97945843360215));
#2501=CARTESIAN_POINT('',(31.2791730422052,-5.64153866156296,5.63050802651913));
#2502=CARTESIAN_POINT('',(31.213836589698,-6.,5.97200178764437));
#2503=CARTESIAN_POINT('',(-11.0917161841577,8.,31.9070874899307));
#2504=CARTESIAN_POINT('',(-11.0917161841577,6.,31.9070874899307));
#2505=CARTESIAN_POINT('',(-15.89,6.,27.5222873322695));
#2506=CARTESIAN_POINT('',(-14.044506224676,6.,29.20874893137));
#2507=CARTESIAN_POINT('',(31.78,6.,-3.8919275276903E-15));
#2508=CARTESIAN_POINT('',(32.317771699666,6.,2.44147529150684));
#2509=CARTESIAN_POINT('',(33.1782064191315,-4.,6.34783575791778));
#2510=CARTESIAN_POINT('',(33.1782064191315,6.,6.34783575791778));
#2511=CARTESIAN_POINT('',(-11.0917161841577,6.,31.9070874899307));
#2512=CARTESIAN_POINT('',(-9.77830988644808,6.,28.1288651702231));
#2513=CARTESIAN_POINT('',(33.1782064191315,6.,6.34783575791778));
#2514=CARTESIAN_POINT('',(29.2494667602646,6.,5.59616781737097));
#2515=CARTESIAN_POINT('',(0.,-6.,0.));
#2516=CARTESIAN_POINT('',(12.5681112044169,-4.1413213850281,30.5579182106503));
#2517=CARTESIAN_POINT('',(12.2466355352584,-4.31916425529828,30.206127605595));
#2518=CARTESIAN_POINT('',(11.4783554396823,-4.92338097713756,29.8400116760456));
#2519=CARTESIAN_POINT('',(10.7634235339026,-5.64153866154016,29.9038124771864));
#2520=CARTESIAN_POINT('',(10.4350130353029,-6.,30.0179763300769));
#2521=CARTESIAN_POINT('',(20.1798778549819,-4.1413213850281,26.163262685938));
#2522=CARTESIAN_POINT('',(20.0359560887706,-4.31916425529827,25.7089612872206));
#2523=CARTESIAN_POINT('',(20.1030304408277,-4.92338097715145,24.8605532424644));
#2524=CARTESIAN_POINT('',(20.5157495083198,-5.64153866151236,24.2733044506254));
#2525=CARTESIAN_POINT('',(20.7788235543951,-6.,24.0459745424325));
#2526=CARTESIAN_POINT('',(11.0917161841577,-4.,31.9070874899307));
#2527=CARTESIAN_POINT('',(11.0917161841577,6.,31.9070874899307));
#2528=CARTESIAN_POINT('',(0.,6.,0.));
#2529=CARTESIAN_POINT('',(9.77830988644811,6.,28.1288651702231));
#2530=CARTESIAN_POINT('',(0.,6.,0.));
#2531=CARTESIAN_POINT('',(19.4711568738165,6.,22.5326973528521));
#2532=CARTESIAN_POINT('',(22.0864902349738,8.,25.5592517320129));
#2533=CARTESIAN_POINT('',(22.0864902349738,6.,25.5592517320129));
#2534=CARTESIAN_POINT('',(11.0917161841577,6.,31.9070874899307));
#2535=CARTESIAN_POINT('',(14.0445062246761,6.,29.2087489313699));
#2536=CARTESIAN_POINT('',(22.0864902349738,6.,25.5592517320129));
#2537=CARTESIAN_POINT('',(18.2732654749899,6.,26.7672736398631));
#2538=CARTESIAN_POINT('',(15.89,6.,27.5222873322695));
#2539=CARTESIAN_POINT('',(0.,-9.8,0.));
#2540=MECHANICAL_DESIGN_GEOMETRIC_PRESENTATION_REPRESENTATION('',(#1347),
#2541);
#2541=(
GEOMETRIC_REPRESENTATION_CONTEXT(3)
GLOBAL_UNCERTAINTY_ASSIGNED_CONTEXT((#2542))
GLOBAL_UNIT_ASSIGNED_CONTEXT((#2545,#2544,#2543))
REPRESENTATION_CONTEXT('Part 1','TOP_LEVEL_ASSEMBLY_PART')
);
#2542=UNCERTAINTY_MEASURE_WITH_UNIT(LENGTH_MEASURE(1.E-5),#2545,
'DISTANCE_ACCURACY_VALUE','Maximum Tolerance applied to model');
#2543=(
NAMED_UNIT(*)
SI_UNIT($,.STERADIAN.)
SOLID_ANGLE_UNIT()
);
#2544=(
NAMED_UNIT(*)
PLANE_ANGLE_UNIT()
SI_UNIT($,.RADIAN.)
);
#2545=(
LENGTH_UNIT()
NAMED_UNIT(*)
SI_UNIT(.MILLI.,.METRE.)
);
#2546=PRODUCT_DEFINITION_SHAPE('','',#2547);
#2547=PRODUCT_DEFINITION('','',#2549,#2548);
#2548=PRODUCT_DEFINITION_CONTEXT('',#2555,'design');
#2549=PRODUCT_DEFINITION_FORMATION_WITH_SPECIFIED_SOURCE('','',#2551,
 .NOT_KNOWN.);
#2550=PRODUCT_RELATED_PRODUCT_CATEGORY('','',(#2551));
#2551=PRODUCT('Part 1','Part 1','Part 1',(#2553));
#2552=PRODUCT_CATEGORY('','');
#2553=PRODUCT_CONTEXT('',#2555,'mechanical');
#2554=APPLICATION_PROTOCOL_DEFINITION('international standard',
'ap242_managed_model_based_3d_engineering',2020,#2555);
#2555=APPLICATION_CONTEXT('managed model based 3d engineering');
ENDSEC;
END-ISO-10303-21;
