ISO-10303-21;
HEADER;
/* Generated by software containing ST-Developer
 * from STEP Tools, Inc. (www.steptools.com) 
 */
/* OPTION: using custom renumber hook */

FILE_DESCRIPTION(
/* description */ ('STEP AP242 Edition 2',
'CAx-IF Rec.Pracs.---Representation and Presentation of Product Manufa
cturing Information (PMI)---4.0---2014-10-13',
'CAx-IF Rec.Pracs.---3D Tessellated Geometry---0.4---2014-09-14','2;1',
'CAx-IF Rec.Pracs.---User Defined Attributes---1.5---2016-08-15'),
/* implementation_level */ '2;1');

FILE_NAME(
/* name */ 'Chassis_V-2',
/* time_stamp */ '2026-06-03T07:09:13Z',
/* author */ (''),
/* organization */ (''),
/* preprocessor_version */ 'ST-DEVELOPER v20',
/* originating_system */ 'ONSHAPE BY PTC INC, 1.215',
/* authorisation */ '  ');

FILE_SCHEMA (('AP242_MANAGED_MODEL_BASED_3D_ENGINEERING_MIM_LF { 1 0 10303 442 3 1 4 }'));
ENDSEC;

DATA;
#10=SHAPE_REPRESENTATION_RELATIONSHIP('','',#3912,#11);
#11=ADVANCED_BREP_SHAPE_REPRESENTATION('',(#3910),#6870);
#12=B_SPLINE_SURFACE_WITH_KNOTS('',1,3,((#5868,#5869,#5870,#5871),(#5872,
#5873,#5874,#5875)),.RULED_SURF.,.F.,.F.,.F.,(2,2),(4,4),(0.,1.),(0.,1.),
 .PIECEWISE_BEZIER_KNOTS.);
#13=B_SPLINE_SURFACE_WITH_KNOTS('',1,3,((#5896,#5897,#5898,#5899),(#5900,
#5901,#5902,#5903)),.RULED_SURF.,.F.,.F.,.F.,(2,2),(4,4),(0.,1.),(0.,1.),
 .PIECEWISE_BEZIER_KNOTS.);
#14=B_SPLINE_SURFACE_WITH_KNOTS('',1,3,((#5918,#5919,#5920,#5921,#5922,
#5923,#5924,#5925,#5926,#5927),(#5928,#5929,#5930,#5931,#5932,#5933,#5934,
#5935,#5936,#5937)),.RULED_SURF.,.F.,.F.,.F.,(2,2),(4,2,2,2,4),(0.,1.),
(0.,0.25,0.5,0.75,1.),.UNSPECIFIED.);
#15=B_SPLINE_SURFACE_WITH_KNOTS('',1,3,((#5960,#5961,#5962,#5963),(#5964,
#5965,#5966,#5967)),.RULED_SURF.,.F.,.F.,.F.,(2,2),(4,4),(0.,1.),(0.,1.),
 .PIECEWISE_BEZIER_KNOTS.);
#16=B_SPLINE_SURFACE_WITH_KNOTS('',1,3,((#5976,#5977,#5978,#5979,#5980,
#5981),(#5982,#5983,#5984,#5985,#5986,#5987)),.RULED_SURF.,.F.,.F.,.F.,
(2,2),(4,2,4),(0.,1.),(0.,0.5,1.),.UNSPECIFIED.);
#17=B_SPLINE_SURFACE_WITH_KNOTS('',1,3,((#6002,#6003,#6004,#6005),(#6006,
#6007,#6008,#6009)),.RULED_SURF.,.F.,.F.,.F.,(2,2),(4,4),(0.,1.),(0.,1.),
 .PIECEWISE_BEZIER_KNOTS.);
#18=B_SPLINE_SURFACE_WITH_KNOTS('',1,3,((#6344,#6345,#6346,#6347,#6348,
#6349),(#6350,#6351,#6352,#6353,#6354,#6355)),.RULED_SURF.,.F.,.F.,.F.,
(2,2),(4,2,4),(0.,1.),(0.,0.5,1.),.UNSPECIFIED.);
#19=B_SPLINE_SURFACE_WITH_KNOTS('',1,3,((#6376,#6377,#6378,#6379,#6380,
#6381,#6382,#6383,#6384,#6385,#6386,#6387,#6388,#6389,#6390,#6391,#6392,
#6393),(#6394,#6395,#6396,#6397,#6398,#6399,#6400,#6401,#6402,#6403,#6404,
#6405,#6406,#6407,#6408,#6409,#6410,#6411)),.RULED_SURF.,.F.,.F.,.F.,(2,
2),(4,2,2,2,2,2,2,2,4),(0.,1.),(0.,0.25,0.375,0.390625,0.3984375,0.40625,
0.4375,0.5,1.),.UNSPECIFIED.);
#20=B_SPLINE_SURFACE_WITH_KNOTS('',1,3,((#6443,#6444,#6445,#6446),(#6447,
#6448,#6449,#6450)),.RULED_SURF.,.F.,.F.,.F.,(2,2),(4,4),(0.,1.),(0.,1.),
 .PIECEWISE_BEZIER_KNOTS.);
#21=B_SPLINE_SURFACE_WITH_KNOTS('',1,3,((#6465,#6466,#6467,#6468),(#6469,
#6470,#6471,#6472)),.RULED_SURF.,.F.,.F.,.F.,(2,2),(4,4),(0.,1.),(0.,1.),
 .PIECEWISE_BEZIER_KNOTS.);
#22=B_SPLINE_SURFACE_WITH_KNOTS('',1,3,((#6481,#6482,#6483,#6484),(#6485,
#6486,#6487,#6488)),.RULED_SURF.,.F.,.F.,.F.,(2,2),(4,4),(0.,1.),(0.,1.),
 .PIECEWISE_BEZIER_KNOTS.);
#23=B_SPLINE_SURFACE_WITH_KNOTS('',1,3,((#6503,#6504,#6505,#6506,#6507,
#6508,#6509,#6510,#6511,#6512),(#6513,#6514,#6515,#6516,#6517,#6518,#6519,
#6520,#6521,#6522)),.RULED_SURF.,.F.,.F.,.F.,(2,2),(4,2,2,2,4),(0.,1.),
(0.,0.25,0.5,0.75,1.),.UNSPECIFIED.);
#24=B_SPLINE_CURVE_WITH_KNOTS('',3,(#5693,#5694,#5695,#5696),
 .UNSPECIFIED.,.F.,.F.,(4,4),(8.33333332894703E-8,0.999999916666667),
 .UNSPECIFIED.);
#25=B_SPLINE_CURVE_WITH_KNOTS('',3,(#5697,#5698,#5699,#5700),
 .UNSPECIFIED.,.F.,.F.,(4,4),(0.,1.),.UNSPECIFIED.);
#26=B_SPLINE_CURVE_WITH_KNOTS('',3,(#5704,#5705,#5706,#5707),
 .UNSPECIFIED.,.F.,.F.,(4,4),(8.33333332988908E-8,0.999999916666667),
 .UNSPECIFIED.);
#27=B_SPLINE_CURVE_WITH_KNOTS('',3,(#5708,#5709,#5710,#5711),
 .UNSPECIFIED.,.F.,.F.,(4,4),(0.,0.999999916666667),.UNSPECIFIED.);
#28=B_SPLINE_CURVE_WITH_KNOTS('',3,(#5715,#5716,#5717,#5718),
 .UNSPECIFIED.,.F.,.F.,(4,4),(0.,1.),.UNSPECIFIED.);
#29=B_SPLINE_CURVE_WITH_KNOTS('',3,(#5774,#5775,#5776,#5777),
 .UNSPECIFIED.,.F.,.F.,(4,4),(0.,1.),.UNSPECIFIED.);
#30=B_SPLINE_CURVE_WITH_KNOTS('',3,(#5779,#5780,#5781,#5782),
 .UNSPECIFIED.,.F.,.F.,(4,4),(0.,1.),.UNSPECIFIED.);
#31=B_SPLINE_CURVE_WITH_KNOTS('',3,(#5876,#5877,#5878,#5879),
 .UNSPECIFIED.,.F.,.F.,(4,4),(0.,1.),.UNSPECIFIED.);
#32=B_SPLINE_CURVE_WITH_KNOTS('',3,(#5882,#5883,#5884,#5885),
 .UNSPECIFIED.,.F.,.F.,(4,4),(2.60660354511672E-6,0.999997380544102),
 .UNSPECIFIED.);
#33=B_SPLINE_CURVE_WITH_KNOTS('',3,(#5887,#5888,#5889,#5890),
 .UNSPECIFIED.,.F.,.F.,(4,4),(0.,1.),.UNSPECIFIED.);
#34=B_SPLINE_CURVE_WITH_KNOTS('',3,(#5892,#5893,#5894,#5895),
 .UNSPECIFIED.,.F.,.F.,(4,4),(0.,1.),.UNSPECIFIED.);
#35=B_SPLINE_CURVE_WITH_KNOTS('',3,(#5904,#5905,#5906,#5907),
 .UNSPECIFIED.,.F.,.F.,(4,4),(0.,1.),.UNSPECIFIED.);
#36=B_SPLINE_CURVE_WITH_KNOTS('',3,(#5909,#5910,#5911,#5912),
 .UNSPECIFIED.,.F.,.F.,(4,4),(0.,1.),.UNSPECIFIED.);
#37=B_SPLINE_CURVE_WITH_KNOTS('',3,(#5914,#5915,#5916,#5917),
 .UNSPECIFIED.,.F.,.F.,(4,4),(0.,1.),.UNSPECIFIED.);
#38=B_SPLINE_CURVE_WITH_KNOTS('',3,(#5938,#5939,#5940,#5941),
 .UNSPECIFIED.,.F.,.F.,(4,4),(0.,1.),.UNSPECIFIED.);
#39=B_SPLINE_CURVE_WITH_KNOTS('',3,(#5944,#5945,#5946,#5947,#5948),
 .UNSPECIFIED.,.F.,.F.,(4,1,4),(0.,0.499999878079446,0.999999756158892),
 .UNSPECIFIED.);
#40=B_SPLINE_CURVE_WITH_KNOTS('',3,(#5950,#5951,#5952,#5953),
 .UNSPECIFIED.,.F.,.F.,(4,4),(0.,1.),.UNSPECIFIED.);
#41=B_SPLINE_CURVE_WITH_KNOTS('',3,(#5955,#5956,#5957,#5958,#5959),
 .UNSPECIFIED.,.F.,.F.,(4,1,4),(0.,0.5,1.),.UNSPECIFIED.);
#42=B_SPLINE_CURVE_WITH_KNOTS('',3,(#5968,#5969,#5970,#5971),
 .UNSPECIFIED.,.F.,.F.,(4,4),(0.,1.),.UNSPECIFIED.);
#43=B_SPLINE_CURVE_WITH_KNOTS('',3,(#5972,#5973,#5974,#5975),
 .UNSPECIFIED.,.F.,.F.,(4,4),(0.,1.),.UNSPECIFIED.);
#44=B_SPLINE_CURVE_WITH_KNOTS('',3,(#5988,#5989,#5990,#5991),
 .UNSPECIFIED.,.F.,.F.,(4,4),(0.,0.999998591890258),.UNSPECIFIED.);
#45=B_SPLINE_CURVE_WITH_KNOTS('',3,(#5993,#5994,#5995,#5996),
 .UNSPECIFIED.,.F.,.F.,(4,4),(0.,1.),.UNSPECIFIED.);
#46=B_SPLINE_CURVE_WITH_KNOTS('',3,(#5998,#5999,#6000,#6001),
 .UNSPECIFIED.,.F.,.F.,(4,4),(0.,1.),.UNSPECIFIED.);
#47=B_SPLINE_CURVE_WITH_KNOTS('',3,(#6010,#6011,#6012,#6013),
 .UNSPECIFIED.,.F.,.F.,(4,4),(0.,1.),.UNSPECIFIED.);
#48=B_SPLINE_CURVE_WITH_KNOTS('',3,(#6014,#6015,#6016,#6017),
 .UNSPECIFIED.,.F.,.F.,(4,4),(0.,1.),.UNSPECIFIED.);
#49=B_SPLINE_CURVE_WITH_KNOTS('',3,(#6255,#6256,#6257,#6258),
 .UNSPECIFIED.,.F.,.F.,(4,4),(0.,1.),.UNSPECIFIED.);
#50=B_SPLINE_CURVE_WITH_KNOTS('',3,(#6356,#6357,#6358,#6359),
 .UNSPECIFIED.,.F.,.F.,(4,4),(0.,1.),.UNSPECIFIED.);
#51=B_SPLINE_CURVE_WITH_KNOTS('',3,(#6362,#6363,#6364,#6365),
 .UNSPECIFIED.,.F.,.F.,(4,4),(0.,0.999997520200166),.UNSPECIFIED.);
#52=B_SPLINE_CURVE_WITH_KNOTS('',3,(#6367,#6368,#6369,#6370),
 .UNSPECIFIED.,.F.,.F.,(4,4),(0.,1.),.UNSPECIFIED.);
#53=B_SPLINE_CURVE_WITH_KNOTS('',3,(#6372,#6373,#6374,#6375),
 .UNSPECIFIED.,.F.,.F.,(4,4),(0.,1.),.UNSPECIFIED.);
#54=B_SPLINE_CURVE_WITH_KNOTS('',3,(#6412,#6413,#6414,#6415,#6416,#6417,
#6418,#6419,#6420,#6421,#6422,#6423,#6424),.UNSPECIFIED.,.F.,.F.,(4,1,1,
1,1,1,1,1,1,1,4),(0.,0.124999926679603,0.249999853359207,0.312499816699008,
0.37499978003881,0.406249761708711,0.437499743378612,0.499999706718413,
0.624999633398017,0.74999956007762,0.999999413436827),.UNSPECIFIED.);
#55=B_SPLINE_CURVE_WITH_KNOTS('',3,(#6426,#6427,#6428,#6429),
 .UNSPECIFIED.,.F.,.F.,(4,4),(0.,1.),.UNSPECIFIED.);
#56=B_SPLINE_CURVE_WITH_KNOTS('',3,(#6431,#6432,#6433,#6434,#6435,#6436,
#6437,#6438,#6439,#6440,#6441,#6442),.UNSPECIFIED.,.F.,.F.,(4,1,1,1,1,1,
1,1,1,4),(0.,0.25,0.3125,0.375,0.40625,0.4375,0.5,0.625,0.75,1.),
 .UNSPECIFIED.);
#57=B_SPLINE_CURVE_WITH_KNOTS('',3,(#6451,#6452,#6453,#6454),
 .UNSPECIFIED.,.F.,.F.,(4,4),(0.,1.),.UNSPECIFIED.);
#58=B_SPLINE_CURVE_WITH_KNOTS('',3,(#6456,#6457,#6458,#6459),
 .UNSPECIFIED.,.F.,.F.,(4,4),(0.,1.),.UNSPECIFIED.);
#59=B_SPLINE_CURVE_WITH_KNOTS('',3,(#6461,#6462,#6463,#6464),
 .UNSPECIFIED.,.F.,.F.,(4,4),(0.,1.),.UNSPECIFIED.);
#60=B_SPLINE_CURVE_WITH_KNOTS('',3,(#6473,#6474,#6475,#6476),
 .UNSPECIFIED.,.F.,.F.,(4,4),(0.,1.),.UNSPECIFIED.);
#61=B_SPLINE_CURVE_WITH_KNOTS('',3,(#6477,#6478,#6479,#6480),
 .UNSPECIFIED.,.F.,.F.,(4,4),(0.,1.),.UNSPECIFIED.);
#62=B_SPLINE_CURVE_WITH_KNOTS('',3,(#6489,#6490,#6491,#6492),
 .UNSPECIFIED.,.F.,.F.,(4,4),(0.,0.999988866551341),.UNSPECIFIED.);
#63=B_SPLINE_CURVE_WITH_KNOTS('',3,(#6494,#6495,#6496,#6497),
 .UNSPECIFIED.,.F.,.F.,(4,4),(0.,1.),.UNSPECIFIED.);
#64=B_SPLINE_CURVE_WITH_KNOTS('',3,(#6499,#6500,#6501,#6502),
 .UNSPECIFIED.,.F.,.F.,(4,4),(0.,1.),.UNSPECIFIED.);
#65=B_SPLINE_CURVE_WITH_KNOTS('',3,(#6523,#6524,#6525,#6526,#6527),
 .UNSPECIFIED.,.F.,.F.,(4,1,4),(0.,0.5,1.),.UNSPECIFIED.);
#66=B_SPLINE_CURVE_WITH_KNOTS('',3,(#6529,#6530,#6531,#6532),
 .UNSPECIFIED.,.F.,.F.,(4,4),(0.,1.),.UNSPECIFIED.);
#67=B_SPLINE_CURVE_WITH_KNOTS('',3,(#6534,#6535,#6536,#6537,#6538),
 .UNSPECIFIED.,.F.,.F.,(4,1,4),(0.,0.5,1.),.UNSPECIFIED.);
#68=B_SPLINE_CURVE_WITH_KNOTS('',3,(#6726,#6727,#6728,#6729),
 .UNSPECIFIED.,.F.,.F.,(4,4),(0.,1.),.UNSPECIFIED.);
#69=CYLINDRICAL_SURFACE('',#3994,6.00034412011451);
#70=CYLINDRICAL_SURFACE('',#3995,6.);
#71=CYLINDRICAL_SURFACE('',#3996,6.00017434619826);
#72=CYLINDRICAL_SURFACE('',#3997,6.);
#73=CYLINDRICAL_SURFACE('',#3998,6.);
#74=CYLINDRICAL_SURFACE('',#3999,4.5);
#75=CYLINDRICAL_SURFACE('',#4000,4.5);
#76=CYLINDRICAL_SURFACE('',#4001,4.5);
#77=CYLINDRICAL_SURFACE('',#4002,4.5);
#78=CYLINDRICAL_SURFACE('',#4003,5.);
#79=CYLINDRICAL_SURFACE('',#4005,5.);
#80=CYLINDRICAL_SURFACE('',#4007,5.);
#81=CYLINDRICAL_SURFACE('',#4009,5.);
#82=CYLINDRICAL_SURFACE('',#4011,1.6);
#83=CYLINDRICAL_SURFACE('',#4012,1.6);
#84=CYLINDRICAL_SURFACE('',#4013,1.6);
#85=CYLINDRICAL_SURFACE('',#4014,1.6);
#86=CYLINDRICAL_SURFACE('',#4015,1.6);
#87=CYLINDRICAL_SURFACE('',#4016,1.6);
#88=CYLINDRICAL_SURFACE('',#4017,1.6);
#89=CYLINDRICAL_SURFACE('',#4018,1.6);
#90=CYLINDRICAL_SURFACE('',#4023,2.5);
#91=CYLINDRICAL_SURFACE('',#4024,2.5);
#92=CYLINDRICAL_SURFACE('',#4025,2.5);
#93=CYLINDRICAL_SURFACE('',#4026,2.5);
#94=CYLINDRICAL_SURFACE('',#4027,2.5);
#95=CYLINDRICAL_SURFACE('',#4028,2.5);
#96=CYLINDRICAL_SURFACE('',#4029,2.5);
#97=CYLINDRICAL_SURFACE('',#4030,2.5);
#98=CYLINDRICAL_SURFACE('',#4031,10.);
#99=CYLINDRICAL_SURFACE('',#4032,10.);
#100=CYLINDRICAL_SURFACE('',#4033,0.5);
#101=CYLINDRICAL_SURFACE('',#4034,0.5);
#102=CYLINDRICAL_SURFACE('',#4035,0.5);
#103=CYLINDRICAL_SURFACE('',#4036,0.5);
#104=CYLINDRICAL_SURFACE('',#4037,0.5);
#105=CYLINDRICAL_SURFACE('',#4038,0.5);
#106=CYLINDRICAL_SURFACE('',#4045,3.);
#107=CYLINDRICAL_SURFACE('',#4046,6.);
#108=CYLINDRICAL_SURFACE('',#4047,10.);
#109=CYLINDRICAL_SURFACE('',#4050,10.);
#110=CYLINDRICAL_SURFACE('',#4054,2.5);
#111=CYLINDRICAL_SURFACE('',#4057,2.5);
#112=CYLINDRICAL_SURFACE('',#4060,2.5);
#113=CYLINDRICAL_SURFACE('',#4063,2.5);
#114=CYLINDRICAL_SURFACE('',#4066,2.5);
#115=CYLINDRICAL_SURFACE('',#4069,2.5);
#116=CYLINDRICAL_SURFACE('',#4072,2.5);
#117=CYLINDRICAL_SURFACE('',#4075,2.5);
#118=CYLINDRICAL_SURFACE('',#4082,3.);
#119=CYLINDRICAL_SURFACE('',#4083,6.);
#120=CYLINDRICAL_SURFACE('',#4084,10.);
#121=CYLINDRICAL_SURFACE('',#4088,10.);
#122=CYLINDRICAL_SURFACE('',#4093,10.);
#123=CYLINDRICAL_SURFACE('',#4097,10.);
#124=CYLINDRICAL_SURFACE('',#4101,4.5);
#125=CYLINDRICAL_SURFACE('',#4104,4.5);
#126=CYLINDRICAL_SURFACE('',#4107,4.5);
#127=CYLINDRICAL_SURFACE('',#4131,6.);
#128=CYLINDRICAL_SURFACE('',#4132,6.);
#129=CYLINDRICAL_SURFACE('',#4133,0.5);
#130=CYLINDRICAL_SURFACE('',#4137,3.);
#131=CYLINDRICAL_SURFACE('',#4139,0.5);
#132=CYLINDRICAL_SURFACE('',#4143,10.);
#133=CYLINDRICAL_SURFACE('',#4147,10.);
#134=CYLINDRICAL_SURFACE('',#4151,0.5);
#135=CYLINDRICAL_SURFACE('',#4155,3.);
#136=CYLINDRICAL_SURFACE('',#4157,0.5);
#137=CYLINDRICAL_SURFACE('',#4161,10.);
#138=CYLINDRICAL_SURFACE('',#4165,10.);
#139=CYLINDRICAL_SURFACE('',#4169,10.);
#140=CYLINDRICAL_SURFACE('',#4173,13.);
#141=CYLINDRICAL_SURFACE('',#4176,1.6);
#142=CYLINDRICAL_SURFACE('',#4179,1.6);
#143=CYLINDRICAL_SURFACE('',#4182,1.6);
#144=CYLINDRICAL_SURFACE('',#4185,1.6);
#145=CYLINDRICAL_SURFACE('',#4188,1.6);
#146=CYLINDRICAL_SURFACE('',#4191,1.6);
#147=CYLINDRICAL_SURFACE('',#4194,2.575);
#148=CYLINDRICAL_SURFACE('',#4197,2.575);
#149=CYLINDRICAL_SURFACE('',#4200,2.575);
#150=CYLINDRICAL_SURFACE('',#4203,2.575);
#151=CYLINDRICAL_SURFACE('',#4206,2.575);
#152=CYLINDRICAL_SURFACE('',#4209,2.575);
#153=CYLINDRICAL_SURFACE('',#4214,10.);
#154=CYLINDRICAL_SURFACE('',#4218,3.);
#155=CYLINDRICAL_SURFACE('',#4219,6.);
#156=CYLINDRICAL_SURFACE('',#4220,10.);
#157=CYLINDRICAL_SURFACE('',#4224,10.);
#158=CYLINDRICAL_SURFACE('',#4229,10.);
#159=CYLINDRICAL_SURFACE('',#4233,10.);
#160=CYLINDRICAL_SURFACE('',#4237,4.5);
#161=CYLINDRICAL_SURFACE('',#4240,4.5);
#162=CYLINDRICAL_SURFACE('',#4243,4.5);
#163=CYLINDRICAL_SURFACE('',#4267,6.);
#164=CYLINDRICAL_SURFACE('',#4268,6.);
#165=CYLINDRICAL_SURFACE('',#4269,10.);
#166=CYLINDRICAL_SURFACE('',#4273,0.5);
#167=CYLINDRICAL_SURFACE('',#4277,3.);
#168=CYLINDRICAL_SURFACE('',#4279,0.5);
#169=CYLINDRICAL_SURFACE('',#4283,10.);
#170=CYLINDRICAL_SURFACE('',#4287,10.);
#171=CYLINDRICAL_SURFACE('',#4291,10.);
#172=CYLINDRICAL_SURFACE('',#4295,0.5);
#173=CYLINDRICAL_SURFACE('',#4299,3.);
#174=CYLINDRICAL_SURFACE('',#4301,0.5);
#175=CYLINDRICAL_SURFACE('',#4305,10.);
#176=CYLINDRICAL_SURFACE('',#4309,13.);
#177=CYLINDRICAL_SURFACE('',#4312,1.6);
#178=CYLINDRICAL_SURFACE('',#4315,1.6);
#179=CYLINDRICAL_SURFACE('',#4318,1.6);
#180=CYLINDRICAL_SURFACE('',#4321,1.6);
#181=CYLINDRICAL_SURFACE('',#4324,1.6);
#182=CYLINDRICAL_SURFACE('',#4327,1.6);
#183=CYLINDRICAL_SURFACE('',#4330,2.575);
#184=CYLINDRICAL_SURFACE('',#4333,2.575);
#185=CYLINDRICAL_SURFACE('',#4336,2.575);
#186=CYLINDRICAL_SURFACE('',#4339,2.575);
#187=CYLINDRICAL_SURFACE('',#4342,2.575);
#188=CYLINDRICAL_SURFACE('',#4345,2.575);
#189=CYLINDRICAL_SURFACE('',#4353,10.);
#190=CYLINDRICAL_SURFACE('',#4354,4.5);
#191=CYLINDRICAL_SURFACE('',#4355,4.5);
#192=CYLINDRICAL_SURFACE('',#4356,4.5);
#193=CYLINDRICAL_SURFACE('',#4357,4.5);
#194=LINE('',#5500,#420);
#195=LINE('',#5505,#421);
#196=LINE('',#5509,#422);
#197=LINE('',#5513,#423);
#198=LINE('',#5532,#424);
#199=LINE('',#5537,#425);
#200=LINE('',#5541,#426);
#201=LINE('',#5543,#427);
#202=LINE('',#5545,#428);
#203=LINE('',#5549,#429);
#204=LINE('',#5553,#430);
#205=LINE('',#5561,#431);
#206=LINE('',#5565,#432);
#207=LINE('',#5569,#433);
#208=LINE('',#5614,#434);
#209=LINE('',#5618,#435);
#210=LINE('',#5622,#436);
#211=LINE('',#5626,#437);
#212=LINE('',#5635,#438);
#213=LINE('',#5640,#439);
#214=LINE('',#5650,#440);
#215=LINE('',#5654,#441);
#216=LINE('',#5658,#442);
#217=LINE('',#5668,#443);
#218=LINE('',#5672,#444);
#219=LINE('',#5676,#445);
#220=LINE('',#5678,#446);
#221=LINE('',#5680,#447);
#222=LINE('',#5684,#448);
#223=LINE('',#5685,#449);
#224=LINE('',#5687,#450);
#225=LINE('',#5688,#451);
#226=LINE('',#5690,#452);
#227=LINE('',#5691,#453);
#228=LINE('',#5702,#454);
#229=LINE('',#5713,#455);
#230=LINE('',#5724,#456);
#231=LINE('',#5725,#457);
#232=LINE('',#5727,#458);
#233=LINE('',#5729,#459);
#234=LINE('',#5731,#460);
#235=LINE('',#5733,#461);
#236=LINE('',#5735,#462);
#237=LINE('',#5737,#463);
#238=LINE('',#5748,#464);
#239=LINE('',#5749,#465);
#240=LINE('',#5751,#466);
#241=LINE('',#5752,#467);
#242=LINE('',#5754,#468);
#243=LINE('',#5755,#469);
#244=LINE('',#5757,#470);
#245=LINE('',#5758,#471);
#246=LINE('',#5784,#472);
#247=LINE('',#5792,#473);
#248=LINE('',#5796,#474);
#249=LINE('',#5798,#475);
#250=LINE('',#5803,#476);
#251=LINE('',#5807,#477);
#252=LINE('',#5812,#478);
#253=LINE('',#5816,#479);
#254=LINE('',#5818,#480);
#255=LINE('',#5819,#481);
#256=LINE('',#5861,#482);
#257=LINE('',#5862,#483);
#258=LINE('',#5864,#484);
#259=LINE('',#5866,#485);
#260=LINE('',#6019,#486);
#261=LINE('',#6021,#487);
#262=LINE('',#6026,#488);
#263=LINE('',#6030,#489);
#264=LINE('',#6032,#490);
#265=LINE('',#6035,#491);
#266=LINE('',#6037,#492);
#267=LINE('',#6039,#493);
#268=LINE('',#6045,#494);
#269=LINE('',#6047,#495);
#270=LINE('',#6048,#496);
#271=LINE('',#6050,#497);
#272=LINE('',#6052,#498);
#273=LINE('',#6054,#499);
#274=LINE('',#6059,#500);
#275=LINE('',#6063,#501);
#276=LINE('',#6065,#502);
#277=LINE('',#6068,#503);
#278=LINE('',#6070,#504);
#279=LINE('',#6072,#505);
#280=LINE('',#6078,#506);
#281=LINE('',#6080,#507);
#282=LINE('',#6081,#508);
#283=LINE('',#6098,#509);
#284=LINE('',#6100,#510);
#285=LINE('',#6102,#511);
#286=LINE('',#6104,#512);
#287=LINE('',#6110,#513);
#288=LINE('',#6114,#514);
#289=LINE('',#6122,#515);
#290=LINE('',#6128,#516);
#291=LINE('',#6132,#517);
#292=LINE('',#6136,#518);
#293=LINE('',#6142,#519);
#294=LINE('',#6144,#520);
#295=LINE('',#6146,#521);
#296=LINE('',#6151,#522);
#297=LINE('',#6155,#523);
#298=LINE('',#6157,#524);
#299=LINE('',#6158,#525);
#300=LINE('',#6160,#526);
#301=LINE('',#6162,#527);
#302=LINE('',#6164,#528);
#303=LINE('',#6166,#529);
#304=LINE('',#6170,#530);
#305=LINE('',#6174,#531);
#306=LINE('',#6176,#532);
#307=LINE('',#6178,#533);
#308=LINE('',#6182,#534);
#309=LINE('',#6186,#535);
#310=LINE('',#6188,#536);
#311=LINE('',#6190,#537);
#312=LINE('',#6194,#538);
#313=LINE('',#6198,#539);
#314=LINE('',#6200,#540);
#315=LINE('',#6202,#541);
#316=LINE('',#6206,#542);
#317=LINE('',#6210,#543);
#318=LINE('',#6211,#544);
#319=LINE('',#6213,#545);
#320=LINE('',#6215,#546);
#321=LINE('',#6217,#547);
#322=LINE('',#6219,#548);
#323=LINE('',#6223,#549);
#324=LINE('',#6227,#550);
#325=LINE('',#6229,#551);
#326=LINE('',#6231,#552);
#327=LINE('',#6235,#553);
#328=LINE('',#6239,#554);
#329=LINE('',#6241,#555);
#330=LINE('',#6243,#556);
#331=LINE('',#6247,#557);
#332=LINE('',#6251,#558);
#333=LINE('',#6253,#559);
#334=LINE('',#6263,#560);
#335=LINE('',#6267,#561);
#336=LINE('',#6269,#562);
#337=LINE('',#6270,#563);
#338=LINE('',#6337,#564);
#339=LINE('',#6342,#565);
#340=LINE('',#6540,#566);
#341=LINE('',#6542,#567);
#342=LINE('',#6547,#568);
#343=LINE('',#6551,#569);
#344=LINE('',#6553,#570);
#345=LINE('',#6556,#571);
#346=LINE('',#6558,#572);
#347=LINE('',#6560,#573);
#348=LINE('',#6566,#574);
#349=LINE('',#6568,#575);
#350=LINE('',#6569,#576);
#351=LINE('',#6571,#577);
#352=LINE('',#6573,#578);
#353=LINE('',#6575,#579);
#354=LINE('',#6580,#580);
#355=LINE('',#6584,#581);
#356=LINE('',#6586,#582);
#357=LINE('',#6589,#583);
#358=LINE('',#6591,#584);
#359=LINE('',#6593,#585);
#360=LINE('',#6599,#586);
#361=LINE('',#6601,#587);
#362=LINE('',#6602,#588);
#363=LINE('',#6619,#589);
#364=LINE('',#6621,#590);
#365=LINE('',#6623,#591);
#366=LINE('',#6625,#592);
#367=LINE('',#6631,#593);
#368=LINE('',#6635,#594);
#369=LINE('',#6643,#595);
#370=LINE('',#6649,#596);
#371=LINE('',#6653,#597);
#372=LINE('',#6657,#598);
#373=LINE('',#6663,#599);
#374=LINE('',#6665,#600);
#375=LINE('',#6667,#601);
#376=LINE('',#6672,#602);
#377=LINE('',#6676,#603);
#378=LINE('',#6678,#604);
#379=LINE('',#6680,#605);
#380=LINE('',#6682,#606);
#381=LINE('',#6686,#607);
#382=LINE('',#6690,#608);
#383=LINE('',#6691,#609);
#384=LINE('',#6693,#610);
#385=LINE('',#6695,#611);
#386=LINE('',#6697,#612);
#387=LINE('',#6699,#613);
#388=LINE('',#6703,#614);
#389=LINE('',#6707,#615);
#390=LINE('',#6709,#616);
#391=LINE('',#6711,#617);
#392=LINE('',#6715,#618);
#393=LINE('',#6719,#619);
#394=LINE('',#6722,#620);
#395=LINE('',#6724,#621);
#396=LINE('',#6735,#622);
#397=LINE('',#6737,#623);
#398=LINE('',#6739,#624);
#399=LINE('',#6741,#625);
#400=LINE('',#6745,#626);
#401=LINE('',#6749,#627);
#402=LINE('',#6751,#628);
#403=LINE('',#6753,#629);
#404=LINE('',#6757,#630);
#405=LINE('',#6761,#631);
#406=LINE('',#6762,#632);
#407=LINE('',#6764,#633);
#408=LINE('',#6766,#634);
#409=LINE('',#6768,#635);
#410=LINE('',#6770,#636);
#411=LINE('',#6774,#637);
#412=LINE('',#6778,#638);
#413=LINE('',#6780,#639);
#414=LINE('',#6782,#640);
#415=LINE('',#6786,#641);
#416=LINE('',#6790,#642);
#417=LINE('',#6791,#643);
#418=LINE('',#6859,#644);
#419=LINE('',#6861,#645);
#420=VECTOR('',#4386,1000.);
#421=VECTOR('',#4389,1000.);
#422=VECTOR('',#4392,1000.);
#423=VECTOR('',#4395,1000.);
#424=VECTOR('',#4414,1000.);
#425=VECTOR('',#4417,1000.);
#426=VECTOR('',#4420,1000.);
#427=VECTOR('',#4421,1000.);
#428=VECTOR('',#4422,1000.);
#429=VECTOR('',#4425,1000.);
#430=VECTOR('',#4428,1000.);
#431=VECTOR('',#4435,1000.);
#432=VECTOR('',#4438,1000.);
#433=VECTOR('',#4441,1000.);
#434=VECTOR('',#4486,1000.);
#435=VECTOR('',#4489,1000.);
#436=VECTOR('',#4492,1000.);
#437=VECTOR('',#4495,1000.);
#438=VECTOR('',#4504,1000.);
#439=VECTOR('',#4507,1000.);
#440=VECTOR('',#4516,1000.);
#441=VECTOR('',#4519,1000.);
#442=VECTOR('',#4522,1000.);
#443=VECTOR('',#4531,1000.);
#444=VECTOR('',#4534,1000.);
#445=VECTOR('',#4537,1000.);
#446=VECTOR('',#4538,1000.);
#447=VECTOR('',#4539,1000.);
#448=VECTOR('',#4544,1000.);
#449=VECTOR('',#4545,1000.);
#450=VECTOR('',#4548,1000.);
#451=VECTOR('',#4549,1000.);
#452=VECTOR('',#4552,1000.);
#453=VECTOR('',#4553,1000.);
#454=VECTOR('',#4558,1000.);
#455=VECTOR('',#4563,1000.);
#456=VECTOR('',#4576,1000.);
#457=VECTOR('',#4577,1000.);
#458=VECTOR('',#4580,1000.);
#459=VECTOR('',#4583,1000.);
#460=VECTOR('',#4586,1000.);
#461=VECTOR('',#4589,1000.);
#462=VECTOR('',#4592,1000.);
#463=VECTOR('',#4595,1000.);
#464=VECTOR('',#4616,1000.);
#465=VECTOR('',#4617,1000.);
#466=VECTOR('',#4620,1000.);
#467=VECTOR('',#4621,1000.);
#468=VECTOR('',#4624,1000.);
#469=VECTOR('',#4625,1000.);
#470=VECTOR('',#4628,1000.);
#471=VECTOR('',#4629,1000.);
#472=VECTOR('',#4664,1000.);
#473=VECTOR('',#4673,1000.);
#474=VECTOR('',#4678,1000.);
#475=VECTOR('',#4681,1000.);
#476=VECTOR('',#4686,1000.);
#477=VECTOR('',#4689,1000.);
#478=VECTOR('',#4694,1000.);
#479=VECTOR('',#4697,1000.);
#480=VECTOR('',#4700,1000.);
#481=VECTOR('',#4701,1000.);
#482=VECTOR('',#4752,1000.);
#483=VECTOR('',#4753,1000.);
#484=VECTOR('',#4756,1000.);
#485=VECTOR('',#4759,1000.);
#486=VECTOR('',#4764,1000.);
#487=VECTOR('',#4767,1000.);
#488=VECTOR('',#4772,1000.);
#489=VECTOR('',#4775,1000.);
#490=VECTOR('',#4778,1000.);
#491=VECTOR('',#4779,1000.);
#492=VECTOR('',#4780,1000.);
#493=VECTOR('',#4781,1000.);
#494=VECTOR('',#4788,1000.);
#495=VECTOR('',#4791,1000.);
#496=VECTOR('',#4792,1000.);
#497=VECTOR('',#4795,1000.);
#498=VECTOR('',#4796,1000.);
#499=VECTOR('',#4797,1000.);
#500=VECTOR('',#4802,1000.);
#501=VECTOR('',#4805,1000.);
#502=VECTOR('',#4808,1000.);
#503=VECTOR('',#4809,1000.);
#504=VECTOR('',#4810,1000.);
#505=VECTOR('',#4811,1000.);
#506=VECTOR('',#4818,1000.);
#507=VECTOR('',#4821,1000.);
#508=VECTOR('',#4822,1000.);
#509=VECTOR('',#4843,1000.);
#510=VECTOR('',#4844,1000.);
#511=VECTOR('',#4845,1000.);
#512=VECTOR('',#4848,1000.);
#513=VECTOR('',#4855,1000.);
#514=VECTOR('',#4860,1000.);
#515=VECTOR('',#4869,1000.);
#516=VECTOR('',#4876,1000.);
#517=VECTOR('',#4881,1000.);
#518=VECTOR('',#4886,1000.);
#519=VECTOR('',#4893,1000.);
#520=VECTOR('',#4896,1000.);
#521=VECTOR('',#4899,1000.);
#522=VECTOR('',#4904,1000.);
#523=VECTOR('',#4907,1000.);
#524=VECTOR('',#4910,1000.);
#525=VECTOR('',#4911,1000.);
#526=VECTOR('',#4914,1000.);
#527=VECTOR('',#4917,1000.);
#528=VECTOR('',#4918,1000.);
#529=VECTOR('',#4919,1000.);
#530=VECTOR('',#4924,1000.);
#531=VECTOR('',#4929,1000.);
#532=VECTOR('',#4930,1000.);
#533=VECTOR('',#4931,1000.);
#534=VECTOR('',#4936,1000.);
#535=VECTOR('',#4941,1000.);
#536=VECTOR('',#4942,1000.);
#537=VECTOR('',#4943,1000.);
#538=VECTOR('',#4948,1000.);
#539=VECTOR('',#4953,1000.);
#540=VECTOR('',#4954,1000.);
#541=VECTOR('',#4955,1000.);
#542=VECTOR('',#4960,1000.);
#543=VECTOR('',#4965,1000.);
#544=VECTOR('',#4966,1000.);
#545=VECTOR('',#4969,1000.);
#546=VECTOR('',#4972,1000.);
#547=VECTOR('',#4973,1000.);
#548=VECTOR('',#4974,1000.);
#549=VECTOR('',#4979,1000.);
#550=VECTOR('',#4984,1000.);
#551=VECTOR('',#4985,1000.);
#552=VECTOR('',#4986,1000.);
#553=VECTOR('',#4991,1000.);
#554=VECTOR('',#4996,1000.);
#555=VECTOR('',#4997,1000.);
#556=VECTOR('',#4998,1000.);
#557=VECTOR('',#5003,1000.);
#558=VECTOR('',#5008,1000.);
#559=VECTOR('',#5009,1000.);
#560=VECTOR('',#5014,1000.);
#561=VECTOR('',#5017,1000.);
#562=VECTOR('',#5020,1000.);
#563=VECTOR('',#5021,1000.);
#564=VECTOR('',#5102,1000.);
#565=VECTOR('',#5111,1000.);
#566=VECTOR('',#5116,1000.);
#567=VECTOR('',#5119,1000.);
#568=VECTOR('',#5124,1000.);
#569=VECTOR('',#5127,1000.);
#570=VECTOR('',#5130,1000.);
#571=VECTOR('',#5131,1000.);
#572=VECTOR('',#5132,1000.);
#573=VECTOR('',#5133,1000.);
#574=VECTOR('',#5140,1000.);
#575=VECTOR('',#5143,1000.);
#576=VECTOR('',#5144,1000.);
#577=VECTOR('',#5147,1000.);
#578=VECTOR('',#5148,1000.);
#579=VECTOR('',#5149,1000.);
#580=VECTOR('',#5154,1000.);
#581=VECTOR('',#5157,1000.);
#582=VECTOR('',#5160,1000.);
#583=VECTOR('',#5161,1000.);
#584=VECTOR('',#5162,1000.);
#585=VECTOR('',#5163,1000.);
#586=VECTOR('',#5170,1000.);
#587=VECTOR('',#5173,1000.);
#588=VECTOR('',#5174,1000.);
#589=VECTOR('',#5195,1000.);
#590=VECTOR('',#5196,1000.);
#591=VECTOR('',#5197,1000.);
#592=VECTOR('',#5200,1000.);
#593=VECTOR('',#5207,1000.);
#594=VECTOR('',#5212,1000.);
#595=VECTOR('',#5221,1000.);
#596=VECTOR('',#5228,1000.);
#597=VECTOR('',#5233,1000.);
#598=VECTOR('',#5238,1000.);
#599=VECTOR('',#5245,1000.);
#600=VECTOR('',#5248,1000.);
#601=VECTOR('',#5251,1000.);
#602=VECTOR('',#5256,1000.);
#603=VECTOR('',#5259,1000.);
#604=VECTOR('',#5262,1000.);
#605=VECTOR('',#5263,1000.);
#606=VECTOR('',#5264,1000.);
#607=VECTOR('',#5269,1000.);
#608=VECTOR('',#5274,1000.);
#609=VECTOR('',#5275,1000.);
#610=VECTOR('',#5278,1000.);
#611=VECTOR('',#5281,1000.);
#612=VECTOR('',#5282,1000.);
#613=VECTOR('',#5283,1000.);
#614=VECTOR('',#5288,1000.);
#615=VECTOR('',#5293,1000.);
#616=VECTOR('',#5294,1000.);
#617=VECTOR('',#5295,1000.);
#618=VECTOR('',#5300,1000.);
#619=VECTOR('',#5305,1000.);
#620=VECTOR('',#5306,1000.);
#621=VECTOR('',#5307,1000.);
#622=VECTOR('',#5314,1000.);
#623=VECTOR('',#5317,1000.);
#624=VECTOR('',#5318,1000.);
#625=VECTOR('',#5319,1000.);
#626=VECTOR('',#5324,1000.);
#627=VECTOR('',#5329,1000.);
#628=VECTOR('',#5330,1000.);
#629=VECTOR('',#5331,1000.);
#630=VECTOR('',#5336,1000.);
#631=VECTOR('',#5341,1000.);
#632=VECTOR('',#5342,1000.);
#633=VECTOR('',#5345,1000.);
#634=VECTOR('',#5348,1000.);
#635=VECTOR('',#5349,1000.);
#636=VECTOR('',#5350,1000.);
#637=VECTOR('',#5355,1000.);
#638=VECTOR('',#5360,1000.);
#639=VECTOR('',#5361,1000.);
#640=VECTOR('',#5362,1000.);
#641=VECTOR('',#5367,1000.);
#642=VECTOR('',#5372,1000.);
#643=VECTOR('',#5373,1000.);
#644=VECTOR('',#5456,1000.);
#645=VECTOR('',#5459,1000.);
#646=ORIENTED_EDGE('',*,*,#1674,.F.);
#647=ORIENTED_EDGE('',*,*,#1675,.F.);
#648=ORIENTED_EDGE('',*,*,#1676,.F.);
#649=ORIENTED_EDGE('',*,*,#1677,.F.);
#650=ORIENTED_EDGE('',*,*,#1678,.F.);
#651=ORIENTED_EDGE('',*,*,#1679,.F.);
#652=ORIENTED_EDGE('',*,*,#1680,.F.);
#653=ORIENTED_EDGE('',*,*,#1681,.F.);
#654=ORIENTED_EDGE('',*,*,#1682,.T.);
#655=ORIENTED_EDGE('',*,*,#1683,.T.);
#656=ORIENTED_EDGE('',*,*,#1684,.T.);
#657=ORIENTED_EDGE('',*,*,#1685,.T.);
#658=ORIENTED_EDGE('',*,*,#1686,.T.);
#659=ORIENTED_EDGE('',*,*,#1687,.T.);
#660=ORIENTED_EDGE('',*,*,#1688,.T.);
#661=ORIENTED_EDGE('',*,*,#1689,.T.);
#662=ORIENTED_EDGE('',*,*,#1690,.T.);
#663=ORIENTED_EDGE('',*,*,#1691,.T.);
#664=ORIENTED_EDGE('',*,*,#1692,.T.);
#665=ORIENTED_EDGE('',*,*,#1693,.T.);
#666=ORIENTED_EDGE('',*,*,#1694,.T.);
#667=ORIENTED_EDGE('',*,*,#1695,.T.);
#668=ORIENTED_EDGE('',*,*,#1696,.T.);
#669=ORIENTED_EDGE('',*,*,#1697,.T.);
#670=ORIENTED_EDGE('',*,*,#1698,.F.);
#671=ORIENTED_EDGE('',*,*,#1699,.F.);
#672=ORIENTED_EDGE('',*,*,#1700,.F.);
#673=ORIENTED_EDGE('',*,*,#1701,.F.);
#674=ORIENTED_EDGE('',*,*,#1702,.T.);
#675=ORIENTED_EDGE('',*,*,#1703,.T.);
#676=ORIENTED_EDGE('',*,*,#1704,.F.);
#677=ORIENTED_EDGE('',*,*,#1705,.T.);
#678=ORIENTED_EDGE('',*,*,#1706,.F.);
#679=ORIENTED_EDGE('',*,*,#1707,.F.);
#680=ORIENTED_EDGE('',*,*,#1708,.F.);
#681=ORIENTED_EDGE('',*,*,#1709,.T.);
#682=ORIENTED_EDGE('',*,*,#1710,.F.);
#683=ORIENTED_EDGE('',*,*,#1711,.T.);
#684=ORIENTED_EDGE('',*,*,#1712,.T.);
#685=ORIENTED_EDGE('',*,*,#1713,.T.);
#686=ORIENTED_EDGE('',*,*,#1714,.F.);
#687=ORIENTED_EDGE('',*,*,#1715,.F.);
#688=ORIENTED_EDGE('',*,*,#1716,.T.);
#689=ORIENTED_EDGE('',*,*,#1717,.T.);
#690=ORIENTED_EDGE('',*,*,#1718,.T.);
#691=ORIENTED_EDGE('',*,*,#1719,.T.);
#692=ORIENTED_EDGE('',*,*,#1720,.F.);
#693=ORIENTED_EDGE('',*,*,#1721,.F.);
#694=ORIENTED_EDGE('',*,*,#1722,.F.);
#695=ORIENTED_EDGE('',*,*,#1723,.F.);
#696=ORIENTED_EDGE('',*,*,#1724,.T.);
#697=ORIENTED_EDGE('',*,*,#1725,.T.);
#698=ORIENTED_EDGE('',*,*,#1726,.T.);
#699=ORIENTED_EDGE('',*,*,#1727,.T.);
#700=ORIENTED_EDGE('',*,*,#1728,.T.);
#701=ORIENTED_EDGE('',*,*,#1729,.T.);
#702=ORIENTED_EDGE('',*,*,#1730,.T.);
#703=ORIENTED_EDGE('',*,*,#1731,.T.);
#704=ORIENTED_EDGE('',*,*,#1732,.T.);
#705=ORIENTED_EDGE('',*,*,#1733,.T.);
#706=ORIENTED_EDGE('',*,*,#1734,.T.);
#707=ORIENTED_EDGE('',*,*,#1735,.T.);
#708=ORIENTED_EDGE('',*,*,#1736,.T.);
#709=ORIENTED_EDGE('',*,*,#1737,.F.);
#710=ORIENTED_EDGE('',*,*,#1738,.F.);
#711=ORIENTED_EDGE('',*,*,#1739,.F.);
#712=ORIENTED_EDGE('',*,*,#1740,.F.);
#713=ORIENTED_EDGE('',*,*,#1741,.F.);
#714=ORIENTED_EDGE('',*,*,#1742,.F.);
#715=ORIENTED_EDGE('',*,*,#1743,.F.);
#716=ORIENTED_EDGE('',*,*,#1744,.F.);
#717=ORIENTED_EDGE('',*,*,#1745,.F.);
#718=ORIENTED_EDGE('',*,*,#1746,.F.);
#719=ORIENTED_EDGE('',*,*,#1747,.F.);
#720=ORIENTED_EDGE('',*,*,#1748,.F.);
#721=ORIENTED_EDGE('',*,*,#1749,.F.);
#722=ORIENTED_EDGE('',*,*,#1750,.F.);
#723=ORIENTED_EDGE('',*,*,#1751,.F.);
#724=ORIENTED_EDGE('',*,*,#1752,.F.);
#725=ORIENTED_EDGE('',*,*,#1753,.T.);
#726=ORIENTED_EDGE('',*,*,#1754,.T.);
#727=ORIENTED_EDGE('',*,*,#1755,.F.);
#728=ORIENTED_EDGE('',*,*,#1756,.T.);
#729=ORIENTED_EDGE('',*,*,#1757,.T.);
#730=ORIENTED_EDGE('',*,*,#1758,.T.);
#731=ORIENTED_EDGE('',*,*,#1759,.T.);
#732=ORIENTED_EDGE('',*,*,#1760,.T.);
#733=ORIENTED_EDGE('',*,*,#1761,.T.);
#734=ORIENTED_EDGE('',*,*,#1762,.F.);
#735=ORIENTED_EDGE('',*,*,#1763,.T.);
#736=ORIENTED_EDGE('',*,*,#1764,.F.);
#737=ORIENTED_EDGE('',*,*,#1765,.T.);
#738=ORIENTED_EDGE('',*,*,#1766,.T.);
#739=ORIENTED_EDGE('',*,*,#1767,.T.);
#740=ORIENTED_EDGE('',*,*,#1768,.T.);
#741=ORIENTED_EDGE('',*,*,#1769,.F.);
#742=ORIENTED_EDGE('',*,*,#1770,.T.);
#743=ORIENTED_EDGE('',*,*,#1771,.T.);
#744=ORIENTED_EDGE('',*,*,#1772,.T.);
#745=ORIENTED_EDGE('',*,*,#1773,.T.);
#746=ORIENTED_EDGE('',*,*,#1774,.T.);
#747=ORIENTED_EDGE('',*,*,#1775,.T.);
#748=ORIENTED_EDGE('',*,*,#1776,.T.);
#749=ORIENTED_EDGE('',*,*,#1755,.T.);
#750=ORIENTED_EDGE('',*,*,#1777,.T.);
#751=ORIENTED_EDGE('',*,*,#1702,.F.);
#752=ORIENTED_EDGE('',*,*,#1778,.T.);
#753=ORIENTED_EDGE('',*,*,#1712,.F.);
#754=ORIENTED_EDGE('',*,*,#1779,.T.);
#755=ORIENTED_EDGE('',*,*,#1769,.T.);
#756=ORIENTED_EDGE('',*,*,#1780,.T.);
#757=ORIENTED_EDGE('',*,*,#1718,.F.);
#758=ORIENTED_EDGE('',*,*,#1781,.T.);
#759=ORIENTED_EDGE('',*,*,#1762,.T.);
#760=ORIENTED_EDGE('',*,*,#1782,.T.);
#761=ORIENTED_EDGE('',*,*,#1783,.T.);
#762=ORIENTED_EDGE('',*,*,#1765,.F.);
#763=ORIENTED_EDGE('',*,*,#1784,.F.);
#764=ORIENTED_EDGE('',*,*,#1715,.T.);
#765=ORIENTED_EDGE('',*,*,#1714,.T.);
#766=ORIENTED_EDGE('',*,*,#1785,.T.);
#767=ORIENTED_EDGE('',*,*,#1767,.F.);
#768=ORIENTED_EDGE('',*,*,#1766,.F.);
#769=ORIENTED_EDGE('',*,*,#1783,.F.);
#770=ORIENTED_EDGE('',*,*,#1786,.T.);
#771=ORIENTED_EDGE('',*,*,#1722,.T.);
#772=ORIENTED_EDGE('',*,*,#1787,.T.);
#773=ORIENTED_EDGE('',*,*,#1758,.F.);
#774=ORIENTED_EDGE('',*,*,#1757,.F.);
#775=ORIENTED_EDGE('',*,*,#1788,.T.);
#776=ORIENTED_EDGE('',*,*,#1723,.T.);
#777=ORIENTED_EDGE('',*,*,#1786,.F.);
#778=ORIENTED_EDGE('',*,*,#1759,.F.);
#779=ORIENTED_EDGE('',*,*,#1787,.F.);
#780=ORIENTED_EDGE('',*,*,#1721,.T.);
#781=ORIENTED_EDGE('',*,*,#1789,.F.);
#782=ORIENTED_EDGE('',*,*,#1682,.F.);
#783=ORIENTED_EDGE('',*,*,#1752,.T.);
#784=ORIENTED_EDGE('',*,*,#1683,.F.);
#785=ORIENTED_EDGE('',*,*,#1751,.T.);
#786=ORIENTED_EDGE('',*,*,#1684,.F.);
#787=ORIENTED_EDGE('',*,*,#1750,.T.);
#788=ORIENTED_EDGE('',*,*,#1685,.F.);
#789=ORIENTED_EDGE('',*,*,#1749,.T.);
#790=ORIENTED_EDGE('',*,*,#1741,.T.);
#791=ORIENTED_EDGE('',*,*,#1790,.F.);
#792=ORIENTED_EDGE('',*,*,#1687,.F.);
#793=ORIENTED_EDGE('',*,*,#1791,.T.);
#794=ORIENTED_EDGE('',*,*,#1742,.T.);
#795=ORIENTED_EDGE('',*,*,#1791,.F.);
#796=ORIENTED_EDGE('',*,*,#1686,.F.);
#797=ORIENTED_EDGE('',*,*,#1792,.T.);
#798=ORIENTED_EDGE('',*,*,#1743,.T.);
#799=ORIENTED_EDGE('',*,*,#1792,.F.);
#800=ORIENTED_EDGE('',*,*,#1693,.F.);
#801=ORIENTED_EDGE('',*,*,#1793,.T.);
#802=ORIENTED_EDGE('',*,*,#1744,.T.);
#803=ORIENTED_EDGE('',*,*,#1793,.F.);
#804=ORIENTED_EDGE('',*,*,#1692,.F.);
#805=ORIENTED_EDGE('',*,*,#1794,.T.);
#806=ORIENTED_EDGE('',*,*,#1745,.T.);
#807=ORIENTED_EDGE('',*,*,#1794,.F.);
#808=ORIENTED_EDGE('',*,*,#1691,.F.);
#809=ORIENTED_EDGE('',*,*,#1795,.T.);
#810=ORIENTED_EDGE('',*,*,#1746,.T.);
#811=ORIENTED_EDGE('',*,*,#1795,.F.);
#812=ORIENTED_EDGE('',*,*,#1690,.F.);
#813=ORIENTED_EDGE('',*,*,#1796,.T.);
#814=ORIENTED_EDGE('',*,*,#1747,.T.);
#815=ORIENTED_EDGE('',*,*,#1796,.F.);
#816=ORIENTED_EDGE('',*,*,#1689,.F.);
#817=ORIENTED_EDGE('',*,*,#1797,.T.);
#818=ORIENTED_EDGE('',*,*,#1748,.T.);
#819=ORIENTED_EDGE('',*,*,#1797,.F.);
#820=ORIENTED_EDGE('',*,*,#1688,.F.);
#821=ORIENTED_EDGE('',*,*,#1790,.T.);
#822=ORIENTED_EDGE('',*,*,#1694,.F.);
#823=ORIENTED_EDGE('',*,*,#1740,.T.);
#824=ORIENTED_EDGE('',*,*,#1695,.F.);
#825=ORIENTED_EDGE('',*,*,#1739,.T.);
#826=ORIENTED_EDGE('',*,*,#1696,.F.);
#827=ORIENTED_EDGE('',*,*,#1738,.T.);
#828=ORIENTED_EDGE('',*,*,#1697,.F.);
#829=ORIENTED_EDGE('',*,*,#1737,.T.);
#830=ORIENTED_EDGE('',*,*,#1736,.F.);
#831=ORIENTED_EDGE('',*,*,#1698,.T.);
#832=ORIENTED_EDGE('',*,*,#1735,.F.);
#833=ORIENTED_EDGE('',*,*,#1699,.T.);
#834=ORIENTED_EDGE('',*,*,#1734,.F.);
#835=ORIENTED_EDGE('',*,*,#1700,.T.);
#836=ORIENTED_EDGE('',*,*,#1733,.F.);
#837=ORIENTED_EDGE('',*,*,#1701,.T.);
#838=ORIENTED_EDGE('',*,*,#1710,.T.);
#839=ORIENTED_EDGE('',*,*,#1798,.T.);
#840=ORIENTED_EDGE('',*,*,#1771,.F.);
#841=ORIENTED_EDGE('',*,*,#1799,.T.);
#842=ORIENTED_EDGE('',*,*,#1773,.F.);
#843=ORIENTED_EDGE('',*,*,#1800,.T.);
#844=ORIENTED_EDGE('',*,*,#1708,.T.);
#845=ORIENTED_EDGE('',*,*,#1801,.T.);
#846=ORIENTED_EDGE('',*,*,#1706,.T.);
#847=ORIENTED_EDGE('',*,*,#1802,.T.);
#848=ORIENTED_EDGE('',*,*,#1775,.F.);
#849=ORIENTED_EDGE('',*,*,#1803,.F.);
#850=ORIENTED_EDGE('',*,*,#1704,.T.);
#851=ORIENTED_EDGE('',*,*,#1804,.T.);
#852=ORIENTED_EDGE('',*,*,#1753,.F.);
#853=ORIENTED_EDGE('',*,*,#1805,.T.);
#854=ORIENTED_EDGE('',*,*,#1732,.F.);
#855=ORIENTED_EDGE('',*,*,#1681,.T.);
#856=ORIENTED_EDGE('',*,*,#1731,.F.);
#857=ORIENTED_EDGE('',*,*,#1680,.T.);
#858=ORIENTED_EDGE('',*,*,#1730,.F.);
#859=ORIENTED_EDGE('',*,*,#1679,.T.);
#860=ORIENTED_EDGE('',*,*,#1729,.F.);
#861=ORIENTED_EDGE('',*,*,#1678,.T.);
#862=ORIENTED_EDGE('',*,*,#1728,.F.);
#863=ORIENTED_EDGE('',*,*,#1677,.T.);
#864=ORIENTED_EDGE('',*,*,#1727,.F.);
#865=ORIENTED_EDGE('',*,*,#1676,.T.);
#866=ORIENTED_EDGE('',*,*,#1726,.F.);
#867=ORIENTED_EDGE('',*,*,#1675,.T.);
#868=ORIENTED_EDGE('',*,*,#1725,.F.);
#869=ORIENTED_EDGE('',*,*,#1674,.T.);
#870=ORIENTED_EDGE('',*,*,#1768,.F.);
#871=ORIENTED_EDGE('',*,*,#1785,.F.);
#872=ORIENTED_EDGE('',*,*,#1713,.F.);
#873=ORIENTED_EDGE('',*,*,#1780,.F.);
#874=ORIENTED_EDGE('',*,*,#1724,.F.);
#875=ORIENTED_EDGE('',*,*,#1788,.F.);
#876=ORIENTED_EDGE('',*,*,#1756,.F.);
#877=ORIENTED_EDGE('',*,*,#1778,.F.);
#878=ORIENTED_EDGE('',*,*,#1703,.F.);
#879=ORIENTED_EDGE('',*,*,#1777,.F.);
#880=ORIENTED_EDGE('',*,*,#1754,.F.);
#881=ORIENTED_EDGE('',*,*,#1804,.F.);
#882=ORIENTED_EDGE('',*,*,#1705,.F.);
#883=ORIENTED_EDGE('',*,*,#1805,.F.);
#884=ORIENTED_EDGE('',*,*,#1776,.F.);
#885=ORIENTED_EDGE('',*,*,#1802,.F.);
#886=ORIENTED_EDGE('',*,*,#1709,.F.);
#887=ORIENTED_EDGE('',*,*,#1800,.F.);
#888=ORIENTED_EDGE('',*,*,#1772,.F.);
#889=ORIENTED_EDGE('',*,*,#1798,.F.);
#890=ORIENTED_EDGE('',*,*,#1770,.F.);
#891=ORIENTED_EDGE('',*,*,#1779,.F.);
#892=ORIENTED_EDGE('',*,*,#1711,.F.);
#893=ORIENTED_EDGE('',*,*,#1799,.F.);
#894=ORIENTED_EDGE('',*,*,#1806,.F.);
#895=ORIENTED_EDGE('',*,*,#1763,.F.);
#896=ORIENTED_EDGE('',*,*,#1781,.F.);
#897=ORIENTED_EDGE('',*,*,#1717,.F.);
#898=ORIENTED_EDGE('',*,*,#1807,.F.);
#899=ORIENTED_EDGE('',*,*,#1719,.F.);
#900=ORIENTED_EDGE('',*,*,#1782,.F.);
#901=ORIENTED_EDGE('',*,*,#1761,.F.);
#902=ORIENTED_EDGE('',*,*,#1808,.T.);
#903=ORIENTED_EDGE('',*,*,#1809,.T.);
#904=ORIENTED_EDGE('',*,*,#1801,.F.);
#905=ORIENTED_EDGE('',*,*,#1810,.F.);
#906=ORIENTED_EDGE('',*,*,#1811,.T.);
#907=ORIENTED_EDGE('',*,*,#1812,.F.);
#908=ORIENTED_EDGE('',*,*,#1813,.F.);
#909=ORIENTED_EDGE('',*,*,#1803,.T.);
#910=ORIENTED_EDGE('',*,*,#1707,.T.);
#911=ORIENTED_EDGE('',*,*,#1813,.T.);
#912=ORIENTED_EDGE('',*,*,#1814,.T.);
#913=ORIENTED_EDGE('',*,*,#1810,.T.);
#914=ORIENTED_EDGE('',*,*,#1774,.F.);
#915=ORIENTED_EDGE('',*,*,#1809,.F.);
#916=ORIENTED_EDGE('',*,*,#1815,.F.);
#917=ORIENTED_EDGE('',*,*,#1811,.F.);
#918=ORIENTED_EDGE('',*,*,#1816,.F.);
#919=ORIENTED_EDGE('',*,*,#1817,.F.);
#920=ORIENTED_EDGE('',*,*,#1818,.F.);
#921=ORIENTED_EDGE('',*,*,#1819,.F.);
#922=ORIENTED_EDGE('',*,*,#1820,.F.);
#923=ORIENTED_EDGE('',*,*,#1821,.F.);
#924=ORIENTED_EDGE('',*,*,#1822,.F.);
#925=ORIENTED_EDGE('',*,*,#1823,.F.);
#926=ORIENTED_EDGE('',*,*,#1824,.T.);
#927=ORIENTED_EDGE('',*,*,#1823,.T.);
#928=ORIENTED_EDGE('',*,*,#1825,.F.);
#929=ORIENTED_EDGE('',*,*,#1817,.T.);
#930=ORIENTED_EDGE('',*,*,#1826,.F.);
#931=ORIENTED_EDGE('',*,*,#1827,.T.);
#932=ORIENTED_EDGE('',*,*,#1828,.F.);
#933=ORIENTED_EDGE('',*,*,#1829,.T.);
#934=ORIENTED_EDGE('',*,*,#1830,.F.);
#935=ORIENTED_EDGE('',*,*,#1831,.T.);
#936=ORIENTED_EDGE('',*,*,#1832,.F.);
#937=ORIENTED_EDGE('',*,*,#1833,.T.);
#938=ORIENTED_EDGE('',*,*,#1834,.F.);
#939=ORIENTED_EDGE('',*,*,#1835,.T.);
#940=ORIENTED_EDGE('',*,*,#1836,.F.);
#941=ORIENTED_EDGE('',*,*,#1837,.T.);
#942=ORIENTED_EDGE('',*,*,#1838,.F.);
#943=ORIENTED_EDGE('',*,*,#1839,.T.);
#944=ORIENTED_EDGE('',*,*,#1840,.F.);
#945=ORIENTED_EDGE('',*,*,#1841,.T.);
#946=ORIENTED_EDGE('',*,*,#1840,.T.);
#947=ORIENTED_EDGE('',*,*,#1838,.T.);
#948=ORIENTED_EDGE('',*,*,#1836,.T.);
#949=ORIENTED_EDGE('',*,*,#1834,.T.);
#950=ORIENTED_EDGE('',*,*,#1832,.T.);
#951=ORIENTED_EDGE('',*,*,#1830,.T.);
#952=ORIENTED_EDGE('',*,*,#1828,.T.);
#953=ORIENTED_EDGE('',*,*,#1826,.T.);
#954=ORIENTED_EDGE('',*,*,#1825,.T.);
#955=ORIENTED_EDGE('',*,*,#1822,.T.);
#956=ORIENTED_EDGE('',*,*,#1842,.T.);
#957=ORIENTED_EDGE('',*,*,#1814,.F.);
#958=ORIENTED_EDGE('',*,*,#1843,.T.);
#959=ORIENTED_EDGE('',*,*,#1818,.T.);
#960=ORIENTED_EDGE('',*,*,#1844,.T.);
#961=ORIENTED_EDGE('',*,*,#1819,.T.);
#962=ORIENTED_EDGE('',*,*,#1843,.F.);
#963=ORIENTED_EDGE('',*,*,#1812,.T.);
#964=ORIENTED_EDGE('',*,*,#1841,.F.);
#965=ORIENTED_EDGE('',*,*,#1839,.F.);
#966=ORIENTED_EDGE('',*,*,#1837,.F.);
#967=ORIENTED_EDGE('',*,*,#1835,.F.);
#968=ORIENTED_EDGE('',*,*,#1833,.F.);
#969=ORIENTED_EDGE('',*,*,#1831,.F.);
#970=ORIENTED_EDGE('',*,*,#1829,.F.);
#971=ORIENTED_EDGE('',*,*,#1827,.F.);
#972=ORIENTED_EDGE('',*,*,#1845,.F.);
#973=ORIENTED_EDGE('',*,*,#1820,.T.);
#974=ORIENTED_EDGE('',*,*,#1824,.F.);
#975=ORIENTED_EDGE('',*,*,#1816,.T.);
#976=ORIENTED_EDGE('',*,*,#1844,.F.);
#977=ORIENTED_EDGE('',*,*,#1815,.T.);
#978=ORIENTED_EDGE('',*,*,#1842,.F.);
#979=ORIENTED_EDGE('',*,*,#1821,.T.);
#980=ORIENTED_EDGE('',*,*,#1845,.T.);
#981=ORIENTED_EDGE('',*,*,#1808,.F.);
#982=ORIENTED_EDGE('',*,*,#1846,.F.);
#983=ORIENTED_EDGE('',*,*,#1847,.T.);
#984=ORIENTED_EDGE('',*,*,#1848,.T.);
#985=ORIENTED_EDGE('',*,*,#1849,.F.);
#986=ORIENTED_EDGE('',*,*,#1848,.F.);
#987=ORIENTED_EDGE('',*,*,#1850,.T.);
#988=ORIENTED_EDGE('',*,*,#1851,.T.);
#989=ORIENTED_EDGE('',*,*,#1852,.F.);
#990=ORIENTED_EDGE('',*,*,#1853,.F.);
#991=ORIENTED_EDGE('',*,*,#1854,.T.);
#992=ORIENTED_EDGE('',*,*,#1855,.T.);
#993=ORIENTED_EDGE('',*,*,#1856,.F.);
#994=ORIENTED_EDGE('',*,*,#1855,.F.);
#995=ORIENTED_EDGE('',*,*,#1857,.T.);
#996=ORIENTED_EDGE('',*,*,#1806,.T.);
#997=ORIENTED_EDGE('',*,*,#1858,.F.);
#998=ORIENTED_EDGE('',*,*,#1784,.T.);
#999=ORIENTED_EDGE('',*,*,#1859,.T.);
#1000=ORIENTED_EDGE('',*,*,#1860,.T.);
#1001=ORIENTED_EDGE('',*,*,#1861,.F.);
#1002=ORIENTED_EDGE('',*,*,#1862,.T.);
#1003=ORIENTED_EDGE('',*,*,#1846,.T.);
#1004=ORIENTED_EDGE('',*,*,#1863,.F.);
#1005=ORIENTED_EDGE('',*,*,#1860,.F.);
#1006=ORIENTED_EDGE('',*,*,#1861,.T.);
#1007=ORIENTED_EDGE('',*,*,#1863,.T.);
#1008=ORIENTED_EDGE('',*,*,#1849,.T.);
#1009=ORIENTED_EDGE('',*,*,#1852,.T.);
#1010=ORIENTED_EDGE('',*,*,#1864,.T.);
#1011=ORIENTED_EDGE('',*,*,#1856,.T.);
#1012=ORIENTED_EDGE('',*,*,#1858,.T.);
#1013=ORIENTED_EDGE('',*,*,#1716,.F.);
#1014=ORIENTED_EDGE('',*,*,#1859,.F.);
#1015=ORIENTED_EDGE('',*,*,#1764,.T.);
#1016=ORIENTED_EDGE('',*,*,#1857,.F.);
#1017=ORIENTED_EDGE('',*,*,#1854,.F.);
#1018=ORIENTED_EDGE('',*,*,#1865,.F.);
#1019=ORIENTED_EDGE('',*,*,#1850,.F.);
#1020=ORIENTED_EDGE('',*,*,#1847,.F.);
#1021=ORIENTED_EDGE('',*,*,#1862,.F.);
#1022=ORIENTED_EDGE('',*,*,#1866,.F.);
#1023=ORIENTED_EDGE('',*,*,#1867,.F.);
#1024=ORIENTED_EDGE('',*,*,#1868,.F.);
#1025=ORIENTED_EDGE('',*,*,#1869,.F.);
#1026=ORIENTED_EDGE('',*,*,#1870,.F.);
#1027=ORIENTED_EDGE('',*,*,#1871,.T.);
#1028=ORIENTED_EDGE('',*,*,#1872,.T.);
#1029=ORIENTED_EDGE('',*,*,#1873,.F.);
#1030=ORIENTED_EDGE('',*,*,#1874,.F.);
#1031=ORIENTED_EDGE('',*,*,#1871,.F.);
#1032=ORIENTED_EDGE('',*,*,#1875,.F.);
#1033=ORIENTED_EDGE('',*,*,#1876,.F.);
#1034=ORIENTED_EDGE('',*,*,#1877,.T.);
#1035=ORIENTED_EDGE('',*,*,#1876,.T.);
#1036=ORIENTED_EDGE('',*,*,#1878,.F.);
#1037=ORIENTED_EDGE('',*,*,#1867,.T.);
#1038=ORIENTED_EDGE('',*,*,#1879,.T.);
#1039=ORIENTED_EDGE('',*,*,#1869,.T.);
#1040=ORIENTED_EDGE('',*,*,#1880,.F.);
#1041=ORIENTED_EDGE('',*,*,#1881,.T.);
#1042=ORIENTED_EDGE('',*,*,#1882,.F.);
#1043=ORIENTED_EDGE('',*,*,#1883,.F.);
#1044=ORIENTED_EDGE('',*,*,#1884,.F.);
#1045=ORIENTED_EDGE('',*,*,#1885,.F.);
#1046=ORIENTED_EDGE('',*,*,#1886,.T.);
#1047=ORIENTED_EDGE('',*,*,#1887,.T.);
#1048=ORIENTED_EDGE('',*,*,#1888,.F.);
#1049=ORIENTED_EDGE('',*,*,#1889,.F.);
#1050=ORIENTED_EDGE('',*,*,#1890,.F.);
#1051=ORIENTED_EDGE('',*,*,#1887,.F.);
#1052=ORIENTED_EDGE('',*,*,#1891,.F.);
#1053=ORIENTED_EDGE('',*,*,#1892,.F.);
#1054=ORIENTED_EDGE('',*,*,#1893,.F.);
#1055=ORIENTED_EDGE('',*,*,#1892,.T.);
#1056=ORIENTED_EDGE('',*,*,#1894,.T.);
#1057=ORIENTED_EDGE('',*,*,#1883,.T.);
#1058=ORIENTED_EDGE('',*,*,#1895,.F.);
#1059=ORIENTED_EDGE('',*,*,#1896,.T.);
#1060=ORIENTED_EDGE('',*,*,#1897,.F.);
#1061=ORIENTED_EDGE('',*,*,#1898,.T.);
#1062=ORIENTED_EDGE('',*,*,#1899,.F.);
#1063=ORIENTED_EDGE('',*,*,#1900,.T.);
#1064=ORIENTED_EDGE('',*,*,#1901,.F.);
#1065=ORIENTED_EDGE('',*,*,#1885,.T.);
#1066=ORIENTED_EDGE('',*,*,#1902,.T.);
#1067=ORIENTED_EDGE('',*,*,#1903,.T.);
#1068=ORIENTED_EDGE('',*,*,#1900,.F.);
#1069=ORIENTED_EDGE('',*,*,#1898,.F.);
#1070=ORIENTED_EDGE('',*,*,#1896,.F.);
#1071=ORIENTED_EDGE('',*,*,#1888,.T.);
#1072=ORIENTED_EDGE('',*,*,#1890,.T.);
#1073=ORIENTED_EDGE('',*,*,#1893,.T.);
#1074=ORIENTED_EDGE('',*,*,#1882,.T.);
#1075=ORIENTED_EDGE('',*,*,#1901,.T.);
#1076=ORIENTED_EDGE('',*,*,#1904,.T.);
#1077=ORIENTED_EDGE('',*,*,#1905,.F.);
#1078=ORIENTED_EDGE('',*,*,#1906,.F.);
#1079=ORIENTED_EDGE('',*,*,#1872,.F.);
#1080=ORIENTED_EDGE('',*,*,#1874,.T.);
#1081=ORIENTED_EDGE('',*,*,#1877,.F.);
#1082=ORIENTED_EDGE('',*,*,#1866,.T.);
#1083=ORIENTED_EDGE('',*,*,#1879,.F.);
#1084=ORIENTED_EDGE('',*,*,#1907,.T.);
#1085=ORIENTED_EDGE('',*,*,#1873,.T.);
#1086=ORIENTED_EDGE('',*,*,#1908,.T.);
#1087=ORIENTED_EDGE('',*,*,#1909,.F.);
#1088=ORIENTED_EDGE('',*,*,#1910,.F.);
#1089=ORIENTED_EDGE('',*,*,#1911,.T.);
#1090=ORIENTED_EDGE('',*,*,#1912,.T.);
#1091=ORIENTED_EDGE('',*,*,#1878,.T.);
#1092=ORIENTED_EDGE('',*,*,#1875,.T.);
#1093=ORIENTED_EDGE('',*,*,#1870,.T.);
#1094=ORIENTED_EDGE('',*,*,#1913,.F.);
#1095=ORIENTED_EDGE('',*,*,#1880,.T.);
#1096=ORIENTED_EDGE('',*,*,#1868,.T.);
#1097=ORIENTED_EDGE('',*,*,#1914,.T.);
#1098=ORIENTED_EDGE('',*,*,#1881,.F.);
#1099=ORIENTED_EDGE('',*,*,#1915,.F.);
#1100=ORIENTED_EDGE('',*,*,#1916,.T.);
#1101=ORIENTED_EDGE('',*,*,#1889,.T.);
#1102=ORIENTED_EDGE('',*,*,#1917,.T.);
#1103=ORIENTED_EDGE('',*,*,#1918,.F.);
#1104=ORIENTED_EDGE('',*,*,#1919,.F.);
#1105=ORIENTED_EDGE('',*,*,#1899,.T.);
#1106=ORIENTED_EDGE('',*,*,#1897,.T.);
#1107=ORIENTED_EDGE('',*,*,#1895,.T.);
#1108=ORIENTED_EDGE('',*,*,#1894,.F.);
#1109=ORIENTED_EDGE('',*,*,#1891,.T.);
#1110=ORIENTED_EDGE('',*,*,#1886,.F.);
#1111=ORIENTED_EDGE('',*,*,#1920,.F.);
#1112=ORIENTED_EDGE('',*,*,#1902,.F.);
#1113=ORIENTED_EDGE('',*,*,#1884,.T.);
#1114=ORIENTED_EDGE('',*,*,#1921,.T.);
#1115=ORIENTED_EDGE('',*,*,#1903,.F.);
#1116=ORIENTED_EDGE('',*,*,#1922,.F.);
#1117=ORIENTED_EDGE('',*,*,#1923,.T.);
#1118=ORIENTED_EDGE('',*,*,#1924,.F.);
#1119=ORIENTED_EDGE('',*,*,#1917,.F.);
#1120=ORIENTED_EDGE('',*,*,#1904,.F.);
#1121=ORIENTED_EDGE('',*,*,#1921,.F.);
#1122=ORIENTED_EDGE('',*,*,#1925,.F.);
#1123=ORIENTED_EDGE('',*,*,#1908,.F.);
#1124=ORIENTED_EDGE('',*,*,#1907,.F.);
#1125=ORIENTED_EDGE('',*,*,#1914,.F.);
#1126=ORIENTED_EDGE('',*,*,#1926,.F.);
#1127=ORIENTED_EDGE('',*,*,#1927,.F.);
#1128=ORIENTED_EDGE('',*,*,#1928,.F.);
#1129=ORIENTED_EDGE('',*,*,#1929,.F.);
#1130=ORIENTED_EDGE('',*,*,#1930,.F.);
#1131=ORIENTED_EDGE('',*,*,#1927,.T.);
#1132=ORIENTED_EDGE('',*,*,#1931,.T.);
#1133=ORIENTED_EDGE('',*,*,#1909,.T.);
#1134=ORIENTED_EDGE('',*,*,#1932,.T.);
#1135=ORIENTED_EDGE('',*,*,#1915,.T.);
#1136=ORIENTED_EDGE('',*,*,#1913,.T.);
#1137=ORIENTED_EDGE('',*,*,#1910,.T.);
#1138=ORIENTED_EDGE('',*,*,#1933,.T.);
#1139=ORIENTED_EDGE('',*,*,#1934,.T.);
#1140=ORIENTED_EDGE('',*,*,#1935,.F.);
#1141=ORIENTED_EDGE('',*,*,#1916,.F.);
#1142=ORIENTED_EDGE('',*,*,#1936,.F.);
#1143=ORIENTED_EDGE('',*,*,#1937,.F.);
#1144=ORIENTED_EDGE('',*,*,#1938,.F.);
#1145=ORIENTED_EDGE('',*,*,#1934,.F.);
#1146=ORIENTED_EDGE('',*,*,#1939,.F.);
#1147=ORIENTED_EDGE('',*,*,#1937,.T.);
#1148=ORIENTED_EDGE('',*,*,#1940,.T.);
#1149=ORIENTED_EDGE('',*,*,#1941,.T.);
#1150=ORIENTED_EDGE('',*,*,#1942,.F.);
#1151=ORIENTED_EDGE('',*,*,#1943,.F.);
#1152=ORIENTED_EDGE('',*,*,#1944,.F.);
#1153=ORIENTED_EDGE('',*,*,#1941,.F.);
#1154=ORIENTED_EDGE('',*,*,#1945,.T.);
#1155=ORIENTED_EDGE('',*,*,#1943,.T.);
#1156=ORIENTED_EDGE('',*,*,#1946,.F.);
#1157=ORIENTED_EDGE('',*,*,#1947,.T.);
#1158=ORIENTED_EDGE('',*,*,#1948,.F.);
#1159=ORIENTED_EDGE('',*,*,#1949,.T.);
#1160=ORIENTED_EDGE('',*,*,#1950,.F.);
#1161=ORIENTED_EDGE('',*,*,#1947,.F.);
#1162=ORIENTED_EDGE('',*,*,#1951,.T.);
#1163=ORIENTED_EDGE('',*,*,#1952,.T.);
#1164=ORIENTED_EDGE('',*,*,#1953,.F.);
#1165=ORIENTED_EDGE('',*,*,#1949,.F.);
#1166=ORIENTED_EDGE('',*,*,#1954,.F.);
#1167=ORIENTED_EDGE('',*,*,#1955,.F.);
#1168=ORIENTED_EDGE('',*,*,#1956,.F.);
#1169=ORIENTED_EDGE('',*,*,#1952,.F.);
#1170=ORIENTED_EDGE('',*,*,#1957,.F.);
#1171=ORIENTED_EDGE('',*,*,#1955,.T.);
#1172=ORIENTED_EDGE('',*,*,#1958,.T.);
#1173=ORIENTED_EDGE('',*,*,#1918,.T.);
#1174=ORIENTED_EDGE('',*,*,#1959,.T.);
#1175=ORIENTED_EDGE('',*,*,#1922,.T.);
#1176=ORIENTED_EDGE('',*,*,#1920,.T.);
#1177=ORIENTED_EDGE('',*,*,#1919,.T.);
#1178=ORIENTED_EDGE('',*,*,#1960,.T.);
#1179=ORIENTED_EDGE('',*,*,#1961,.T.);
#1180=ORIENTED_EDGE('',*,*,#1962,.F.);
#1181=ORIENTED_EDGE('',*,*,#1923,.F.);
#1182=ORIENTED_EDGE('',*,*,#1963,.F.);
#1183=ORIENTED_EDGE('',*,*,#1964,.F.);
#1184=ORIENTED_EDGE('',*,*,#1965,.F.);
#1185=ORIENTED_EDGE('',*,*,#1961,.F.);
#1186=ORIENTED_EDGE('',*,*,#1966,.F.);
#1187=ORIENTED_EDGE('',*,*,#1964,.T.);
#1188=ORIENTED_EDGE('',*,*,#1967,.T.);
#1189=ORIENTED_EDGE('',*,*,#1968,.T.);
#1190=ORIENTED_EDGE('',*,*,#1969,.F.);
#1191=ORIENTED_EDGE('',*,*,#1970,.F.);
#1192=ORIENTED_EDGE('',*,*,#1971,.F.);
#1193=ORIENTED_EDGE('',*,*,#1968,.F.);
#1194=ORIENTED_EDGE('',*,*,#1972,.F.);
#1195=ORIENTED_EDGE('',*,*,#1970,.T.);
#1196=ORIENTED_EDGE('',*,*,#1973,.T.);
#1197=ORIENTED_EDGE('',*,*,#1974,.T.);
#1198=ORIENTED_EDGE('',*,*,#1975,.F.);
#1199=ORIENTED_EDGE('',*,*,#1976,.F.);
#1200=ORIENTED_EDGE('',*,*,#1977,.F.);
#1201=ORIENTED_EDGE('',*,*,#1974,.F.);
#1202=ORIENTED_EDGE('',*,*,#1978,.T.);
#1203=ORIENTED_EDGE('',*,*,#1976,.T.);
#1204=ORIENTED_EDGE('',*,*,#1979,.F.);
#1205=ORIENTED_EDGE('',*,*,#1980,.T.);
#1206=ORIENTED_EDGE('',*,*,#1981,.F.);
#1207=ORIENTED_EDGE('',*,*,#1982,.F.);
#1208=ORIENTED_EDGE('',*,*,#1983,.F.);
#1209=ORIENTED_EDGE('',*,*,#1984,.T.);
#1210=ORIENTED_EDGE('',*,*,#1985,.T.);
#1211=ORIENTED_EDGE('',*,*,#1929,.T.);
#1212=ORIENTED_EDGE('',*,*,#1986,.F.);
#1213=ORIENTED_EDGE('',*,*,#1984,.F.);
#1214=ORIENTED_EDGE('',*,*,#1987,.T.);
#1215=ORIENTED_EDGE('',*,*,#1988,.F.);
#1216=ORIENTED_EDGE('',*,*,#1989,.T.);
#1217=ORIENTED_EDGE('',*,*,#1990,.F.);
#1218=ORIENTED_EDGE('',*,*,#1991,.T.);
#1219=ORIENTED_EDGE('',*,*,#1992,.F.);
#1220=ORIENTED_EDGE('',*,*,#1993,.T.);
#1221=ORIENTED_EDGE('',*,*,#1994,.F.);
#1222=ORIENTED_EDGE('',*,*,#1995,.T.);
#1223=ORIENTED_EDGE('',*,*,#1996,.F.);
#1224=ORIENTED_EDGE('',*,*,#1997,.T.);
#1225=ORIENTED_EDGE('',*,*,#1998,.F.);
#1226=ORIENTED_EDGE('',*,*,#1999,.T.);
#1227=ORIENTED_EDGE('',*,*,#2000,.F.);
#1228=ORIENTED_EDGE('',*,*,#2001,.T.);
#1229=ORIENTED_EDGE('',*,*,#2002,.F.);
#1230=ORIENTED_EDGE('',*,*,#2003,.T.);
#1231=ORIENTED_EDGE('',*,*,#2004,.F.);
#1232=ORIENTED_EDGE('',*,*,#2005,.T.);
#1233=ORIENTED_EDGE('',*,*,#2006,.F.);
#1234=ORIENTED_EDGE('',*,*,#2007,.T.);
#1235=ORIENTED_EDGE('',*,*,#2008,.F.);
#1236=ORIENTED_EDGE('',*,*,#2009,.T.);
#1237=ORIENTED_EDGE('',*,*,#2010,.F.);
#1238=ORIENTED_EDGE('',*,*,#2011,.T.);
#1239=ORIENTED_EDGE('',*,*,#2012,.F.);
#1240=ORIENTED_EDGE('',*,*,#2012,.T.);
#1241=ORIENTED_EDGE('',*,*,#2010,.T.);
#1242=ORIENTED_EDGE('',*,*,#2008,.T.);
#1243=ORIENTED_EDGE('',*,*,#2006,.T.);
#1244=ORIENTED_EDGE('',*,*,#2004,.T.);
#1245=ORIENTED_EDGE('',*,*,#2002,.T.);
#1246=ORIENTED_EDGE('',*,*,#2000,.T.);
#1247=ORIENTED_EDGE('',*,*,#1998,.T.);
#1248=ORIENTED_EDGE('',*,*,#1996,.T.);
#1249=ORIENTED_EDGE('',*,*,#1994,.T.);
#1250=ORIENTED_EDGE('',*,*,#1992,.T.);
#1251=ORIENTED_EDGE('',*,*,#1990,.T.);
#1252=ORIENTED_EDGE('',*,*,#1988,.T.);
#1253=ORIENTED_EDGE('',*,*,#1985,.F.);
#1254=ORIENTED_EDGE('',*,*,#1983,.T.);
#1255=ORIENTED_EDGE('',*,*,#2013,.T.);
#1256=ORIENTED_EDGE('',*,*,#1864,.F.);
#1257=ORIENTED_EDGE('',*,*,#2014,.T.);
#1258=ORIENTED_EDGE('',*,*,#1979,.T.);
#1259=ORIENTED_EDGE('',*,*,#1975,.T.);
#1260=ORIENTED_EDGE('',*,*,#1973,.F.);
#1261=ORIENTED_EDGE('',*,*,#1969,.T.);
#1262=ORIENTED_EDGE('',*,*,#1967,.F.);
#1263=ORIENTED_EDGE('',*,*,#1963,.T.);
#1264=ORIENTED_EDGE('',*,*,#1960,.F.);
#1265=ORIENTED_EDGE('',*,*,#1959,.F.);
#1266=ORIENTED_EDGE('',*,*,#1958,.F.);
#1267=ORIENTED_EDGE('',*,*,#1954,.T.);
#1268=ORIENTED_EDGE('',*,*,#1951,.F.);
#1269=ORIENTED_EDGE('',*,*,#1948,.T.);
#1270=ORIENTED_EDGE('',*,*,#1946,.T.);
#1271=ORIENTED_EDGE('',*,*,#1942,.T.);
#1272=ORIENTED_EDGE('',*,*,#1940,.F.);
#1273=ORIENTED_EDGE('',*,*,#1936,.T.);
#1274=ORIENTED_EDGE('',*,*,#1933,.F.);
#1275=ORIENTED_EDGE('',*,*,#1932,.F.);
#1276=ORIENTED_EDGE('',*,*,#1931,.F.);
#1277=ORIENTED_EDGE('',*,*,#1926,.T.);
#1278=ORIENTED_EDGE('',*,*,#1851,.F.);
#1279=ORIENTED_EDGE('',*,*,#2015,.F.);
#1280=ORIENTED_EDGE('',*,*,#1980,.F.);
#1281=ORIENTED_EDGE('',*,*,#2014,.F.);
#1282=ORIENTED_EDGE('',*,*,#2011,.F.);
#1283=ORIENTED_EDGE('',*,*,#2009,.F.);
#1284=ORIENTED_EDGE('',*,*,#2007,.F.);
#1285=ORIENTED_EDGE('',*,*,#2005,.F.);
#1286=ORIENTED_EDGE('',*,*,#2003,.F.);
#1287=ORIENTED_EDGE('',*,*,#2001,.F.);
#1288=ORIENTED_EDGE('',*,*,#1999,.F.);
#1289=ORIENTED_EDGE('',*,*,#1997,.F.);
#1290=ORIENTED_EDGE('',*,*,#1995,.F.);
#1291=ORIENTED_EDGE('',*,*,#1993,.F.);
#1292=ORIENTED_EDGE('',*,*,#1991,.F.);
#1293=ORIENTED_EDGE('',*,*,#1989,.F.);
#1294=ORIENTED_EDGE('',*,*,#1987,.F.);
#1295=ORIENTED_EDGE('',*,*,#2016,.F.);
#1296=ORIENTED_EDGE('',*,*,#1981,.T.);
#1297=ORIENTED_EDGE('',*,*,#1986,.T.);
#1298=ORIENTED_EDGE('',*,*,#1928,.T.);
#1299=ORIENTED_EDGE('',*,*,#1930,.T.);
#1300=ORIENTED_EDGE('',*,*,#1925,.T.);
#1301=ORIENTED_EDGE('',*,*,#1935,.T.);
#1302=ORIENTED_EDGE('',*,*,#1938,.T.);
#1303=ORIENTED_EDGE('',*,*,#1939,.T.);
#1304=ORIENTED_EDGE('',*,*,#1944,.T.);
#1305=ORIENTED_EDGE('',*,*,#1945,.F.);
#1306=ORIENTED_EDGE('',*,*,#1950,.T.);
#1307=ORIENTED_EDGE('',*,*,#1953,.T.);
#1308=ORIENTED_EDGE('',*,*,#1956,.T.);
#1309=ORIENTED_EDGE('',*,*,#1957,.T.);
#1310=ORIENTED_EDGE('',*,*,#1924,.T.);
#1311=ORIENTED_EDGE('',*,*,#1962,.T.);
#1312=ORIENTED_EDGE('',*,*,#1965,.T.);
#1313=ORIENTED_EDGE('',*,*,#1966,.T.);
#1314=ORIENTED_EDGE('',*,*,#1971,.T.);
#1315=ORIENTED_EDGE('',*,*,#1972,.T.);
#1316=ORIENTED_EDGE('',*,*,#1977,.T.);
#1317=ORIENTED_EDGE('',*,*,#1978,.F.);
#1318=ORIENTED_EDGE('',*,*,#2015,.T.);
#1319=ORIENTED_EDGE('',*,*,#1865,.T.);
#1320=ORIENTED_EDGE('',*,*,#2013,.F.);
#1321=ORIENTED_EDGE('',*,*,#1982,.T.);
#1322=ORIENTED_EDGE('',*,*,#2016,.T.);
#1323=ORIENTED_EDGE('',*,*,#1853,.T.);
#1324=ORIENTED_EDGE('',*,*,#2017,.T.);
#1325=ORIENTED_EDGE('',*,*,#2018,.T.);
#1326=ORIENTED_EDGE('',*,*,#2019,.T.);
#1327=ORIENTED_EDGE('',*,*,#2020,.F.);
#1328=ORIENTED_EDGE('',*,*,#2019,.F.);
#1329=ORIENTED_EDGE('',*,*,#2021,.T.);
#1330=ORIENTED_EDGE('',*,*,#2022,.T.);
#1331=ORIENTED_EDGE('',*,*,#2023,.F.);
#1332=ORIENTED_EDGE('',*,*,#2022,.F.);
#1333=ORIENTED_EDGE('',*,*,#2024,.T.);
#1334=ORIENTED_EDGE('',*,*,#2025,.T.);
#1335=ORIENTED_EDGE('',*,*,#2026,.F.);
#1336=ORIENTED_EDGE('',*,*,#2025,.F.);
#1337=ORIENTED_EDGE('',*,*,#2027,.T.);
#1338=ORIENTED_EDGE('',*,*,#1789,.T.);
#1339=ORIENTED_EDGE('',*,*,#2028,.F.);
#1340=ORIENTED_EDGE('',*,*,#1807,.T.);
#1341=ORIENTED_EDGE('',*,*,#2029,.T.);
#1342=ORIENTED_EDGE('',*,*,#2030,.T.);
#1343=ORIENTED_EDGE('',*,*,#2031,.F.);
#1344=ORIENTED_EDGE('',*,*,#2032,.T.);
#1345=ORIENTED_EDGE('',*,*,#2033,.T.);
#1346=ORIENTED_EDGE('',*,*,#2034,.F.);
#1347=ORIENTED_EDGE('',*,*,#2030,.F.);
#1348=ORIENTED_EDGE('',*,*,#2031,.T.);
#1349=ORIENTED_EDGE('',*,*,#2034,.T.);
#1350=ORIENTED_EDGE('',*,*,#2035,.F.);
#1351=ORIENTED_EDGE('',*,*,#2020,.T.);
#1352=ORIENTED_EDGE('',*,*,#2023,.T.);
#1353=ORIENTED_EDGE('',*,*,#2026,.T.);
#1354=ORIENTED_EDGE('',*,*,#2028,.T.);
#1355=ORIENTED_EDGE('',*,*,#1720,.T.);
#1356=ORIENTED_EDGE('',*,*,#2029,.F.);
#1357=ORIENTED_EDGE('',*,*,#1760,.F.);
#1358=ORIENTED_EDGE('',*,*,#2027,.F.);
#1359=ORIENTED_EDGE('',*,*,#2024,.F.);
#1360=ORIENTED_EDGE('',*,*,#2021,.F.);
#1361=ORIENTED_EDGE('',*,*,#2018,.F.);
#1362=ORIENTED_EDGE('',*,*,#2036,.T.);
#1363=ORIENTED_EDGE('',*,*,#2032,.F.);
#1364=ORIENTED_EDGE('',*,*,#2037,.F.);
#1365=ORIENTED_EDGE('',*,*,#2038,.F.);
#1366=ORIENTED_EDGE('',*,*,#2039,.F.);
#1367=ORIENTED_EDGE('',*,*,#2040,.F.);
#1368=ORIENTED_EDGE('',*,*,#2041,.T.);
#1369=ORIENTED_EDGE('',*,*,#2042,.T.);
#1370=ORIENTED_EDGE('',*,*,#2043,.F.);
#1371=ORIENTED_EDGE('',*,*,#2044,.F.);
#1372=ORIENTED_EDGE('',*,*,#2045,.F.);
#1373=ORIENTED_EDGE('',*,*,#2042,.F.);
#1374=ORIENTED_EDGE('',*,*,#2046,.F.);
#1375=ORIENTED_EDGE('',*,*,#2047,.F.);
#1376=ORIENTED_EDGE('',*,*,#2048,.F.);
#1377=ORIENTED_EDGE('',*,*,#2047,.T.);
#1378=ORIENTED_EDGE('',*,*,#2049,.T.);
#1379=ORIENTED_EDGE('',*,*,#2038,.T.);
#1380=ORIENTED_EDGE('',*,*,#2050,.F.);
#1381=ORIENTED_EDGE('',*,*,#2040,.T.);
#1382=ORIENTED_EDGE('',*,*,#2051,.T.);
#1383=ORIENTED_EDGE('',*,*,#2052,.T.);
#1384=ORIENTED_EDGE('',*,*,#2053,.F.);
#1385=ORIENTED_EDGE('',*,*,#2054,.F.);
#1386=ORIENTED_EDGE('',*,*,#2055,.F.);
#1387=ORIENTED_EDGE('',*,*,#2056,.F.);
#1388=ORIENTED_EDGE('',*,*,#2057,.F.);
#1389=ORIENTED_EDGE('',*,*,#2058,.T.);
#1390=ORIENTED_EDGE('',*,*,#2059,.T.);
#1391=ORIENTED_EDGE('',*,*,#2060,.F.);
#1392=ORIENTED_EDGE('',*,*,#2061,.F.);
#1393=ORIENTED_EDGE('',*,*,#2058,.F.);
#1394=ORIENTED_EDGE('',*,*,#2062,.F.);
#1395=ORIENTED_EDGE('',*,*,#2063,.F.);
#1396=ORIENTED_EDGE('',*,*,#2064,.T.);
#1397=ORIENTED_EDGE('',*,*,#2063,.T.);
#1398=ORIENTED_EDGE('',*,*,#2065,.F.);
#1399=ORIENTED_EDGE('',*,*,#2054,.T.);
#1400=ORIENTED_EDGE('',*,*,#2066,.F.);
#1401=ORIENTED_EDGE('',*,*,#2067,.T.);
#1402=ORIENTED_EDGE('',*,*,#2068,.F.);
#1403=ORIENTED_EDGE('',*,*,#2069,.T.);
#1404=ORIENTED_EDGE('',*,*,#2070,.F.);
#1405=ORIENTED_EDGE('',*,*,#2071,.T.);
#1406=ORIENTED_EDGE('',*,*,#2072,.T.);
#1407=ORIENTED_EDGE('',*,*,#2056,.T.);
#1408=ORIENTED_EDGE('',*,*,#2073,.F.);
#1409=ORIENTED_EDGE('',*,*,#2074,.T.);
#1410=ORIENTED_EDGE('',*,*,#2071,.F.);
#1411=ORIENTED_EDGE('',*,*,#2069,.F.);
#1412=ORIENTED_EDGE('',*,*,#2067,.F.);
#1413=ORIENTED_EDGE('',*,*,#2059,.F.);
#1414=ORIENTED_EDGE('',*,*,#2061,.T.);
#1415=ORIENTED_EDGE('',*,*,#2064,.F.);
#1416=ORIENTED_EDGE('',*,*,#2053,.T.);
#1417=ORIENTED_EDGE('',*,*,#2072,.F.);
#1418=ORIENTED_EDGE('',*,*,#2075,.T.);
#1419=ORIENTED_EDGE('',*,*,#2076,.F.);
#1420=ORIENTED_EDGE('',*,*,#2077,.F.);
#1421=ORIENTED_EDGE('',*,*,#2043,.T.);
#1422=ORIENTED_EDGE('',*,*,#2045,.T.);
#1423=ORIENTED_EDGE('',*,*,#2048,.T.);
#1424=ORIENTED_EDGE('',*,*,#2037,.T.);
#1425=ORIENTED_EDGE('',*,*,#2050,.T.);
#1426=ORIENTED_EDGE('',*,*,#2078,.T.);
#1427=ORIENTED_EDGE('',*,*,#2044,.T.);
#1428=ORIENTED_EDGE('',*,*,#2079,.T.);
#1429=ORIENTED_EDGE('',*,*,#2080,.F.);
#1430=ORIENTED_EDGE('',*,*,#2081,.F.);
#1431=ORIENTED_EDGE('',*,*,#2082,.T.);
#1432=ORIENTED_EDGE('',*,*,#2083,.T.);
#1433=ORIENTED_EDGE('',*,*,#2049,.F.);
#1434=ORIENTED_EDGE('',*,*,#2046,.T.);
#1435=ORIENTED_EDGE('',*,*,#2041,.F.);
#1436=ORIENTED_EDGE('',*,*,#2084,.F.);
#1437=ORIENTED_EDGE('',*,*,#2051,.F.);
#1438=ORIENTED_EDGE('',*,*,#2039,.T.);
#1439=ORIENTED_EDGE('',*,*,#2085,.T.);
#1440=ORIENTED_EDGE('',*,*,#2052,.F.);
#1441=ORIENTED_EDGE('',*,*,#2086,.F.);
#1442=ORIENTED_EDGE('',*,*,#2087,.T.);
#1443=ORIENTED_EDGE('',*,*,#2060,.T.);
#1444=ORIENTED_EDGE('',*,*,#2088,.T.);
#1445=ORIENTED_EDGE('',*,*,#2089,.F.);
#1446=ORIENTED_EDGE('',*,*,#2090,.F.);
#1447=ORIENTED_EDGE('',*,*,#2070,.T.);
#1448=ORIENTED_EDGE('',*,*,#2068,.T.);
#1449=ORIENTED_EDGE('',*,*,#2066,.T.);
#1450=ORIENTED_EDGE('',*,*,#2065,.T.);
#1451=ORIENTED_EDGE('',*,*,#2062,.T.);
#1452=ORIENTED_EDGE('',*,*,#2057,.T.);
#1453=ORIENTED_EDGE('',*,*,#2091,.F.);
#1454=ORIENTED_EDGE('',*,*,#2073,.T.);
#1455=ORIENTED_EDGE('',*,*,#2055,.T.);
#1456=ORIENTED_EDGE('',*,*,#2092,.T.);
#1457=ORIENTED_EDGE('',*,*,#2074,.F.);
#1458=ORIENTED_EDGE('',*,*,#2093,.F.);
#1459=ORIENTED_EDGE('',*,*,#2094,.T.);
#1460=ORIENTED_EDGE('',*,*,#2095,.F.);
#1461=ORIENTED_EDGE('',*,*,#2088,.F.);
#1462=ORIENTED_EDGE('',*,*,#2075,.F.);
#1463=ORIENTED_EDGE('',*,*,#2092,.F.);
#1464=ORIENTED_EDGE('',*,*,#2096,.F.);
#1465=ORIENTED_EDGE('',*,*,#2079,.F.);
#1466=ORIENTED_EDGE('',*,*,#2078,.F.);
#1467=ORIENTED_EDGE('',*,*,#2085,.F.);
#1468=ORIENTED_EDGE('',*,*,#2097,.F.);
#1469=ORIENTED_EDGE('',*,*,#2098,.T.);
#1470=ORIENTED_EDGE('',*,*,#2099,.F.);
#1471=ORIENTED_EDGE('',*,*,#2100,.F.);
#1472=ORIENTED_EDGE('',*,*,#2101,.T.);
#1473=ORIENTED_EDGE('',*,*,#2102,.T.);
#1474=ORIENTED_EDGE('',*,*,#2103,.F.);
#1475=ORIENTED_EDGE('',*,*,#2098,.F.);
#1476=ORIENTED_EDGE('',*,*,#2104,.F.);
#1477=ORIENTED_EDGE('',*,*,#2105,.F.);
#1478=ORIENTED_EDGE('',*,*,#2106,.F.);
#1479=ORIENTED_EDGE('',*,*,#2102,.F.);
#1480=ORIENTED_EDGE('',*,*,#2107,.F.);
#1481=ORIENTED_EDGE('',*,*,#2105,.T.);
#1482=ORIENTED_EDGE('',*,*,#2108,.T.);
#1483=ORIENTED_EDGE('',*,*,#2080,.T.);
#1484=ORIENTED_EDGE('',*,*,#2109,.T.);
#1485=ORIENTED_EDGE('',*,*,#2086,.T.);
#1486=ORIENTED_EDGE('',*,*,#2084,.T.);
#1487=ORIENTED_EDGE('',*,*,#2081,.T.);
#1488=ORIENTED_EDGE('',*,*,#2110,.T.);
#1489=ORIENTED_EDGE('',*,*,#2111,.T.);
#1490=ORIENTED_EDGE('',*,*,#2112,.F.);
#1491=ORIENTED_EDGE('',*,*,#2087,.F.);
#1492=ORIENTED_EDGE('',*,*,#2113,.F.);
#1493=ORIENTED_EDGE('',*,*,#2114,.F.);
#1494=ORIENTED_EDGE('',*,*,#2115,.F.);
#1495=ORIENTED_EDGE('',*,*,#2111,.F.);
#1496=ORIENTED_EDGE('',*,*,#2116,.F.);
#1497=ORIENTED_EDGE('',*,*,#2114,.T.);
#1498=ORIENTED_EDGE('',*,*,#2117,.T.);
#1499=ORIENTED_EDGE('',*,*,#2118,.T.);
#1500=ORIENTED_EDGE('',*,*,#2119,.F.);
#1501=ORIENTED_EDGE('',*,*,#2120,.F.);
#1502=ORIENTED_EDGE('',*,*,#2121,.F.);
#1503=ORIENTED_EDGE('',*,*,#2118,.F.);
#1504=ORIENTED_EDGE('',*,*,#2122,.F.);
#1505=ORIENTED_EDGE('',*,*,#2123,.T.);
#1506=ORIENTED_EDGE('',*,*,#2124,.T.);
#1507=ORIENTED_EDGE('',*,*,#2125,.T.);
#1508=ORIENTED_EDGE('',*,*,#2126,.F.);
#1509=ORIENTED_EDGE('',*,*,#2123,.F.);
#1510=ORIENTED_EDGE('',*,*,#2127,.F.);
#1511=ORIENTED_EDGE('',*,*,#2128,.F.);
#1512=ORIENTED_EDGE('',*,*,#2129,.F.);
#1513=ORIENTED_EDGE('',*,*,#2128,.T.);
#1514=ORIENTED_EDGE('',*,*,#2130,.T.);
#1515=ORIENTED_EDGE('',*,*,#2131,.T.);
#1516=ORIENTED_EDGE('',*,*,#2132,.F.);
#1517=ORIENTED_EDGE('',*,*,#2133,.T.);
#1518=ORIENTED_EDGE('',*,*,#2134,.F.);
#1519=ORIENTED_EDGE('',*,*,#2131,.F.);
#1520=ORIENTED_EDGE('',*,*,#2135,.T.);
#1521=ORIENTED_EDGE('',*,*,#2136,.T.);
#1522=ORIENTED_EDGE('',*,*,#2137,.F.);
#1523=ORIENTED_EDGE('',*,*,#2133,.F.);
#1524=ORIENTED_EDGE('',*,*,#2138,.F.);
#1525=ORIENTED_EDGE('',*,*,#2139,.F.);
#1526=ORIENTED_EDGE('',*,*,#2140,.F.);
#1527=ORIENTED_EDGE('',*,*,#2136,.F.);
#1528=ORIENTED_EDGE('',*,*,#2141,.F.);
#1529=ORIENTED_EDGE('',*,*,#2139,.T.);
#1530=ORIENTED_EDGE('',*,*,#2142,.T.);
#1531=ORIENTED_EDGE('',*,*,#2089,.T.);
#1532=ORIENTED_EDGE('',*,*,#2143,.T.);
#1533=ORIENTED_EDGE('',*,*,#2093,.T.);
#1534=ORIENTED_EDGE('',*,*,#2091,.T.);
#1535=ORIENTED_EDGE('',*,*,#2090,.T.);
#1536=ORIENTED_EDGE('',*,*,#2144,.T.);
#1537=ORIENTED_EDGE('',*,*,#2145,.T.);
#1538=ORIENTED_EDGE('',*,*,#2146,.F.);
#1539=ORIENTED_EDGE('',*,*,#2094,.F.);
#1540=ORIENTED_EDGE('',*,*,#2147,.F.);
#1541=ORIENTED_EDGE('',*,*,#2148,.F.);
#1542=ORIENTED_EDGE('',*,*,#2149,.F.);
#1543=ORIENTED_EDGE('',*,*,#2145,.F.);
#1544=ORIENTED_EDGE('',*,*,#2150,.F.);
#1545=ORIENTED_EDGE('',*,*,#2148,.T.);
#1546=ORIENTED_EDGE('',*,*,#2151,.T.);
#1547=ORIENTED_EDGE('',*,*,#2152,.T.);
#1548=ORIENTED_EDGE('',*,*,#2153,.F.);
#1549=ORIENTED_EDGE('',*,*,#2154,.F.);
#1550=ORIENTED_EDGE('',*,*,#2155,.F.);
#1551=ORIENTED_EDGE('',*,*,#2152,.F.);
#1552=ORIENTED_EDGE('',*,*,#2156,.T.);
#1553=ORIENTED_EDGE('',*,*,#2154,.T.);
#1554=ORIENTED_EDGE('',*,*,#2157,.F.);
#1555=ORIENTED_EDGE('',*,*,#2100,.T.);
#1556=ORIENTED_EDGE('',*,*,#2158,.T.);
#1557=ORIENTED_EDGE('',*,*,#2159,.F.);
#1558=ORIENTED_EDGE('',*,*,#2160,.T.);
#1559=ORIENTED_EDGE('',*,*,#2161,.F.);
#1560=ORIENTED_EDGE('',*,*,#2162,.T.);
#1561=ORIENTED_EDGE('',*,*,#2163,.F.);
#1562=ORIENTED_EDGE('',*,*,#2164,.T.);
#1563=ORIENTED_EDGE('',*,*,#2165,.F.);
#1564=ORIENTED_EDGE('',*,*,#2166,.T.);
#1565=ORIENTED_EDGE('',*,*,#2167,.F.);
#1566=ORIENTED_EDGE('',*,*,#2168,.T.);
#1567=ORIENTED_EDGE('',*,*,#2169,.F.);
#1568=ORIENTED_EDGE('',*,*,#2170,.T.);
#1569=ORIENTED_EDGE('',*,*,#2171,.F.);
#1570=ORIENTED_EDGE('',*,*,#2172,.T.);
#1571=ORIENTED_EDGE('',*,*,#2173,.F.);
#1572=ORIENTED_EDGE('',*,*,#2174,.T.);
#1573=ORIENTED_EDGE('',*,*,#2175,.F.);
#1574=ORIENTED_EDGE('',*,*,#2176,.T.);
#1575=ORIENTED_EDGE('',*,*,#2177,.F.);
#1576=ORIENTED_EDGE('',*,*,#2178,.T.);
#1577=ORIENTED_EDGE('',*,*,#2179,.F.);
#1578=ORIENTED_EDGE('',*,*,#2180,.T.);
#1579=ORIENTED_EDGE('',*,*,#2181,.F.);
#1580=ORIENTED_EDGE('',*,*,#2182,.T.);
#1581=ORIENTED_EDGE('',*,*,#2183,.F.);
#1582=ORIENTED_EDGE('',*,*,#2183,.T.);
#1583=ORIENTED_EDGE('',*,*,#2181,.T.);
#1584=ORIENTED_EDGE('',*,*,#2179,.T.);
#1585=ORIENTED_EDGE('',*,*,#2177,.T.);
#1586=ORIENTED_EDGE('',*,*,#2175,.T.);
#1587=ORIENTED_EDGE('',*,*,#2173,.T.);
#1588=ORIENTED_EDGE('',*,*,#2171,.T.);
#1589=ORIENTED_EDGE('',*,*,#2169,.T.);
#1590=ORIENTED_EDGE('',*,*,#2167,.T.);
#1591=ORIENTED_EDGE('',*,*,#2165,.T.);
#1592=ORIENTED_EDGE('',*,*,#2163,.T.);
#1593=ORIENTED_EDGE('',*,*,#2161,.T.);
#1594=ORIENTED_EDGE('',*,*,#2159,.T.);
#1595=ORIENTED_EDGE('',*,*,#2157,.T.);
#1596=ORIENTED_EDGE('',*,*,#2153,.T.);
#1597=ORIENTED_EDGE('',*,*,#2151,.F.);
#1598=ORIENTED_EDGE('',*,*,#2147,.T.);
#1599=ORIENTED_EDGE('',*,*,#2144,.F.);
#1600=ORIENTED_EDGE('',*,*,#2143,.F.);
#1601=ORIENTED_EDGE('',*,*,#2142,.F.);
#1602=ORIENTED_EDGE('',*,*,#2138,.T.);
#1603=ORIENTED_EDGE('',*,*,#2135,.F.);
#1604=ORIENTED_EDGE('',*,*,#2132,.T.);
#1605=ORIENTED_EDGE('',*,*,#2130,.F.);
#1606=ORIENTED_EDGE('',*,*,#2127,.T.);
#1607=ORIENTED_EDGE('',*,*,#2122,.T.);
#1608=ORIENTED_EDGE('',*,*,#2184,.T.);
#1609=ORIENTED_EDGE('',*,*,#2035,.T.);
#1610=ORIENTED_EDGE('',*,*,#2185,.T.);
#1611=ORIENTED_EDGE('',*,*,#2119,.T.);
#1612=ORIENTED_EDGE('',*,*,#2117,.F.);
#1613=ORIENTED_EDGE('',*,*,#2113,.T.);
#1614=ORIENTED_EDGE('',*,*,#2110,.F.);
#1615=ORIENTED_EDGE('',*,*,#2109,.F.);
#1616=ORIENTED_EDGE('',*,*,#2108,.F.);
#1617=ORIENTED_EDGE('',*,*,#2104,.T.);
#1618=ORIENTED_EDGE('',*,*,#2101,.F.);
#1619=ORIENTED_EDGE('',*,*,#2097,.T.);
#1620=ORIENTED_EDGE('',*,*,#2186,.T.);
#1621=ORIENTED_EDGE('',*,*,#2120,.T.);
#1622=ORIENTED_EDGE('',*,*,#2185,.F.);
#1623=ORIENTED_EDGE('',*,*,#2033,.F.);
#1624=ORIENTED_EDGE('',*,*,#2182,.F.);
#1625=ORIENTED_EDGE('',*,*,#2180,.F.);
#1626=ORIENTED_EDGE('',*,*,#2178,.F.);
#1627=ORIENTED_EDGE('',*,*,#2176,.F.);
#1628=ORIENTED_EDGE('',*,*,#2174,.F.);
#1629=ORIENTED_EDGE('',*,*,#2172,.F.);
#1630=ORIENTED_EDGE('',*,*,#2170,.F.);
#1631=ORIENTED_EDGE('',*,*,#2168,.F.);
#1632=ORIENTED_EDGE('',*,*,#2166,.F.);
#1633=ORIENTED_EDGE('',*,*,#2164,.F.);
#1634=ORIENTED_EDGE('',*,*,#2162,.F.);
#1635=ORIENTED_EDGE('',*,*,#2160,.F.);
#1636=ORIENTED_EDGE('',*,*,#2158,.F.);
#1637=ORIENTED_EDGE('',*,*,#2146,.T.);
#1638=ORIENTED_EDGE('',*,*,#2149,.T.);
#1639=ORIENTED_EDGE('',*,*,#2150,.T.);
#1640=ORIENTED_EDGE('',*,*,#2155,.T.);
#1641=ORIENTED_EDGE('',*,*,#2156,.F.);
#1642=ORIENTED_EDGE('',*,*,#2099,.T.);
#1643=ORIENTED_EDGE('',*,*,#2103,.T.);
#1644=ORIENTED_EDGE('',*,*,#2106,.T.);
#1645=ORIENTED_EDGE('',*,*,#2107,.T.);
#1646=ORIENTED_EDGE('',*,*,#2096,.T.);
#1647=ORIENTED_EDGE('',*,*,#2112,.T.);
#1648=ORIENTED_EDGE('',*,*,#2115,.T.);
#1649=ORIENTED_EDGE('',*,*,#2116,.T.);
#1650=ORIENTED_EDGE('',*,*,#2121,.T.);
#1651=ORIENTED_EDGE('',*,*,#2186,.F.);
#1652=ORIENTED_EDGE('',*,*,#2036,.F.);
#1653=ORIENTED_EDGE('',*,*,#2187,.T.);
#1654=ORIENTED_EDGE('',*,*,#2124,.F.);
#1655=ORIENTED_EDGE('',*,*,#2126,.T.);
#1656=ORIENTED_EDGE('',*,*,#2129,.T.);
#1657=ORIENTED_EDGE('',*,*,#2134,.T.);
#1658=ORIENTED_EDGE('',*,*,#2137,.T.);
#1659=ORIENTED_EDGE('',*,*,#2140,.T.);
#1660=ORIENTED_EDGE('',*,*,#2141,.T.);
#1661=ORIENTED_EDGE('',*,*,#2095,.T.);
#1662=ORIENTED_EDGE('',*,*,#2017,.F.);
#1663=ORIENTED_EDGE('',*,*,#2184,.F.);
#1664=ORIENTED_EDGE('',*,*,#2125,.F.);
#1665=ORIENTED_EDGE('',*,*,#2187,.F.);
#1666=ORIENTED_EDGE('',*,*,#2083,.F.);
#1667=ORIENTED_EDGE('',*,*,#2077,.T.);
#1668=ORIENTED_EDGE('',*,*,#2082,.F.);
#1669=ORIENTED_EDGE('',*,*,#2076,.T.);
#1670=ORIENTED_EDGE('',*,*,#1912,.F.);
#1671=ORIENTED_EDGE('',*,*,#1906,.T.);
#1672=ORIENTED_EDGE('',*,*,#1911,.F.);
#1673=ORIENTED_EDGE('',*,*,#1905,.T.);
#1674=EDGE_CURVE('',#2188,#2188,#2555,.T.);
#1675=EDGE_CURVE('',#2189,#2189,#2556,.T.);
#1676=EDGE_CURVE('',#2190,#2190,#2557,.T.);
#1677=EDGE_CURVE('',#2191,#2191,#2558,.T.);
#1678=EDGE_CURVE('',#2192,#2192,#2559,.T.);
#1679=EDGE_CURVE('',#2193,#2193,#2560,.T.);
#1680=EDGE_CURVE('',#2194,#2194,#2561,.T.);
#1681=EDGE_CURVE('',#2195,#2195,#2562,.T.);
#1682=EDGE_CURVE('',#2196,#2196,#2563,.T.);
#1683=EDGE_CURVE('',#2197,#2197,#2564,.T.);
#1684=EDGE_CURVE('',#2198,#2198,#2565,.T.);
#1685=EDGE_CURVE('',#2199,#2199,#2566,.T.);
#1686=EDGE_CURVE('',#2200,#2201,#194,.T.);
#1687=EDGE_CURVE('',#2201,#2202,#2567,.T.);
#1688=EDGE_CURVE('',#2202,#2203,#195,.T.);
#1689=EDGE_CURVE('',#2203,#2204,#2568,.T.);
#1690=EDGE_CURVE('',#2204,#2205,#196,.T.);
#1691=EDGE_CURVE('',#2205,#2206,#2569,.T.);
#1692=EDGE_CURVE('',#2206,#2207,#197,.T.);
#1693=EDGE_CURVE('',#2207,#2200,#2570,.T.);
#1694=EDGE_CURVE('',#2208,#2208,#2571,.T.);
#1695=EDGE_CURVE('',#2209,#2209,#2572,.T.);
#1696=EDGE_CURVE('',#2210,#2210,#2573,.T.);
#1697=EDGE_CURVE('',#2211,#2211,#2574,.T.);
#1698=EDGE_CURVE('',#2212,#2212,#2575,.T.);
#1699=EDGE_CURVE('',#2213,#2213,#2576,.T.);
#1700=EDGE_CURVE('',#2214,#2214,#2577,.T.);
#1701=EDGE_CURVE('',#2215,#2215,#2578,.T.);
#1702=EDGE_CURVE('',#2216,#2217,#198,.T.);
#1703=EDGE_CURVE('',#2217,#2218,#2579,.F.);
#1704=EDGE_CURVE('',#2219,#2218,#199,.T.);
#1705=EDGE_CURVE('',#2219,#2220,#2580,.T.);
#1706=EDGE_CURVE('',#2221,#2220,#200,.T.);
#1707=EDGE_CURVE('',#2222,#2221,#201,.T.);
#1708=EDGE_CURVE('',#2223,#2222,#202,.T.);
#1709=EDGE_CURVE('',#2223,#2224,#2581,.T.);
#1710=EDGE_CURVE('',#2225,#2224,#203,.T.);
#1711=EDGE_CURVE('',#2225,#2226,#2582,.F.);
#1712=EDGE_CURVE('',#2226,#2227,#204,.T.);
#1713=EDGE_CURVE('',#2227,#2228,#2583,.F.);
#1714=EDGE_CURVE('',#2229,#2228,#2584,.F.);
#1715=EDGE_CURVE('',#2230,#2229,#2585,.T.);
#1716=EDGE_CURVE('',#2230,#2231,#205,.T.);
#1717=EDGE_CURVE('',#2231,#2232,#2586,.T.);
#1718=EDGE_CURVE('',#2232,#2233,#206,.T.);
#1719=EDGE_CURVE('',#2233,#2234,#2587,.T.);
#1720=EDGE_CURVE('',#2235,#2234,#207,.T.);
#1721=EDGE_CURVE('',#2236,#2235,#2588,.F.);
#1722=EDGE_CURVE('',#2237,#2236,#2589,.T.);
#1723=EDGE_CURVE('',#2238,#2237,#2590,.F.);
#1724=EDGE_CURVE('',#2238,#2216,#2591,.F.);
#1725=EDGE_CURVE('',#2239,#2239,#2592,.T.);
#1726=EDGE_CURVE('',#2240,#2240,#2593,.T.);
#1727=EDGE_CURVE('',#2241,#2241,#2594,.T.);
#1728=EDGE_CURVE('',#2242,#2242,#2595,.T.);
#1729=EDGE_CURVE('',#2243,#2243,#2596,.T.);
#1730=EDGE_CURVE('',#2244,#2244,#2597,.T.);
#1731=EDGE_CURVE('',#2245,#2245,#2598,.T.);
#1732=EDGE_CURVE('',#2246,#2246,#2599,.T.);
#1733=EDGE_CURVE('',#2247,#2247,#2600,.T.);
#1734=EDGE_CURVE('',#2248,#2248,#2601,.T.);
#1735=EDGE_CURVE('',#2249,#2249,#2602,.T.);
#1736=EDGE_CURVE('',#2250,#2250,#2603,.T.);
#1737=EDGE_CURVE('',#2251,#2251,#2604,.T.);
#1738=EDGE_CURVE('',#2252,#2252,#2605,.T.);
#1739=EDGE_CURVE('',#2253,#2253,#2606,.T.);
#1740=EDGE_CURVE('',#2254,#2254,#2607,.T.);
#1741=EDGE_CURVE('',#2255,#2256,#2608,.T.);
#1742=EDGE_CURVE('',#2257,#2255,#208,.T.);
#1743=EDGE_CURVE('',#2258,#2257,#2609,.T.);
#1744=EDGE_CURVE('',#2259,#2258,#209,.T.);
#1745=EDGE_CURVE('',#2260,#2259,#2610,.T.);
#1746=EDGE_CURVE('',#2261,#2260,#210,.T.);
#1747=EDGE_CURVE('',#2262,#2261,#2611,.T.);
#1748=EDGE_CURVE('',#2256,#2262,#211,.T.);
#1749=EDGE_CURVE('',#2263,#2263,#2612,.T.);
#1750=EDGE_CURVE('',#2264,#2264,#2613,.T.);
#1751=EDGE_CURVE('',#2265,#2265,#2614,.T.);
#1752=EDGE_CURVE('',#2266,#2266,#2615,.T.);
#1753=EDGE_CURVE('',#2267,#2268,#212,.T.);
#1754=EDGE_CURVE('',#2268,#2269,#2616,.T.);
#1755=EDGE_CURVE('',#2270,#2269,#213,.T.);
#1756=EDGE_CURVE('',#2270,#2271,#2617,.T.);
#1757=EDGE_CURVE('',#2271,#2272,#2618,.F.);
#1758=EDGE_CURVE('',#2272,#2273,#2619,.T.);
#1759=EDGE_CURVE('',#2273,#2274,#2620,.T.);
#1760=EDGE_CURVE('',#2274,#2275,#214,.T.);
#1761=EDGE_CURVE('',#2275,#2276,#2621,.F.);
#1762=EDGE_CURVE('',#2277,#2276,#215,.T.);
#1763=EDGE_CURVE('',#2277,#2278,#2622,.F.);
#1764=EDGE_CURVE('',#2279,#2278,#216,.T.);
#1765=EDGE_CURVE('',#2279,#2280,#2623,.T.);
#1766=EDGE_CURVE('',#2280,#2281,#2624,.F.);
#1767=EDGE_CURVE('',#2281,#2282,#2625,.F.);
#1768=EDGE_CURVE('',#2282,#2283,#2626,.T.);
#1769=EDGE_CURVE('',#2284,#2283,#217,.T.);
#1770=EDGE_CURVE('',#2284,#2285,#2627,.T.);
#1771=EDGE_CURVE('',#2285,#2286,#218,.T.);
#1772=EDGE_CURVE('',#2286,#2287,#2628,.F.);
#1773=EDGE_CURVE('',#2287,#2288,#219,.T.);
#1774=EDGE_CURVE('',#2288,#2289,#220,.T.);
#1775=EDGE_CURVE('',#2289,#2290,#221,.T.);
#1776=EDGE_CURVE('',#2290,#2267,#2629,.F.);
#1777=EDGE_CURVE('',#2269,#2217,#222,.F.);
#1778=EDGE_CURVE('',#2216,#2270,#223,.F.);
#1779=EDGE_CURVE('',#2226,#2284,#224,.F.);
#1780=EDGE_CURVE('',#2283,#2227,#225,.T.);
#1781=EDGE_CURVE('',#2232,#2277,#226,.F.);
#1782=EDGE_CURVE('',#2276,#2233,#227,.T.);
#1783=EDGE_CURVE('',#2229,#2280,#24,.T.);
#1784=EDGE_CURVE('',#2230,#2279,#25,.F.);
#1785=EDGE_CURVE('',#2228,#2282,#228,.T.);
#1786=EDGE_CURVE('',#2272,#2237,#26,.T.);
#1787=EDGE_CURVE('',#2236,#2273,#27,.T.);
#1788=EDGE_CURVE('',#2271,#2238,#229,.F.);
#1789=EDGE_CURVE('',#2274,#2235,#28,.F.);
#1790=EDGE_CURVE('',#2202,#2256,#230,.T.);
#1791=EDGE_CURVE('',#2201,#2255,#231,.T.);
#1792=EDGE_CURVE('',#2200,#2257,#232,.T.);
#1793=EDGE_CURVE('',#2207,#2258,#233,.T.);
#1794=EDGE_CURVE('',#2206,#2259,#234,.T.);
#1795=EDGE_CURVE('',#2205,#2260,#235,.T.);
#1796=EDGE_CURVE('',#2204,#2261,#236,.T.);
#1797=EDGE_CURVE('',#2203,#2262,#237,.T.);
#1798=EDGE_CURVE('',#2224,#2286,#238,.T.);
#1799=EDGE_CURVE('',#2285,#2225,#239,.T.);
#1800=EDGE_CURVE('',#2287,#2223,#240,.F.);
#1801=EDGE_CURVE('',#2222,#2288,#241,.T.);
#1802=EDGE_CURVE('',#2220,#2290,#242,.T.);
#1803=EDGE_CURVE('',#2221,#2289,#243,.T.);
#1804=EDGE_CURVE('',#2218,#2268,#244,.T.);
#1805=EDGE_CURVE('',#2267,#2219,#245,.F.);
#1806=EDGE_CURVE('',#2278,#2231,#29,.F.);
#1807=EDGE_CURVE('',#2234,#2275,#30,.F.);
#1808=EDGE_CURVE('',#2291,#2292,#246,.T.);
#1809=EDGE_CURVE('',#2292,#2288,#2630,.T.);
#1810=EDGE_CURVE('',#2291,#2222,#2631,.T.);
#1811=EDGE_CURVE('',#2289,#2293,#2632,.F.);
#1812=EDGE_CURVE('',#2294,#2293,#247,.T.);
#1813=EDGE_CURVE('',#2221,#2294,#2633,.T.);
#1814=EDGE_CURVE('',#2294,#2291,#248,.T.);
#1815=EDGE_CURVE('',#2293,#2292,#249,.T.);
#1816=EDGE_CURVE('',#2295,#2296,#2634,.T.);
#1817=EDGE_CURVE('',#2297,#2295,#250,.F.);
#1818=EDGE_CURVE('',#2298,#2297,#2635,.F.);
#1819=EDGE_CURVE('',#2296,#2298,#251,.T.);
#1820=EDGE_CURVE('',#2299,#2300,#2636,.T.);
#1821=EDGE_CURVE('',#2301,#2299,#252,.F.);
#1822=EDGE_CURVE('',#2302,#2301,#2637,.F.);
#1823=EDGE_CURVE('',#2300,#2302,#253,.T.);
#1824=EDGE_CURVE('',#2295,#2300,#254,.T.);
#1825=EDGE_CURVE('',#2297,#2302,#255,.F.);
#1826=EDGE_CURVE('',#2303,#2303,#2638,.T.);
#1827=EDGE_CURVE('',#2304,#2304,#2639,.T.);
#1828=EDGE_CURVE('',#2305,#2305,#2640,.T.);
#1829=EDGE_CURVE('',#2306,#2306,#2641,.T.);
#1830=EDGE_CURVE('',#2307,#2307,#2642,.T.);
#1831=EDGE_CURVE('',#2308,#2308,#2643,.T.);
#1832=EDGE_CURVE('',#2309,#2309,#2644,.T.);
#1833=EDGE_CURVE('',#2310,#2310,#2645,.T.);
#1834=EDGE_CURVE('',#2311,#2311,#2646,.T.);
#1835=EDGE_CURVE('',#2312,#2312,#2647,.T.);
#1836=EDGE_CURVE('',#2313,#2313,#2648,.T.);
#1837=EDGE_CURVE('',#2314,#2314,#2649,.T.);
#1838=EDGE_CURVE('',#2315,#2315,#2650,.T.);
#1839=EDGE_CURVE('',#2316,#2316,#2651,.T.);
#1840=EDGE_CURVE('',#2317,#2317,#2652,.T.);
#1841=EDGE_CURVE('',#2318,#2318,#2653,.T.);
#1842=EDGE_CURVE('',#2301,#2291,#256,.F.);
#1843=EDGE_CURVE('',#2294,#2298,#257,.F.);
#1844=EDGE_CURVE('',#2293,#2296,#258,.T.);
#1845=EDGE_CURVE('',#2299,#2292,#259,.T.);
#1846=EDGE_CURVE('',#2319,#2320,#31,.F.);
#1847=EDGE_CURVE('',#2319,#2321,#32,.T.);
#1848=EDGE_CURVE('',#2321,#2322,#33,.T.);
#1849=EDGE_CURVE('',#2320,#2322,#34,.T.);
#1850=EDGE_CURVE('',#2321,#2323,#35,.T.);
#1851=EDGE_CURVE('',#2323,#2324,#36,.F.);
#1852=EDGE_CURVE('',#2322,#2324,#37,.T.);
#1853=EDGE_CURVE('',#2325,#2326,#38,.T.);
#1854=EDGE_CURVE('',#2325,#2327,#39,.T.);
#1855=EDGE_CURVE('',#2327,#2328,#40,.T.);
#1856=EDGE_CURVE('',#2326,#2328,#41,.T.);
#1857=EDGE_CURVE('',#2327,#2278,#42,.T.);
#1858=EDGE_CURVE('',#2328,#2231,#43,.T.);
#1859=EDGE_CURVE('',#2279,#2329,#44,.T.);
#1860=EDGE_CURVE('',#2329,#2330,#45,.T.);
#1861=EDGE_CURVE('',#2230,#2330,#46,.T.);
#1862=EDGE_CURVE('',#2329,#2319,#47,.T.);
#1863=EDGE_CURVE('',#2330,#2320,#48,.T.);
#1864=EDGE_CURVE('',#2324,#2326,#260,.T.);
#1865=EDGE_CURVE('',#2323,#2325,#261,.T.);
#1866=EDGE_CURVE('',#2331,#2332,#2654,.T.);
#1867=EDGE_CURVE('',#2333,#2331,#262,.F.);
#1868=EDGE_CURVE('',#2334,#2333,#2655,.F.);
#1869=EDGE_CURVE('',#2332,#2334,#263,.T.);
#1870=EDGE_CURVE('',#2335,#2336,#264,.T.);
#1871=EDGE_CURVE('',#2335,#2337,#265,.F.);
#1872=EDGE_CURVE('',#2337,#2338,#266,.T.);
#1873=EDGE_CURVE('',#2336,#2338,#267,.T.);
#1874=EDGE_CURVE('',#2337,#2339,#2656,.T.);
#1875=EDGE_CURVE('',#2340,#2335,#2657,.F.);
#1876=EDGE_CURVE('',#2339,#2340,#268,.T.);
#1877=EDGE_CURVE('',#2331,#2339,#269,.T.);
#1878=EDGE_CURVE('',#2333,#2340,#270,.T.);
#1879=EDGE_CURVE('',#2341,#2332,#271,.T.);
#1880=EDGE_CURVE('',#2342,#2334,#272,.T.);
#1881=EDGE_CURVE('',#2342,#2341,#273,.T.);
#1882=EDGE_CURVE('',#2343,#2344,#2658,.T.);
#1883=EDGE_CURVE('',#2345,#2343,#274,.F.);
#1884=EDGE_CURVE('',#2346,#2345,#2659,.F.);
#1885=EDGE_CURVE('',#2344,#2346,#275,.T.);
#1886=EDGE_CURVE('',#2347,#2348,#276,.T.);
#1887=EDGE_CURVE('',#2348,#2349,#277,.F.);
#1888=EDGE_CURVE('',#2350,#2349,#278,.F.);
#1889=EDGE_CURVE('',#2347,#2350,#279,.T.);
#1890=EDGE_CURVE('',#2349,#2351,#2660,.T.);
#1891=EDGE_CURVE('',#2352,#2348,#2661,.F.);
#1892=EDGE_CURVE('',#2351,#2352,#280,.T.);
#1893=EDGE_CURVE('',#2351,#2343,#281,.F.);
#1894=EDGE_CURVE('',#2352,#2345,#282,.T.);
#1895=EDGE_CURVE('',#2353,#2353,#2662,.T.);
#1896=EDGE_CURVE('',#2354,#2354,#2663,.T.);
#1897=EDGE_CURVE('',#2355,#2355,#2664,.T.);
#1898=EDGE_CURVE('',#2356,#2356,#2665,.T.);
#1899=EDGE_CURVE('',#2357,#2357,#2666,.T.);
#1900=EDGE_CURVE('',#2358,#2358,#2667,.T.);
#1901=EDGE_CURVE('',#2344,#2359,#283,.F.);
#1902=EDGE_CURVE('',#2346,#2360,#284,.T.);
#1903=EDGE_CURVE('',#2360,#2359,#285,.T.);
#1904=EDGE_CURVE('',#2359,#2350,#286,.T.);
#1905=EDGE_CURVE('',#2361,#2361,#2668,.T.);
#1906=EDGE_CURVE('',#2362,#2362,#2669,.T.);
#1907=EDGE_CURVE('',#2341,#2338,#287,.T.);
#1908=EDGE_CURVE('',#2338,#2363,#2670,.T.);
#1909=EDGE_CURVE('',#2364,#2363,#288,.T.);
#1910=EDGE_CURVE('',#2336,#2364,#2671,.T.);
#1911=EDGE_CURVE('',#2365,#2365,#2672,.T.);
#1912=EDGE_CURVE('',#2366,#2366,#2673,.T.);
#1913=EDGE_CURVE('',#2342,#2336,#289,.T.);
#1914=EDGE_CURVE('',#2367,#2341,#2674,.F.);
#1915=EDGE_CURVE('',#2368,#2342,#2675,.T.);
#1916=EDGE_CURVE('',#2368,#2367,#290,.T.);
#1917=EDGE_CURVE('',#2350,#2369,#2676,.T.);
#1918=EDGE_CURVE('',#2370,#2369,#291,.T.);
#1919=EDGE_CURVE('',#2347,#2370,#2677,.T.);
#1920=EDGE_CURVE('',#2360,#2347,#292,.T.);
#1921=EDGE_CURVE('',#2371,#2359,#2678,.F.);
#1922=EDGE_CURVE('',#2372,#2360,#2679,.T.);
#1923=EDGE_CURVE('',#2372,#2371,#293,.T.);
#1924=EDGE_CURVE('',#2369,#2371,#294,.T.);
#1925=EDGE_CURVE('',#2363,#2367,#295,.T.);
#1926=EDGE_CURVE('',#2373,#2374,#2680,.T.);
#1927=EDGE_CURVE('',#2375,#2373,#296,.F.);
#1928=EDGE_CURVE('',#2376,#2375,#2681,.F.);
#1929=EDGE_CURVE('',#2374,#2376,#297,.T.);
#1930=EDGE_CURVE('',#2375,#2363,#298,.T.);
#1931=EDGE_CURVE('',#2373,#2364,#299,.T.);
#1932=EDGE_CURVE('',#2364,#2368,#300,.T.);
#1933=EDGE_CURVE('',#2368,#2377,#301,.T.);
#1934=EDGE_CURVE('',#2377,#2378,#302,.T.);
#1935=EDGE_CURVE('',#2367,#2378,#303,.T.);
#1936=EDGE_CURVE('',#2379,#2377,#2682,.T.);
#1937=EDGE_CURVE('',#2380,#2379,#304,.F.);
#1938=EDGE_CURVE('',#2378,#2380,#2683,.F.);
#1939=EDGE_CURVE('',#2380,#2381,#305,.T.);
#1940=EDGE_CURVE('',#2379,#2382,#306,.T.);
#1941=EDGE_CURVE('',#2382,#2381,#307,.T.);
#1942=EDGE_CURVE('',#2383,#2382,#2684,.F.);
#1943=EDGE_CURVE('',#2384,#2383,#308,.F.);
#1944=EDGE_CURVE('',#2381,#2384,#2685,.T.);
#1945=EDGE_CURVE('',#2385,#2384,#309,.T.);
#1946=EDGE_CURVE('',#2386,#2383,#310,.T.);
#1947=EDGE_CURVE('',#2386,#2385,#311,.F.);
#1948=EDGE_CURVE('',#2387,#2386,#2686,.F.);
#1949=EDGE_CURVE('',#2387,#2388,#312,.T.);
#1950=EDGE_CURVE('',#2385,#2388,#2687,.T.);
#1951=EDGE_CURVE('',#2387,#2389,#313,.T.);
#1952=EDGE_CURVE('',#2389,#2390,#314,.T.);
#1953=EDGE_CURVE('',#2388,#2390,#315,.T.);
#1954=EDGE_CURVE('',#2391,#2389,#2688,.T.);
#1955=EDGE_CURVE('',#2392,#2391,#316,.F.);
#1956=EDGE_CURVE('',#2390,#2392,#2689,.F.);
#1957=EDGE_CURVE('',#2392,#2369,#317,.T.);
#1958=EDGE_CURVE('',#2391,#2370,#318,.T.);
#1959=EDGE_CURVE('',#2370,#2372,#319,.T.);
#1960=EDGE_CURVE('',#2372,#2393,#320,.T.);
#1961=EDGE_CURVE('',#2393,#2394,#321,.T.);
#1962=EDGE_CURVE('',#2371,#2394,#322,.T.);
#1963=EDGE_CURVE('',#2395,#2393,#2690,.T.);
#1964=EDGE_CURVE('',#2396,#2395,#323,.F.);
#1965=EDGE_CURVE('',#2394,#2396,#2691,.F.);
#1966=EDGE_CURVE('',#2396,#2397,#324,.T.);
#1967=EDGE_CURVE('',#2395,#2398,#325,.T.);
#1968=EDGE_CURVE('',#2398,#2397,#326,.T.);
#1969=EDGE_CURVE('',#2399,#2398,#2692,.F.);
#1970=EDGE_CURVE('',#2400,#2399,#327,.T.);
#1971=EDGE_CURVE('',#2397,#2400,#2693,.T.);
#1972=EDGE_CURVE('',#2400,#2401,#328,.T.);
#1973=EDGE_CURVE('',#2399,#2402,#329,.T.);
#1974=EDGE_CURVE('',#2402,#2401,#330,.T.);
#1975=EDGE_CURVE('',#2403,#2402,#2694,.F.);
#1976=EDGE_CURVE('',#2404,#2403,#331,.F.);
#1977=EDGE_CURVE('',#2401,#2404,#2695,.T.);
#1978=EDGE_CURVE('',#2405,#2404,#332,.T.);
#1979=EDGE_CURVE('',#2406,#2403,#333,.T.);
#1980=EDGE_CURVE('',#2406,#2405,#49,.T.);
#1981=EDGE_CURVE('',#2407,#2408,#2696,.T.);
#1982=EDGE_CURVE('',#2409,#2407,#334,.F.);
#1983=EDGE_CURVE('',#2410,#2409,#2697,.F.);
#1984=EDGE_CURVE('',#2410,#2408,#335,.T.);
#1985=EDGE_CURVE('',#2410,#2374,#336,.T.);
#1986=EDGE_CURVE('',#2408,#2376,#337,.T.);
#1987=EDGE_CURVE('',#2411,#2411,#2698,.T.);
#1988=EDGE_CURVE('',#2412,#2412,#2699,.T.);
#1989=EDGE_CURVE('',#2413,#2413,#2700,.T.);
#1990=EDGE_CURVE('',#2414,#2414,#2701,.T.);
#1991=EDGE_CURVE('',#2415,#2415,#2702,.T.);
#1992=EDGE_CURVE('',#2416,#2416,#2703,.T.);
#1993=EDGE_CURVE('',#2417,#2417,#2704,.T.);
#1994=EDGE_CURVE('',#2418,#2418,#2705,.T.);
#1995=EDGE_CURVE('',#2419,#2419,#2706,.T.);
#1996=EDGE_CURVE('',#2420,#2420,#2707,.T.);
#1997=EDGE_CURVE('',#2421,#2421,#2708,.T.);
#1998=EDGE_CURVE('',#2422,#2422,#2709,.T.);
#1999=EDGE_CURVE('',#2423,#2423,#2710,.T.);
#2000=EDGE_CURVE('',#2424,#2424,#2711,.T.);
#2001=EDGE_CURVE('',#2425,#2425,#2712,.T.);
#2002=EDGE_CURVE('',#2426,#2426,#2713,.T.);
#2003=EDGE_CURVE('',#2427,#2427,#2714,.T.);
#2004=EDGE_CURVE('',#2428,#2428,#2715,.T.);
#2005=EDGE_CURVE('',#2429,#2429,#2716,.T.);
#2006=EDGE_CURVE('',#2430,#2430,#2717,.T.);
#2007=EDGE_CURVE('',#2431,#2431,#2718,.T.);
#2008=EDGE_CURVE('',#2432,#2432,#2719,.T.);
#2009=EDGE_CURVE('',#2433,#2433,#2720,.T.);
#2010=EDGE_CURVE('',#2434,#2434,#2721,.T.);
#2011=EDGE_CURVE('',#2435,#2435,#2722,.T.);
#2012=EDGE_CURVE('',#2436,#2436,#2723,.T.);
#2013=EDGE_CURVE('',#2409,#2326,#338,.T.);
#2014=EDGE_CURVE('',#2324,#2406,#2724,.T.);
#2015=EDGE_CURVE('',#2405,#2323,#2725,.F.);
#2016=EDGE_CURVE('',#2407,#2325,#339,.T.);
#2017=EDGE_CURVE('',#2437,#2438,#50,.F.);
#2018=EDGE_CURVE('',#2438,#2439,#51,.T.);
#2019=EDGE_CURVE('',#2439,#2440,#52,.T.);
#2020=EDGE_CURVE('',#2437,#2440,#53,.T.);
#2021=EDGE_CURVE('',#2439,#2441,#54,.T.);
#2022=EDGE_CURVE('',#2441,#2442,#55,.T.);
#2023=EDGE_CURVE('',#2440,#2442,#56,.T.);
#2024=EDGE_CURVE('',#2441,#2443,#57,.T.);
#2025=EDGE_CURVE('',#2443,#2444,#58,.T.);
#2026=EDGE_CURVE('',#2442,#2444,#59,.T.);
#2027=EDGE_CURVE('',#2443,#2274,#60,.T.);
#2028=EDGE_CURVE('',#2444,#2235,#61,.T.);
#2029=EDGE_CURVE('',#2275,#2445,#62,.T.);
#2030=EDGE_CURVE('',#2445,#2446,#63,.T.);
#2031=EDGE_CURVE('',#2234,#2446,#64,.T.);
#2032=EDGE_CURVE('',#2445,#2447,#65,.T.);
#2033=EDGE_CURVE('',#2447,#2448,#66,.F.);
#2034=EDGE_CURVE('',#2446,#2448,#67,.T.);
#2035=EDGE_CURVE('',#2437,#2448,#340,.T.);
#2036=EDGE_CURVE('',#2438,#2447,#341,.T.);
#2037=EDGE_CURVE('',#2449,#2450,#2726,.T.);
#2038=EDGE_CURVE('',#2451,#2449,#342,.F.);
#2039=EDGE_CURVE('',#2452,#2451,#2727,.F.);
#2040=EDGE_CURVE('',#2450,#2452,#343,.T.);
#2041=EDGE_CURVE('',#2453,#2454,#344,.T.);
#2042=EDGE_CURVE('',#2454,#2455,#345,.F.);
#2043=EDGE_CURVE('',#2456,#2455,#346,.T.);
#2044=EDGE_CURVE('',#2453,#2456,#347,.T.);
#2045=EDGE_CURVE('',#2455,#2457,#2728,.T.);
#2046=EDGE_CURVE('',#2458,#2454,#2729,.F.);
#2047=EDGE_CURVE('',#2457,#2458,#348,.T.);
#2048=EDGE_CURVE('',#2457,#2449,#349,.T.);
#2049=EDGE_CURVE('',#2458,#2451,#350,.T.);
#2050=EDGE_CURVE('',#2450,#2459,#351,.T.);
#2051=EDGE_CURVE('',#2452,#2460,#352,.T.);
#2052=EDGE_CURVE('',#2460,#2459,#353,.T.);
#2053=EDGE_CURVE('',#2461,#2462,#2730,.T.);
#2054=EDGE_CURVE('',#2463,#2461,#354,.F.);
#2055=EDGE_CURVE('',#2464,#2463,#2731,.F.);
#2056=EDGE_CURVE('',#2462,#2464,#355,.T.);
#2057=EDGE_CURVE('',#2465,#2466,#356,.F.);
#2058=EDGE_CURVE('',#2465,#2467,#357,.F.);
#2059=EDGE_CURVE('',#2467,#2468,#358,.T.);
#2060=EDGE_CURVE('',#2466,#2468,#359,.T.);
#2061=EDGE_CURVE('',#2467,#2469,#2732,.T.);
#2062=EDGE_CURVE('',#2470,#2465,#2733,.F.);
#2063=EDGE_CURVE('',#2469,#2470,#360,.T.);
#2064=EDGE_CURVE('',#2461,#2469,#361,.T.);
#2065=EDGE_CURVE('',#2463,#2470,#362,.F.);
#2066=EDGE_CURVE('',#2471,#2471,#2734,.T.);
#2067=EDGE_CURVE('',#2472,#2472,#2735,.T.);
#2068=EDGE_CURVE('',#2473,#2473,#2736,.T.);
#2069=EDGE_CURVE('',#2474,#2474,#2737,.T.);
#2070=EDGE_CURVE('',#2475,#2475,#2738,.T.);
#2071=EDGE_CURVE('',#2476,#2476,#2739,.T.);
#2072=EDGE_CURVE('',#2477,#2462,#363,.T.);
#2073=EDGE_CURVE('',#2478,#2464,#364,.F.);
#2074=EDGE_CURVE('',#2478,#2477,#365,.T.);
#2075=EDGE_CURVE('',#2477,#2468,#366,.T.);
#2076=EDGE_CURVE('',#2479,#2479,#2740,.T.);
#2077=EDGE_CURVE('',#2480,#2480,#2741,.T.);
#2078=EDGE_CURVE('',#2459,#2456,#367,.T.);
#2079=EDGE_CURVE('',#2456,#2481,#2742,.T.);
#2080=EDGE_CURVE('',#2482,#2481,#368,.T.);
#2081=EDGE_CURVE('',#2453,#2482,#2743,.T.);
#2082=EDGE_CURVE('',#2483,#2483,#2744,.T.);
#2083=EDGE_CURVE('',#2484,#2484,#2745,.T.);
#2084=EDGE_CURVE('',#2460,#2453,#369,.T.);
#2085=EDGE_CURVE('',#2485,#2459,#2746,.F.);
#2086=EDGE_CURVE('',#2486,#2460,#2747,.T.);
#2087=EDGE_CURVE('',#2486,#2485,#370,.T.);
#2088=EDGE_CURVE('',#2468,#2487,#2748,.T.);
#2089=EDGE_CURVE('',#2488,#2487,#371,.T.);
#2090=EDGE_CURVE('',#2466,#2488,#2749,.T.);
#2091=EDGE_CURVE('',#2478,#2466,#372,.T.);
#2092=EDGE_CURVE('',#2489,#2477,#2750,.F.);
#2093=EDGE_CURVE('',#2490,#2478,#2751,.T.);
#2094=EDGE_CURVE('',#2490,#2489,#373,.T.);
#2095=EDGE_CURVE('',#2487,#2489,#374,.T.);
#2096=EDGE_CURVE('',#2481,#2485,#375,.T.);
#2097=EDGE_CURVE('',#2491,#2492,#2752,.F.);
#2098=EDGE_CURVE('',#2491,#2493,#376,.T.);
#2099=EDGE_CURVE('',#2494,#2493,#2753,.T.);
#2100=EDGE_CURVE('',#2492,#2494,#377,.F.);
#2101=EDGE_CURVE('',#2491,#2495,#378,.T.);
#2102=EDGE_CURVE('',#2495,#2496,#379,.T.);
#2103=EDGE_CURVE('',#2493,#2496,#380,.T.);
#2104=EDGE_CURVE('',#2497,#2495,#2754,.T.);
#2105=EDGE_CURVE('',#2498,#2497,#381,.F.);
#2106=EDGE_CURVE('',#2496,#2498,#2755,.F.);
#2107=EDGE_CURVE('',#2498,#2481,#382,.T.);
#2108=EDGE_CURVE('',#2497,#2482,#383,.T.);
#2109=EDGE_CURVE('',#2482,#2486,#384,.T.);
#2110=EDGE_CURVE('',#2486,#2499,#385,.T.);
#2111=EDGE_CURVE('',#2499,#2500,#386,.T.);
#2112=EDGE_CURVE('',#2485,#2500,#387,.T.);
#2113=EDGE_CURVE('',#2501,#2499,#2756,.T.);
#2114=EDGE_CURVE('',#2502,#2501,#388,.F.);
#2115=EDGE_CURVE('',#2500,#2502,#2757,.F.);
#2116=EDGE_CURVE('',#2502,#2503,#389,.T.);
#2117=EDGE_CURVE('',#2501,#2504,#390,.T.);
#2118=EDGE_CURVE('',#2504,#2503,#391,.T.);
#2119=EDGE_CURVE('',#2505,#2504,#2758,.F.);
#2120=EDGE_CURVE('',#2506,#2505,#392,.F.);
#2121=EDGE_CURVE('',#2503,#2506,#2759,.T.);
#2122=EDGE_CURVE('',#2507,#2508,#393,.T.);
#2123=EDGE_CURVE('',#2507,#2509,#394,.F.);
#2124=EDGE_CURVE('',#2509,#2510,#395,.T.);
#2125=EDGE_CURVE('',#2510,#2508,#68,.T.);
#2126=EDGE_CURVE('',#2509,#2511,#2760,.T.);
#2127=EDGE_CURVE('',#2512,#2507,#2761,.F.);
#2128=EDGE_CURVE('',#2511,#2512,#396,.T.);
#2129=EDGE_CURVE('',#2511,#2513,#397,.T.);
#2130=EDGE_CURVE('',#2512,#2514,#398,.T.);
#2131=EDGE_CURVE('',#2514,#2513,#399,.T.);
#2132=EDGE_CURVE('',#2515,#2514,#2762,.F.);
#2133=EDGE_CURVE('',#2515,#2516,#400,.T.);
#2134=EDGE_CURVE('',#2513,#2516,#2763,.T.);
#2135=EDGE_CURVE('',#2515,#2517,#401,.T.);
#2136=EDGE_CURVE('',#2517,#2518,#402,.T.);
#2137=EDGE_CURVE('',#2516,#2518,#403,.T.);
#2138=EDGE_CURVE('',#2519,#2517,#2764,.T.);
#2139=EDGE_CURVE('',#2520,#2519,#404,.F.);
#2140=EDGE_CURVE('',#2518,#2520,#2765,.F.);
#2141=EDGE_CURVE('',#2520,#2487,#405,.T.);
#2142=EDGE_CURVE('',#2519,#2488,#406,.T.);
#2143=EDGE_CURVE('',#2488,#2490,#407,.T.);
#2144=EDGE_CURVE('',#2490,#2521,#408,.T.);
#2145=EDGE_CURVE('',#2521,#2522,#409,.T.);
#2146=EDGE_CURVE('',#2489,#2522,#410,.T.);
#2147=EDGE_CURVE('',#2523,#2521,#2766,.T.);
#2148=EDGE_CURVE('',#2524,#2523,#411,.F.);
#2149=EDGE_CURVE('',#2522,#2524,#2767,.F.);
#2150=EDGE_CURVE('',#2524,#2525,#412,.T.);
#2151=EDGE_CURVE('',#2523,#2526,#413,.T.);
#2152=EDGE_CURVE('',#2526,#2525,#414,.T.);
#2153=EDGE_CURVE('',#2527,#2526,#2768,.F.);
#2154=EDGE_CURVE('',#2528,#2527,#415,.F.);
#2155=EDGE_CURVE('',#2525,#2528,#2769,.T.);
#2156=EDGE_CURVE('',#2494,#2528,#416,.T.);
#2157=EDGE_CURVE('',#2492,#2527,#417,.T.);
#2158=EDGE_CURVE('',#2529,#2529,#2770,.T.);
#2159=EDGE_CURVE('',#2530,#2530,#2771,.T.);
#2160=EDGE_CURVE('',#2531,#2531,#2772,.T.);
#2161=EDGE_CURVE('',#2532,#2532,#2773,.T.);
#2162=EDGE_CURVE('',#2533,#2533,#2774,.T.);
#2163=EDGE_CURVE('',#2534,#2534,#2775,.T.);
#2164=EDGE_CURVE('',#2535,#2535,#2776,.T.);
#2165=EDGE_CURVE('',#2536,#2536,#2777,.T.);
#2166=EDGE_CURVE('',#2537,#2537,#2778,.T.);
#2167=EDGE_CURVE('',#2538,#2538,#2779,.T.);
#2168=EDGE_CURVE('',#2539,#2539,#2780,.T.);
#2169=EDGE_CURVE('',#2540,#2540,#2781,.T.);
#2170=EDGE_CURVE('',#2541,#2541,#2782,.T.);
#2171=EDGE_CURVE('',#2542,#2542,#2783,.T.);
#2172=EDGE_CURVE('',#2543,#2543,#2784,.T.);
#2173=EDGE_CURVE('',#2544,#2544,#2785,.T.);
#2174=EDGE_CURVE('',#2545,#2545,#2786,.T.);
#2175=EDGE_CURVE('',#2546,#2546,#2787,.T.);
#2176=EDGE_CURVE('',#2547,#2547,#2788,.T.);
#2177=EDGE_CURVE('',#2548,#2548,#2789,.T.);
#2178=EDGE_CURVE('',#2549,#2549,#2790,.T.);
#2179=EDGE_CURVE('',#2550,#2550,#2791,.T.);
#2180=EDGE_CURVE('',#2551,#2551,#2792,.T.);
#2181=EDGE_CURVE('',#2552,#2552,#2793,.T.);
#2182=EDGE_CURVE('',#2553,#2553,#2794,.T.);
#2183=EDGE_CURVE('',#2554,#2554,#2795,.T.);
#2184=EDGE_CURVE('',#2508,#2437,#2796,.F.);
#2185=EDGE_CURVE('',#2448,#2505,#418,.T.);
#2186=EDGE_CURVE('',#2447,#2506,#419,.T.);
#2187=EDGE_CURVE('',#2438,#2510,#2797,.T.);
#2188=VERTEX_POINT('',#5477);
#2189=VERTEX_POINT('',#5479);
#2190=VERTEX_POINT('',#5481);
#2191=VERTEX_POINT('',#5483);
#2192=VERTEX_POINT('',#5485);
#2193=VERTEX_POINT('',#5487);
#2194=VERTEX_POINT('',#5489);
#2195=VERTEX_POINT('',#5491);
#2196=VERTEX_POINT('',#5493);
#2197=VERTEX_POINT('',#5495);
#2198=VERTEX_POINT('',#5497);
#2199=VERTEX_POINT('',#5499);
#2200=VERTEX_POINT('',#5501);
#2201=VERTEX_POINT('',#5502);
#2202=VERTEX_POINT('',#5504);
#2203=VERTEX_POINT('',#5506);
#2204=VERTEX_POINT('',#5508);
#2205=VERTEX_POINT('',#5510);
#2206=VERTEX_POINT('',#5512);
#2207=VERTEX_POINT('',#5514);
#2208=VERTEX_POINT('',#5517);
#2209=VERTEX_POINT('',#5519);
#2210=VERTEX_POINT('',#5521);
#2211=VERTEX_POINT('',#5523);
#2212=VERTEX_POINT('',#5525);
#2213=VERTEX_POINT('',#5527);
#2214=VERTEX_POINT('',#5529);
#2215=VERTEX_POINT('',#5531);
#2216=VERTEX_POINT('',#5533);
#2217=VERTEX_POINT('',#5534);
#2218=VERTEX_POINT('',#5536);
#2219=VERTEX_POINT('',#5538);
#2220=VERTEX_POINT('',#5540);
#2221=VERTEX_POINT('',#5542);
#2222=VERTEX_POINT('',#5544);
#2223=VERTEX_POINT('',#5546);
#2224=VERTEX_POINT('',#5548);
#2225=VERTEX_POINT('',#5550);
#2226=VERTEX_POINT('',#5552);
#2227=VERTEX_POINT('',#5554);
#2228=VERTEX_POINT('',#5556);
#2229=VERTEX_POINT('',#5558);
#2230=VERTEX_POINT('',#5560);
#2231=VERTEX_POINT('',#5562);
#2232=VERTEX_POINT('',#5564);
#2233=VERTEX_POINT('',#5566);
#2234=VERTEX_POINT('',#5568);
#2235=VERTEX_POINT('',#5570);
#2236=VERTEX_POINT('',#5572);
#2237=VERTEX_POINT('',#5574);
#2238=VERTEX_POINT('',#5576);
#2239=VERTEX_POINT('',#5580);
#2240=VERTEX_POINT('',#5582);
#2241=VERTEX_POINT('',#5584);
#2242=VERTEX_POINT('',#5586);
#2243=VERTEX_POINT('',#5588);
#2244=VERTEX_POINT('',#5590);
#2245=VERTEX_POINT('',#5592);
#2246=VERTEX_POINT('',#5594);
#2247=VERTEX_POINT('',#5596);
#2248=VERTEX_POINT('',#5598);
#2249=VERTEX_POINT('',#5600);
#2250=VERTEX_POINT('',#5602);
#2251=VERTEX_POINT('',#5604);
#2252=VERTEX_POINT('',#5606);
#2253=VERTEX_POINT('',#5608);
#2254=VERTEX_POINT('',#5610);
#2255=VERTEX_POINT('',#5612);
#2256=VERTEX_POINT('',#5613);
#2257=VERTEX_POINT('',#5615);
#2258=VERTEX_POINT('',#5617);
#2259=VERTEX_POINT('',#5619);
#2260=VERTEX_POINT('',#5621);
#2261=VERTEX_POINT('',#5623);
#2262=VERTEX_POINT('',#5625);
#2263=VERTEX_POINT('',#5628);
#2264=VERTEX_POINT('',#5630);
#2265=VERTEX_POINT('',#5632);
#2266=VERTEX_POINT('',#5634);
#2267=VERTEX_POINT('',#5636);
#2268=VERTEX_POINT('',#5637);
#2269=VERTEX_POINT('',#5639);
#2270=VERTEX_POINT('',#5641);
#2271=VERTEX_POINT('',#5643);
#2272=VERTEX_POINT('',#5645);
#2273=VERTEX_POINT('',#5647);
#2274=VERTEX_POINT('',#5649);
#2275=VERTEX_POINT('',#5651);
#2276=VERTEX_POINT('',#5653);
#2277=VERTEX_POINT('',#5655);
#2278=VERTEX_POINT('',#5657);
#2279=VERTEX_POINT('',#5659);
#2280=VERTEX_POINT('',#5661);
#2281=VERTEX_POINT('',#5663);
#2282=VERTEX_POINT('',#5665);
#2283=VERTEX_POINT('',#5667);
#2284=VERTEX_POINT('',#5669);
#2285=VERTEX_POINT('',#5671);
#2286=VERTEX_POINT('',#5673);
#2287=VERTEX_POINT('',#5675);
#2288=VERTEX_POINT('',#5677);
#2289=VERTEX_POINT('',#5679);
#2290=VERTEX_POINT('',#5681);
#2291=VERTEX_POINT('',#5785);
#2292=VERTEX_POINT('',#5786);
#2293=VERTEX_POINT('',#5791);
#2294=VERTEX_POINT('',#5793);
#2295=VERTEX_POINT('',#5801);
#2296=VERTEX_POINT('',#5802);
#2297=VERTEX_POINT('',#5804);
#2298=VERTEX_POINT('',#5806);
#2299=VERTEX_POINT('',#5810);
#2300=VERTEX_POINT('',#5811);
#2301=VERTEX_POINT('',#5813);
#2302=VERTEX_POINT('',#5815);
#2303=VERTEX_POINT('',#5822);
#2304=VERTEX_POINT('',#5824);
#2305=VERTEX_POINT('',#5827);
#2306=VERTEX_POINT('',#5829);
#2307=VERTEX_POINT('',#5832);
#2308=VERTEX_POINT('',#5834);
#2309=VERTEX_POINT('',#5837);
#2310=VERTEX_POINT('',#5839);
#2311=VERTEX_POINT('',#5842);
#2312=VERTEX_POINT('',#5844);
#2313=VERTEX_POINT('',#5847);
#2314=VERTEX_POINT('',#5849);
#2315=VERTEX_POINT('',#5852);
#2316=VERTEX_POINT('',#5854);
#2317=VERTEX_POINT('',#5857);
#2318=VERTEX_POINT('',#5859);
#2319=VERTEX_POINT('',#5880);
#2320=VERTEX_POINT('',#5881);
#2321=VERTEX_POINT('',#5886);
#2322=VERTEX_POINT('',#5891);
#2323=VERTEX_POINT('',#5908);
#2324=VERTEX_POINT('',#5913);
#2325=VERTEX_POINT('',#5942);
#2326=VERTEX_POINT('',#5943);
#2327=VERTEX_POINT('',#5949);
#2328=VERTEX_POINT('',#5954);
#2329=VERTEX_POINT('',#5992);
#2330=VERTEX_POINT('',#5997);
#2331=VERTEX_POINT('',#6024);
#2332=VERTEX_POINT('',#6025);
#2333=VERTEX_POINT('',#6027);
#2334=VERTEX_POINT('',#6029);
#2335=VERTEX_POINT('',#6033);
#2336=VERTEX_POINT('',#6034);
#2337=VERTEX_POINT('',#6036);
#2338=VERTEX_POINT('',#6038);
#2339=VERTEX_POINT('',#6042);
#2340=VERTEX_POINT('',#6044);
#2341=VERTEX_POINT('',#6051);
#2342=VERTEX_POINT('',#6053);
#2343=VERTEX_POINT('',#6057);
#2344=VERTEX_POINT('',#6058);
#2345=VERTEX_POINT('',#6060);
#2346=VERTEX_POINT('',#6062);
#2347=VERTEX_POINT('',#6066);
#2348=VERTEX_POINT('',#6067);
#2349=VERTEX_POINT('',#6069);
#2350=VERTEX_POINT('',#6071);
#2351=VERTEX_POINT('',#6075);
#2352=VERTEX_POINT('',#6077);
#2353=VERTEX_POINT('',#6084);
#2354=VERTEX_POINT('',#6086);
#2355=VERTEX_POINT('',#6089);
#2356=VERTEX_POINT('',#6091);
#2357=VERTEX_POINT('',#6094);
#2358=VERTEX_POINT('',#6096);
#2359=VERTEX_POINT('',#6099);
#2360=VERTEX_POINT('',#6101);
#2361=VERTEX_POINT('',#6107);
#2362=VERTEX_POINT('',#6109);
#2363=VERTEX_POINT('',#6113);
#2364=VERTEX_POINT('',#6115);
#2365=VERTEX_POINT('',#6119);
#2366=VERTEX_POINT('',#6121);
#2367=VERTEX_POINT('',#6125);
#2368=VERTEX_POINT('',#6127);
#2369=VERTEX_POINT('',#6131);
#2370=VERTEX_POINT('',#6133);
#2371=VERTEX_POINT('',#6139);
#2372=VERTEX_POINT('',#6141);
#2373=VERTEX_POINT('',#6149);
#2374=VERTEX_POINT('',#6150);
#2375=VERTEX_POINT('',#6152);
#2376=VERTEX_POINT('',#6154);
#2377=VERTEX_POINT('',#6163);
#2378=VERTEX_POINT('',#6165);
#2379=VERTEX_POINT('',#6169);
#2380=VERTEX_POINT('',#6171);
#2381=VERTEX_POINT('',#6175);
#2382=VERTEX_POINT('',#6177);
#2383=VERTEX_POINT('',#6181);
#2384=VERTEX_POINT('',#6183);
#2385=VERTEX_POINT('',#6187);
#2386=VERTEX_POINT('',#6189);
#2387=VERTEX_POINT('',#6193);
#2388=VERTEX_POINT('',#6195);
#2389=VERTEX_POINT('',#6199);
#2390=VERTEX_POINT('',#6201);
#2391=VERTEX_POINT('',#6205);
#2392=VERTEX_POINT('',#6207);
#2393=VERTEX_POINT('',#6216);
#2394=VERTEX_POINT('',#6218);
#2395=VERTEX_POINT('',#6222);
#2396=VERTEX_POINT('',#6224);
#2397=VERTEX_POINT('',#6228);
#2398=VERTEX_POINT('',#6230);
#2399=VERTEX_POINT('',#6234);
#2400=VERTEX_POINT('',#6236);
#2401=VERTEX_POINT('',#6240);
#2402=VERTEX_POINT('',#6242);
#2403=VERTEX_POINT('',#6246);
#2404=VERTEX_POINT('',#6248);
#2405=VERTEX_POINT('',#6252);
#2406=VERTEX_POINT('',#6254);
#2407=VERTEX_POINT('',#6261);
#2408=VERTEX_POINT('',#6262);
#2409=VERTEX_POINT('',#6264);
#2410=VERTEX_POINT('',#6266);
#2411=VERTEX_POINT('',#6273);
#2412=VERTEX_POINT('',#6275);
#2413=VERTEX_POINT('',#6278);
#2414=VERTEX_POINT('',#6280);
#2415=VERTEX_POINT('',#6283);
#2416=VERTEX_POINT('',#6285);
#2417=VERTEX_POINT('',#6288);
#2418=VERTEX_POINT('',#6290);
#2419=VERTEX_POINT('',#6293);
#2420=VERTEX_POINT('',#6295);
#2421=VERTEX_POINT('',#6298);
#2422=VERTEX_POINT('',#6300);
#2423=VERTEX_POINT('',#6303);
#2424=VERTEX_POINT('',#6305);
#2425=VERTEX_POINT('',#6308);
#2426=VERTEX_POINT('',#6310);
#2427=VERTEX_POINT('',#6313);
#2428=VERTEX_POINT('',#6315);
#2429=VERTEX_POINT('',#6318);
#2430=VERTEX_POINT('',#6320);
#2431=VERTEX_POINT('',#6323);
#2432=VERTEX_POINT('',#6325);
#2433=VERTEX_POINT('',#6328);
#2434=VERTEX_POINT('',#6330);
#2435=VERTEX_POINT('',#6333);
#2436=VERTEX_POINT('',#6335);
#2437=VERTEX_POINT('',#6360);
#2438=VERTEX_POINT('',#6361);
#2439=VERTEX_POINT('',#6366);
#2440=VERTEX_POINT('',#6371);
#2441=VERTEX_POINT('',#6425);
#2442=VERTEX_POINT('',#6430);
#2443=VERTEX_POINT('',#6455);
#2444=VERTEX_POINT('',#6460);
#2445=VERTEX_POINT('',#6493);
#2446=VERTEX_POINT('',#6498);
#2447=VERTEX_POINT('',#6528);
#2448=VERTEX_POINT('',#6533);
#2449=VERTEX_POINT('',#6545);
#2450=VERTEX_POINT('',#6546);
#2451=VERTEX_POINT('',#6548);
#2452=VERTEX_POINT('',#6550);
#2453=VERTEX_POINT('',#6554);
#2454=VERTEX_POINT('',#6555);
#2455=VERTEX_POINT('',#6557);
#2456=VERTEX_POINT('',#6559);
#2457=VERTEX_POINT('',#6563);
#2458=VERTEX_POINT('',#6565);
#2459=VERTEX_POINT('',#6572);
#2460=VERTEX_POINT('',#6574);
#2461=VERTEX_POINT('',#6578);
#2462=VERTEX_POINT('',#6579);
#2463=VERTEX_POINT('',#6581);
#2464=VERTEX_POINT('',#6583);
#2465=VERTEX_POINT('',#6587);
#2466=VERTEX_POINT('',#6588);
#2467=VERTEX_POINT('',#6590);
#2468=VERTEX_POINT('',#6592);
#2469=VERTEX_POINT('',#6596);
#2470=VERTEX_POINT('',#6598);
#2471=VERTEX_POINT('',#6605);
#2472=VERTEX_POINT('',#6607);
#2473=VERTEX_POINT('',#6610);
#2474=VERTEX_POINT('',#6612);
#2475=VERTEX_POINT('',#6615);
#2476=VERTEX_POINT('',#6617);
#2477=VERTEX_POINT('',#6620);
#2478=VERTEX_POINT('',#6622);
#2479=VERTEX_POINT('',#6628);
#2480=VERTEX_POINT('',#6630);
#2481=VERTEX_POINT('',#6634);
#2482=VERTEX_POINT('',#6636);
#2483=VERTEX_POINT('',#6640);
#2484=VERTEX_POINT('',#6642);
#2485=VERTEX_POINT('',#6646);
#2486=VERTEX_POINT('',#6648);
#2487=VERTEX_POINT('',#6652);
#2488=VERTEX_POINT('',#6654);
#2489=VERTEX_POINT('',#6660);
#2490=VERTEX_POINT('',#6662);
#2491=VERTEX_POINT('',#6670);
#2492=VERTEX_POINT('',#6671);
#2493=VERTEX_POINT('',#6673);
#2494=VERTEX_POINT('',#6675);
#2495=VERTEX_POINT('',#6679);
#2496=VERTEX_POINT('',#6681);
#2497=VERTEX_POINT('',#6685);
#2498=VERTEX_POINT('',#6687);
#2499=VERTEX_POINT('',#6696);
#2500=VERTEX_POINT('',#6698);
#2501=VERTEX_POINT('',#6702);
#2502=VERTEX_POINT('',#6704);
#2503=VERTEX_POINT('',#6708);
#2504=VERTEX_POINT('',#6710);
#2505=VERTEX_POINT('',#6714);
#2506=VERTEX_POINT('',#6716);
#2507=VERTEX_POINT('',#6720);
#2508=VERTEX_POINT('',#6721);
#2509=VERTEX_POINT('',#6723);
#2510=VERTEX_POINT('',#6725);
#2511=VERTEX_POINT('',#6732);
#2512=VERTEX_POINT('',#6734);
#2513=VERTEX_POINT('',#6738);
#2514=VERTEX_POINT('',#6740);
#2515=VERTEX_POINT('',#6744);
#2516=VERTEX_POINT('',#6746);
#2517=VERTEX_POINT('',#6750);
#2518=VERTEX_POINT('',#6752);
#2519=VERTEX_POINT('',#6756);
#2520=VERTEX_POINT('',#6758);
#2521=VERTEX_POINT('',#6767);
#2522=VERTEX_POINT('',#6769);
#2523=VERTEX_POINT('',#6773);
#2524=VERTEX_POINT('',#6775);
#2525=VERTEX_POINT('',#6779);
#2526=VERTEX_POINT('',#6781);
#2527=VERTEX_POINT('',#6785);
#2528=VERTEX_POINT('',#6787);
#2529=VERTEX_POINT('',#6794);
#2530=VERTEX_POINT('',#6796);
#2531=VERTEX_POINT('',#6799);
#2532=VERTEX_POINT('',#6801);
#2533=VERTEX_POINT('',#6804);
#2534=VERTEX_POINT('',#6806);
#2535=VERTEX_POINT('',#6809);
#2536=VERTEX_POINT('',#6811);
#2537=VERTEX_POINT('',#6814);
#2538=VERTEX_POINT('',#6816);
#2539=VERTEX_POINT('',#6819);
#2540=VERTEX_POINT('',#6821);
#2541=VERTEX_POINT('',#6824);
#2542=VERTEX_POINT('',#6826);
#2543=VERTEX_POINT('',#6829);
#2544=VERTEX_POINT('',#6831);
#2545=VERTEX_POINT('',#6834);
#2546=VERTEX_POINT('',#6836);
#2547=VERTEX_POINT('',#6839);
#2548=VERTEX_POINT('',#6841);
#2549=VERTEX_POINT('',#6844);
#2550=VERTEX_POINT('',#6846);
#2551=VERTEX_POINT('',#6849);
#2552=VERTEX_POINT('',#6851);
#2553=VERTEX_POINT('',#6854);
#2554=VERTEX_POINT('',#6856);
#2555=CIRCLE('',#3915,2.5);
#2556=CIRCLE('',#3916,2.5);
#2557=CIRCLE('',#3917,2.5);
#2558=CIRCLE('',#3918,2.5);
#2559=CIRCLE('',#3919,2.5);
#2560=CIRCLE('',#3920,2.5);
#2561=CIRCLE('',#3921,2.5);
#2562=CIRCLE('',#3922,2.5);
#2563=CIRCLE('',#3923,4.5);
#2564=CIRCLE('',#3924,4.5);
#2565=CIRCLE('',#3925,4.5);
#2566=CIRCLE('',#3926,4.5);
#2567=CIRCLE('',#3927,5.);
#2568=CIRCLE('',#3928,5.);
#2569=CIRCLE('',#3929,5.);
#2570=CIRCLE('',#3930,5.);
#2571=CIRCLE('',#3931,1.6);
#2572=CIRCLE('',#3932,1.6);
#2573=CIRCLE('',#3933,1.6);
#2574=CIRCLE('',#3934,1.6);
#2575=CIRCLE('',#3935,1.6);
#2576=CIRCLE('',#3936,1.6);
#2577=CIRCLE('',#3937,1.6);
#2578=CIRCLE('',#3938,1.6);
#2579=CIRCLE('',#3939,0.5);
#2580=CIRCLE('',#3940,0.5);
#2581=CIRCLE('',#3941,0.5);
#2582=CIRCLE('',#3942,0.5);
#2583=CIRCLE('',#3943,10.);
#2584=CIRCLE('',#3944,6.);
#2585=CIRCLE('',#3945,6.00034412011451);
#2586=CIRCLE('',#3946,0.5);
#2587=CIRCLE('',#3947,0.5);
#2588=CIRCLE('',#3948,6.);
#2589=CIRCLE('',#3949,6.00017434619826);
#2590=CIRCLE('',#3950,6.);
#2591=CIRCLE('',#3951,10.);
#2592=CIRCLE('',#3953,2.5);
#2593=CIRCLE('',#3954,2.5);
#2594=CIRCLE('',#3955,2.5);
#2595=CIRCLE('',#3956,2.5);
#2596=CIRCLE('',#3957,2.5);
#2597=CIRCLE('',#3958,2.5);
#2598=CIRCLE('',#3959,2.5);
#2599=CIRCLE('',#3960,2.5);
#2600=CIRCLE('',#3961,1.6);
#2601=CIRCLE('',#3962,1.6);
#2602=CIRCLE('',#3963,1.6);
#2603=CIRCLE('',#3964,1.6);
#2604=CIRCLE('',#3965,1.6);
#2605=CIRCLE('',#3966,1.6);
#2606=CIRCLE('',#3967,1.6);
#2607=CIRCLE('',#3968,1.6);
#2608=CIRCLE('',#3969,5.);
#2609=CIRCLE('',#3970,5.);
#2610=CIRCLE('',#3971,5.);
#2611=CIRCLE('',#3972,5.);
#2612=CIRCLE('',#3973,4.5);
#2613=CIRCLE('',#3974,4.5);
#2614=CIRCLE('',#3975,4.5);
#2615=CIRCLE('',#3976,4.5);
#2616=CIRCLE('',#3977,0.5);
#2617=CIRCLE('',#3978,10.);
#2618=CIRCLE('',#3979,6.);
#2619=CIRCLE('',#3980,6.00017434619826);
#2620=CIRCLE('',#3981,6.);
#2621=CIRCLE('',#3982,0.5);
#2622=CIRCLE('',#3983,0.5);
#2623=CIRCLE('',#3984,6.00034412011451);
#2624=CIRCLE('',#3985,6.);
#2625=CIRCLE('',#3986,6.);
#2626=CIRCLE('',#3987,10.);
#2627=CIRCLE('',#3988,0.5);
#2628=CIRCLE('',#3989,0.5);
#2629=CIRCLE('',#3990,0.5);
#2630=CIRCLE('',#4040,6.);
#2631=CIRCLE('',#4041,3.);
#2632=CIRCLE('',#4043,6.);
#2633=CIRCLE('',#4044,3.);
#2634=CIRCLE('',#4048,10.);
#2635=CIRCLE('',#4049,10.);
#2636=CIRCLE('',#4051,10.);
#2637=CIRCLE('',#4052,10.);
#2638=CIRCLE('',#4055,2.5);
#2639=CIRCLE('',#4056,2.5);
#2640=CIRCLE('',#4058,2.5);
#2641=CIRCLE('',#4059,2.5);
#2642=CIRCLE('',#4061,2.5);
#2643=CIRCLE('',#4062,2.5);
#2644=CIRCLE('',#4064,2.5);
#2645=CIRCLE('',#4065,2.5);
#2646=CIRCLE('',#4067,2.5);
#2647=CIRCLE('',#4068,2.5);
#2648=CIRCLE('',#4070,2.5);
#2649=CIRCLE('',#4071,2.5);
#2650=CIRCLE('',#4073,2.5);
#2651=CIRCLE('',#4074,2.5);
#2652=CIRCLE('',#4076,2.5);
#2653=CIRCLE('',#4077,2.5);
#2654=CIRCLE('',#4085,10.);
#2655=CIRCLE('',#4086,10.);
#2656=CIRCLE('',#4089,10.);
#2657=CIRCLE('',#4090,10.);
#2658=CIRCLE('',#4094,10.);
#2659=CIRCLE('',#4095,10.);
#2660=CIRCLE('',#4098,10.);
#2661=CIRCLE('',#4099,10.);
#2662=CIRCLE('',#4102,4.5);
#2663=CIRCLE('',#4103,4.5);
#2664=CIRCLE('',#4105,4.5);
#2665=CIRCLE('',#4106,4.5);
#2666=CIRCLE('',#4108,4.5);
#2667=CIRCLE('',#4109,4.5);
#2668=CIRCLE('',#4113,4.5);
#2669=CIRCLE('',#4114,4.5);
#2670=CIRCLE('',#4116,6.);
#2671=CIRCLE('',#4117,3.);
#2672=CIRCLE('',#4119,4.5);
#2673=CIRCLE('',#4120,4.5);
#2674=CIRCLE('',#4122,6.);
#2675=CIRCLE('',#4123,3.);
#2676=CIRCLE('',#4125,6.);
#2677=CIRCLE('',#4126,3.);
#2678=CIRCLE('',#4129,6.);
#2679=CIRCLE('',#4130,3.);
#2680=CIRCLE('',#4134,0.5);
#2681=CIRCLE('',#4135,0.5);
#2682=CIRCLE('',#4140,0.5);
#2683=CIRCLE('',#4141,0.5);
#2684=CIRCLE('',#4144,10.);
#2685=CIRCLE('',#4145,10.);
#2686=CIRCLE('',#4148,10.);
#2687=CIRCLE('',#4149,10.);
#2688=CIRCLE('',#4152,0.5);
#2689=CIRCLE('',#4153,0.5);
#2690=CIRCLE('',#4158,0.5);
#2691=CIRCLE('',#4159,0.5);
#2692=CIRCLE('',#4162,10.);
#2693=CIRCLE('',#4163,10.);
#2694=CIRCLE('',#4166,10.);
#2695=CIRCLE('',#4167,10.);
#2696=CIRCLE('',#4170,10.);
#2697=CIRCLE('',#4171,10.);
#2698=CIRCLE('',#4174,13.);
#2699=CIRCLE('',#4175,13.);
#2700=CIRCLE('',#4177,1.6);
#2701=CIRCLE('',#4178,1.6);
#2702=CIRCLE('',#4180,1.6);
#2703=CIRCLE('',#4181,1.6);
#2704=CIRCLE('',#4183,1.6);
#2705=CIRCLE('',#4184,1.6);
#2706=CIRCLE('',#4186,1.6);
#2707=CIRCLE('',#4187,1.6);
#2708=CIRCLE('',#4189,1.6);
#2709=CIRCLE('',#4190,1.6);
#2710=CIRCLE('',#4192,1.6);
#2711=CIRCLE('',#4193,1.6);
#2712=CIRCLE('',#4195,2.575);
#2713=CIRCLE('',#4196,2.575);
#2714=CIRCLE('',#4198,2.575);
#2715=CIRCLE('',#4199,2.575);
#2716=CIRCLE('',#4201,2.575);
#2717=CIRCLE('',#4202,2.575);
#2718=CIRCLE('',#4204,2.575);
#2719=CIRCLE('',#4205,2.575);
#2720=CIRCLE('',#4207,2.575);
#2721=CIRCLE('',#4208,2.575);
#2722=CIRCLE('',#4210,2.575);
#2723=CIRCLE('',#4211,2.575);
#2724=CIRCLE('',#4213,10.);
#2725=CIRCLE('',#4215,10.);
#2726=CIRCLE('',#4221,10.);
#2727=CIRCLE('',#4222,10.);
#2728=CIRCLE('',#4225,10.);
#2729=CIRCLE('',#4226,10.);
#2730=CIRCLE('',#4230,10.);
#2731=CIRCLE('',#4231,10.);
#2732=CIRCLE('',#4234,10.);
#2733=CIRCLE('',#4235,10.);
#2734=CIRCLE('',#4238,4.5);
#2735=CIRCLE('',#4239,4.5);
#2736=CIRCLE('',#4241,4.5);
#2737=CIRCLE('',#4242,4.5);
#2738=CIRCLE('',#4244,4.5);
#2739=CIRCLE('',#4245,4.5);
#2740=CIRCLE('',#4249,4.5);
#2741=CIRCLE('',#4250,4.5);
#2742=CIRCLE('',#4252,6.);
#2743=CIRCLE('',#4253,3.);
#2744=CIRCLE('',#4255,4.5);
#2745=CIRCLE('',#4256,4.5);
#2746=CIRCLE('',#4258,6.);
#2747=CIRCLE('',#4259,3.);
#2748=CIRCLE('',#4261,6.);
#2749=CIRCLE('',#4262,3.);
#2750=CIRCLE('',#4265,6.);
#2751=CIRCLE('',#4266,3.);
#2752=CIRCLE('',#4270,10.);
#2753=CIRCLE('',#4271,10.);
#2754=CIRCLE('',#4274,0.5);
#2755=CIRCLE('',#4275,0.5);
#2756=CIRCLE('',#4280,0.5);
#2757=CIRCLE('',#4281,0.5);
#2758=CIRCLE('',#4284,10.);
#2759=CIRCLE('',#4285,10.);
#2760=CIRCLE('',#4288,10.);
#2761=CIRCLE('',#4289,10.);
#2762=CIRCLE('',#4292,10.);
#2763=CIRCLE('',#4293,10.);
#2764=CIRCLE('',#4296,0.5);
#2765=CIRCLE('',#4297,0.5);
#2766=CIRCLE('',#4302,0.5);
#2767=CIRCLE('',#4303,0.5);
#2768=CIRCLE('',#4306,10.);
#2769=CIRCLE('',#4307,10.);
#2770=CIRCLE('',#4310,13.);
#2771=CIRCLE('',#4311,13.);
#2772=CIRCLE('',#4313,1.6);
#2773=CIRCLE('',#4314,1.6);
#2774=CIRCLE('',#4316,1.6);
#2775=CIRCLE('',#4317,1.6);
#2776=CIRCLE('',#4319,1.6);
#2777=CIRCLE('',#4320,1.6);
#2778=CIRCLE('',#4322,1.6);
#2779=CIRCLE('',#4323,1.6);
#2780=CIRCLE('',#4325,1.6);
#2781=CIRCLE('',#4326,1.6);
#2782=CIRCLE('',#4328,1.6);
#2783=CIRCLE('',#4329,1.6);
#2784=CIRCLE('',#4331,2.575);
#2785=CIRCLE('',#4332,2.575);
#2786=CIRCLE('',#4334,2.575);
#2787=CIRCLE('',#4335,2.575);
#2788=CIRCLE('',#4337,2.575);
#2789=CIRCLE('',#4338,2.575);
#2790=CIRCLE('',#4340,2.575);
#2791=CIRCLE('',#4341,2.575);
#2792=CIRCLE('',#4343,2.575);
#2793=CIRCLE('',#4344,2.575);
#2794=CIRCLE('',#4346,2.575);
#2795=CIRCLE('',#4347,2.575);
#2796=CIRCLE('',#4349,10.);
#2797=CIRCLE('',#4352,10.);
#2798=EDGE_LOOP('',(#646));
#2799=EDGE_LOOP('',(#647));
#2800=EDGE_LOOP('',(#648));
#2801=EDGE_LOOP('',(#649));
#2802=EDGE_LOOP('',(#650));
#2803=EDGE_LOOP('',(#651));
#2804=EDGE_LOOP('',(#652));
#2805=EDGE_LOOP('',(#653));
#2806=EDGE_LOOP('',(#654));
#2807=EDGE_LOOP('',(#655));
#2808=EDGE_LOOP('',(#656));
#2809=EDGE_LOOP('',(#657));
#2810=EDGE_LOOP('',(#658,#659,#660,#661,#662,#663,#664,#665));
#2811=EDGE_LOOP('',(#666));
#2812=EDGE_LOOP('',(#667));
#2813=EDGE_LOOP('',(#668));
#2814=EDGE_LOOP('',(#669));
#2815=EDGE_LOOP('',(#670));
#2816=EDGE_LOOP('',(#671));
#2817=EDGE_LOOP('',(#672));
#2818=EDGE_LOOP('',(#673));
#2819=EDGE_LOOP('',(#674,#675,#676,#677,#678,#679,#680,#681,#682,#683,#684,
#685,#686,#687,#688,#689,#690,#691,#692,#693,#694,#695,#696));
#2820=EDGE_LOOP('',(#697));
#2821=EDGE_LOOP('',(#698));
#2822=EDGE_LOOP('',(#699));
#2823=EDGE_LOOP('',(#700));
#2824=EDGE_LOOP('',(#701));
#2825=EDGE_LOOP('',(#702));
#2826=EDGE_LOOP('',(#703));
#2827=EDGE_LOOP('',(#704));
#2828=EDGE_LOOP('',(#705));
#2829=EDGE_LOOP('',(#706));
#2830=EDGE_LOOP('',(#707));
#2831=EDGE_LOOP('',(#708));
#2832=EDGE_LOOP('',(#709));
#2833=EDGE_LOOP('',(#710));
#2834=EDGE_LOOP('',(#711));
#2835=EDGE_LOOP('',(#712));
#2836=EDGE_LOOP('',(#713,#714,#715,#716,#717,#718,#719,#720));
#2837=EDGE_LOOP('',(#721));
#2838=EDGE_LOOP('',(#722));
#2839=EDGE_LOOP('',(#723));
#2840=EDGE_LOOP('',(#724));
#2841=EDGE_LOOP('',(#725,#726,#727,#728,#729,#730,#731,#732,#733,#734,#735,
#736,#737,#738,#739,#740,#741,#742,#743,#744,#745,#746,#747,#748));
#2842=EDGE_LOOP('',(#749,#750,#751,#752));
#2843=EDGE_LOOP('',(#753,#754,#755,#756));
#2844=EDGE_LOOP('',(#757,#758,#759,#760));
#2845=EDGE_LOOP('',(#761,#762,#763,#764));
#2846=EDGE_LOOP('',(#765,#766,#767,#768,#769));
#2847=EDGE_LOOP('',(#770,#771,#772,#773));
#2848=EDGE_LOOP('',(#774,#775,#776,#777));
#2849=EDGE_LOOP('',(#778,#779,#780,#781));
#2850=EDGE_LOOP('',(#782));
#2851=EDGE_LOOP('',(#783));
#2852=EDGE_LOOP('',(#784));
#2853=EDGE_LOOP('',(#785));
#2854=EDGE_LOOP('',(#786));
#2855=EDGE_LOOP('',(#787));
#2856=EDGE_LOOP('',(#788));
#2857=EDGE_LOOP('',(#789));
#2858=EDGE_LOOP('',(#790,#791,#792,#793));
#2859=EDGE_LOOP('',(#794,#795,#796,#797));
#2860=EDGE_LOOP('',(#798,#799,#800,#801));
#2861=EDGE_LOOP('',(#802,#803,#804,#805));
#2862=EDGE_LOOP('',(#806,#807,#808,#809));
#2863=EDGE_LOOP('',(#810,#811,#812,#813));
#2864=EDGE_LOOP('',(#814,#815,#816,#817));
#2865=EDGE_LOOP('',(#818,#819,#820,#821));
#2866=EDGE_LOOP('',(#822));
#2867=EDGE_LOOP('',(#823));
#2868=EDGE_LOOP('',(#824));
#2869=EDGE_LOOP('',(#825));
#2870=EDGE_LOOP('',(#826));
#2871=EDGE_LOOP('',(#827));
#2872=EDGE_LOOP('',(#828));
#2873=EDGE_LOOP('',(#829));
#2874=EDGE_LOOP('',(#830));
#2875=EDGE_LOOP('',(#831));
#2876=EDGE_LOOP('',(#832));
#2877=EDGE_LOOP('',(#833));
#2878=EDGE_LOOP('',(#834));
#2879=EDGE_LOOP('',(#835));
#2880=EDGE_LOOP('',(#836));
#2881=EDGE_LOOP('',(#837));
#2882=EDGE_LOOP('',(#838,#839,#840,#841));
#2883=EDGE_LOOP('',(#842,#843,#844,#845));
#2884=EDGE_LOOP('',(#846,#847,#848,#849));
#2885=EDGE_LOOP('',(#850,#851,#852,#853));
#2886=EDGE_LOOP('',(#854));
#2887=EDGE_LOOP('',(#855));
#2888=EDGE_LOOP('',(#856));
#2889=EDGE_LOOP('',(#857));
#2890=EDGE_LOOP('',(#858));
#2891=EDGE_LOOP('',(#859));
#2892=EDGE_LOOP('',(#860));
#2893=EDGE_LOOP('',(#861));
#2894=EDGE_LOOP('',(#862));
#2895=EDGE_LOOP('',(#863));
#2896=EDGE_LOOP('',(#864));
#2897=EDGE_LOOP('',(#865));
#2898=EDGE_LOOP('',(#866));
#2899=EDGE_LOOP('',(#867));
#2900=EDGE_LOOP('',(#868));
#2901=EDGE_LOOP('',(#869));
#2902=EDGE_LOOP('',(#870,#871,#872,#873));
#2903=EDGE_LOOP('',(#874,#875,#876,#877));
#2904=EDGE_LOOP('',(#878,#879,#880,#881));
#2905=EDGE_LOOP('',(#882,#883,#884,#885));
#2906=EDGE_LOOP('',(#886,#887,#888,#889));
#2907=EDGE_LOOP('',(#890,#891,#892,#893));
#2908=EDGE_LOOP('',(#894,#895,#896,#897));
#2909=EDGE_LOOP('',(#898,#899,#900,#901));
#2910=EDGE_LOOP('',(#902,#903,#904,#905));
#2911=EDGE_LOOP('',(#906,#907,#908,#909));
#2912=EDGE_LOOP('',(#910,#911,#912,#913));
#2913=EDGE_LOOP('',(#914,#915,#916,#917));
#2914=EDGE_LOOP('',(#918,#919,#920,#921));
#2915=EDGE_LOOP('',(#922,#923,#924,#925));
#2916=EDGE_LOOP('',(#926,#927,#928,#929));
#2917=EDGE_LOOP('',(#930));
#2918=EDGE_LOOP('',(#931));
#2919=EDGE_LOOP('',(#932));
#2920=EDGE_LOOP('',(#933));
#2921=EDGE_LOOP('',(#934));
#2922=EDGE_LOOP('',(#935));
#2923=EDGE_LOOP('',(#936));
#2924=EDGE_LOOP('',(#937));
#2925=EDGE_LOOP('',(#938));
#2926=EDGE_LOOP('',(#939));
#2927=EDGE_LOOP('',(#940));
#2928=EDGE_LOOP('',(#941));
#2929=EDGE_LOOP('',(#942));
#2930=EDGE_LOOP('',(#943));
#2931=EDGE_LOOP('',(#944));
#2932=EDGE_LOOP('',(#945));
#2933=EDGE_LOOP('',(#946));
#2934=EDGE_LOOP('',(#947));
#2935=EDGE_LOOP('',(#948));
#2936=EDGE_LOOP('',(#949));
#2937=EDGE_LOOP('',(#950));
#2938=EDGE_LOOP('',(#951));
#2939=EDGE_LOOP('',(#952));
#2940=EDGE_LOOP('',(#953));
#2941=EDGE_LOOP('',(#954,#955,#956,#957,#958,#959));
#2942=EDGE_LOOP('',(#960,#961,#962,#963));
#2943=EDGE_LOOP('',(#964));
#2944=EDGE_LOOP('',(#965));
#2945=EDGE_LOOP('',(#966));
#2946=EDGE_LOOP('',(#967));
#2947=EDGE_LOOP('',(#968));
#2948=EDGE_LOOP('',(#969));
#2949=EDGE_LOOP('',(#970));
#2950=EDGE_LOOP('',(#971));
#2951=EDGE_LOOP('',(#972,#973,#974,#975,#976,#977));
#2952=EDGE_LOOP('',(#978,#979,#980,#981));
#2953=EDGE_LOOP('',(#982,#983,#984,#985));
#2954=EDGE_LOOP('',(#986,#987,#988,#989));
#2955=EDGE_LOOP('',(#990,#991,#992,#993));
#2956=EDGE_LOOP('',(#994,#995,#996,#997));
#2957=EDGE_LOOP('',(#998,#999,#1000,#1001));
#2958=EDGE_LOOP('',(#1002,#1003,#1004,#1005));
#2959=EDGE_LOOP('',(#1006,#1007,#1008,#1009,#1010,#1011,#1012,#1013));
#2960=EDGE_LOOP('',(#1014,#1015,#1016,#1017,#1018,#1019,#1020,#1021));
#2961=EDGE_LOOP('',(#1022,#1023,#1024,#1025));
#2962=EDGE_LOOP('',(#1026,#1027,#1028,#1029));
#2963=EDGE_LOOP('',(#1030,#1031,#1032,#1033));
#2964=EDGE_LOOP('',(#1034,#1035,#1036,#1037));
#2965=EDGE_LOOP('',(#1038,#1039,#1040,#1041));
#2966=EDGE_LOOP('',(#1042,#1043,#1044,#1045));
#2967=EDGE_LOOP('',(#1046,#1047,#1048,#1049));
#2968=EDGE_LOOP('',(#1050,#1051,#1052,#1053));
#2969=EDGE_LOOP('',(#1054,#1055,#1056,#1057));
#2970=EDGE_LOOP('',(#1058));
#2971=EDGE_LOOP('',(#1059));
#2972=EDGE_LOOP('',(#1060));
#2973=EDGE_LOOP('',(#1061));
#2974=EDGE_LOOP('',(#1062));
#2975=EDGE_LOOP('',(#1063));
#2976=EDGE_LOOP('',(#1064,#1065,#1066,#1067));
#2977=EDGE_LOOP('',(#1068));
#2978=EDGE_LOOP('',(#1069));
#2979=EDGE_LOOP('',(#1070));
#2980=EDGE_LOOP('',(#1071,#1072,#1073,#1074,#1075,#1076));
#2981=EDGE_LOOP('',(#1077));
#2982=EDGE_LOOP('',(#1078));
#2983=EDGE_LOOP('',(#1079,#1080,#1081,#1082,#1083,#1084));
#2984=EDGE_LOOP('',(#1085,#1086,#1087,#1088));
#2985=EDGE_LOOP('',(#1089));
#2986=EDGE_LOOP('',(#1090));
#2987=EDGE_LOOP('',(#1091,#1092,#1093,#1094,#1095,#1096));
#2988=EDGE_LOOP('',(#1097,#1098,#1099,#1100));
#2989=EDGE_LOOP('',(#1101,#1102,#1103,#1104));
#2990=EDGE_LOOP('',(#1105));
#2991=EDGE_LOOP('',(#1106));
#2992=EDGE_LOOP('',(#1107));
#2993=EDGE_LOOP('',(#1108,#1109,#1110,#1111,#1112,#1113));
#2994=EDGE_LOOP('',(#1114,#1115,#1116,#1117));
#2995=EDGE_LOOP('',(#1118,#1119,#1120,#1121));
#2996=EDGE_LOOP('',(#1122,#1123,#1124,#1125));
#2997=EDGE_LOOP('',(#1126,#1127,#1128,#1129));
#2998=EDGE_LOOP('',(#1130,#1131,#1132,#1133));
#2999=EDGE_LOOP('',(#1134,#1135,#1136,#1137));
#3000=EDGE_LOOP('',(#1138,#1139,#1140,#1141));
#3001=EDGE_LOOP('',(#1142,#1143,#1144,#1145));
#3002=EDGE_LOOP('',(#1146,#1147,#1148,#1149));
#3003=EDGE_LOOP('',(#1150,#1151,#1152,#1153));
#3004=EDGE_LOOP('',(#1154,#1155,#1156,#1157));
#3005=EDGE_LOOP('',(#1158,#1159,#1160,#1161));
#3006=EDGE_LOOP('',(#1162,#1163,#1164,#1165));
#3007=EDGE_LOOP('',(#1166,#1167,#1168,#1169));
#3008=EDGE_LOOP('',(#1170,#1171,#1172,#1173));
#3009=EDGE_LOOP('',(#1174,#1175,#1176,#1177));
#3010=EDGE_LOOP('',(#1178,#1179,#1180,#1181));
#3011=EDGE_LOOP('',(#1182,#1183,#1184,#1185));
#3012=EDGE_LOOP('',(#1186,#1187,#1188,#1189));
#3013=EDGE_LOOP('',(#1190,#1191,#1192,#1193));
#3014=EDGE_LOOP('',(#1194,#1195,#1196,#1197));
#3015=EDGE_LOOP('',(#1198,#1199,#1200,#1201));
#3016=EDGE_LOOP('',(#1202,#1203,#1204,#1205));
#3017=EDGE_LOOP('',(#1206,#1207,#1208,#1209));
#3018=EDGE_LOOP('',(#1210,#1211,#1212,#1213));
#3019=EDGE_LOOP('',(#1214));
#3020=EDGE_LOOP('',(#1215));
#3021=EDGE_LOOP('',(#1216));
#3022=EDGE_LOOP('',(#1217));
#3023=EDGE_LOOP('',(#1218));
#3024=EDGE_LOOP('',(#1219));
#3025=EDGE_LOOP('',(#1220));
#3026=EDGE_LOOP('',(#1221));
#3027=EDGE_LOOP('',(#1222));
#3028=EDGE_LOOP('',(#1223));
#3029=EDGE_LOOP('',(#1224));
#3030=EDGE_LOOP('',(#1225));
#3031=EDGE_LOOP('',(#1226));
#3032=EDGE_LOOP('',(#1227));
#3033=EDGE_LOOP('',(#1228));
#3034=EDGE_LOOP('',(#1229));
#3035=EDGE_LOOP('',(#1230));
#3036=EDGE_LOOP('',(#1231));
#3037=EDGE_LOOP('',(#1232));
#3038=EDGE_LOOP('',(#1233));
#3039=EDGE_LOOP('',(#1234));
#3040=EDGE_LOOP('',(#1235));
#3041=EDGE_LOOP('',(#1236));
#3042=EDGE_LOOP('',(#1237));
#3043=EDGE_LOOP('',(#1238));
#3044=EDGE_LOOP('',(#1239));
#3045=EDGE_LOOP('',(#1240));
#3046=EDGE_LOOP('',(#1241));
#3047=EDGE_LOOP('',(#1242));
#3048=EDGE_LOOP('',(#1243));
#3049=EDGE_LOOP('',(#1244));
#3050=EDGE_LOOP('',(#1245));
#3051=EDGE_LOOP('',(#1246));
#3052=EDGE_LOOP('',(#1247));
#3053=EDGE_LOOP('',(#1248));
#3054=EDGE_LOOP('',(#1249));
#3055=EDGE_LOOP('',(#1250));
#3056=EDGE_LOOP('',(#1251));
#3057=EDGE_LOOP('',(#1252));
#3058=EDGE_LOOP('',(#1253,#1254,#1255,#1256,#1257,#1258,#1259,#1260,#1261,
#1262,#1263,#1264,#1265,#1266,#1267,#1268,#1269,#1270,#1271,#1272,#1273,
#1274,#1275,#1276,#1277));
#3059=EDGE_LOOP('',(#1278,#1279,#1280,#1281));
#3060=EDGE_LOOP('',(#1282));
#3061=EDGE_LOOP('',(#1283));
#3062=EDGE_LOOP('',(#1284));
#3063=EDGE_LOOP('',(#1285));
#3064=EDGE_LOOP('',(#1286));
#3065=EDGE_LOOP('',(#1287));
#3066=EDGE_LOOP('',(#1288));
#3067=EDGE_LOOP('',(#1289));
#3068=EDGE_LOOP('',(#1290));
#3069=EDGE_LOOP('',(#1291));
#3070=EDGE_LOOP('',(#1292));
#3071=EDGE_LOOP('',(#1293));
#3072=EDGE_LOOP('',(#1294));
#3073=EDGE_LOOP('',(#1295,#1296,#1297,#1298,#1299,#1300,#1301,#1302,#1303,
#1304,#1305,#1306,#1307,#1308,#1309,#1310,#1311,#1312,#1313,#1314,#1315,
#1316,#1317,#1318,#1319));
#3074=EDGE_LOOP('',(#1320,#1321,#1322,#1323));
#3075=EDGE_LOOP('',(#1324,#1325,#1326,#1327));
#3076=EDGE_LOOP('',(#1328,#1329,#1330,#1331));
#3077=EDGE_LOOP('',(#1332,#1333,#1334,#1335));
#3078=EDGE_LOOP('',(#1336,#1337,#1338,#1339));
#3079=EDGE_LOOP('',(#1340,#1341,#1342,#1343));
#3080=EDGE_LOOP('',(#1344,#1345,#1346,#1347));
#3081=EDGE_LOOP('',(#1348,#1349,#1350,#1351,#1352,#1353,#1354,#1355));
#3082=EDGE_LOOP('',(#1356,#1357,#1358,#1359,#1360,#1361,#1362,#1363));
#3083=EDGE_LOOP('',(#1364,#1365,#1366,#1367));
#3084=EDGE_LOOP('',(#1368,#1369,#1370,#1371));
#3085=EDGE_LOOP('',(#1372,#1373,#1374,#1375));
#3086=EDGE_LOOP('',(#1376,#1377,#1378,#1379));
#3087=EDGE_LOOP('',(#1380,#1381,#1382,#1383));
#3088=EDGE_LOOP('',(#1384,#1385,#1386,#1387));
#3089=EDGE_LOOP('',(#1388,#1389,#1390,#1391));
#3090=EDGE_LOOP('',(#1392,#1393,#1394,#1395));
#3091=EDGE_LOOP('',(#1396,#1397,#1398,#1399));
#3092=EDGE_LOOP('',(#1400));
#3093=EDGE_LOOP('',(#1401));
#3094=EDGE_LOOP('',(#1402));
#3095=EDGE_LOOP('',(#1403));
#3096=EDGE_LOOP('',(#1404));
#3097=EDGE_LOOP('',(#1405));
#3098=EDGE_LOOP('',(#1406,#1407,#1408,#1409));
#3099=EDGE_LOOP('',(#1410));
#3100=EDGE_LOOP('',(#1411));
#3101=EDGE_LOOP('',(#1412));
#3102=EDGE_LOOP('',(#1413,#1414,#1415,#1416,#1417,#1418));
#3103=EDGE_LOOP('',(#1419));
#3104=EDGE_LOOP('',(#1420));
#3105=EDGE_LOOP('',(#1421,#1422,#1423,#1424,#1425,#1426));
#3106=EDGE_LOOP('',(#1427,#1428,#1429,#1430));
#3107=EDGE_LOOP('',(#1431));
#3108=EDGE_LOOP('',(#1432));
#3109=EDGE_LOOP('',(#1433,#1434,#1435,#1436,#1437,#1438));
#3110=EDGE_LOOP('',(#1439,#1440,#1441,#1442));
#3111=EDGE_LOOP('',(#1443,#1444,#1445,#1446));
#3112=EDGE_LOOP('',(#1447));
#3113=EDGE_LOOP('',(#1448));
#3114=EDGE_LOOP('',(#1449));
#3115=EDGE_LOOP('',(#1450,#1451,#1452,#1453,#1454,#1455));
#3116=EDGE_LOOP('',(#1456,#1457,#1458,#1459));
#3117=EDGE_LOOP('',(#1460,#1461,#1462,#1463));
#3118=EDGE_LOOP('',(#1464,#1465,#1466,#1467));
#3119=EDGE_LOOP('',(#1468,#1469,#1470,#1471));
#3120=EDGE_LOOP('',(#1472,#1473,#1474,#1475));
#3121=EDGE_LOOP('',(#1476,#1477,#1478,#1479));
#3122=EDGE_LOOP('',(#1480,#1481,#1482,#1483));
#3123=EDGE_LOOP('',(#1484,#1485,#1486,#1487));
#3124=EDGE_LOOP('',(#1488,#1489,#1490,#1491));
#3125=EDGE_LOOP('',(#1492,#1493,#1494,#1495));
#3126=EDGE_LOOP('',(#1496,#1497,#1498,#1499));
#3127=EDGE_LOOP('',(#1500,#1501,#1502,#1503));
#3128=EDGE_LOOP('',(#1504,#1505,#1506,#1507));
#3129=EDGE_LOOP('',(#1508,#1509,#1510,#1511));
#3130=EDGE_LOOP('',(#1512,#1513,#1514,#1515));
#3131=EDGE_LOOP('',(#1516,#1517,#1518,#1519));
#3132=EDGE_LOOP('',(#1520,#1521,#1522,#1523));
#3133=EDGE_LOOP('',(#1524,#1525,#1526,#1527));
#3134=EDGE_LOOP('',(#1528,#1529,#1530,#1531));
#3135=EDGE_LOOP('',(#1532,#1533,#1534,#1535));
#3136=EDGE_LOOP('',(#1536,#1537,#1538,#1539));
#3137=EDGE_LOOP('',(#1540,#1541,#1542,#1543));
#3138=EDGE_LOOP('',(#1544,#1545,#1546,#1547));
#3139=EDGE_LOOP('',(#1548,#1549,#1550,#1551));
#3140=EDGE_LOOP('',(#1552,#1553,#1554,#1555));
#3141=EDGE_LOOP('',(#1556));
#3142=EDGE_LOOP('',(#1557));
#3143=EDGE_LOOP('',(#1558));
#3144=EDGE_LOOP('',(#1559));
#3145=EDGE_LOOP('',(#1560));
#3146=EDGE_LOOP('',(#1561));
#3147=EDGE_LOOP('',(#1562));
#3148=EDGE_LOOP('',(#1563));
#3149=EDGE_LOOP('',(#1564));
#3150=EDGE_LOOP('',(#1565));
#3151=EDGE_LOOP('',(#1566));
#3152=EDGE_LOOP('',(#1567));
#3153=EDGE_LOOP('',(#1568));
#3154=EDGE_LOOP('',(#1569));
#3155=EDGE_LOOP('',(#1570));
#3156=EDGE_LOOP('',(#1571));
#3157=EDGE_LOOP('',(#1572));
#3158=EDGE_LOOP('',(#1573));
#3159=EDGE_LOOP('',(#1574));
#3160=EDGE_LOOP('',(#1575));
#3161=EDGE_LOOP('',(#1576));
#3162=EDGE_LOOP('',(#1577));
#3163=EDGE_LOOP('',(#1578));
#3164=EDGE_LOOP('',(#1579));
#3165=EDGE_LOOP('',(#1580));
#3166=EDGE_LOOP('',(#1581));
#3167=EDGE_LOOP('',(#1582));
#3168=EDGE_LOOP('',(#1583));
#3169=EDGE_LOOP('',(#1584));
#3170=EDGE_LOOP('',(#1585));
#3171=EDGE_LOOP('',(#1586));
#3172=EDGE_LOOP('',(#1587));
#3173=EDGE_LOOP('',(#1588));
#3174=EDGE_LOOP('',(#1589));
#3175=EDGE_LOOP('',(#1590));
#3176=EDGE_LOOP('',(#1591));
#3177=EDGE_LOOP('',(#1592));
#3178=EDGE_LOOP('',(#1593));
#3179=EDGE_LOOP('',(#1594));
#3180=EDGE_LOOP('',(#1595,#1596,#1597,#1598,#1599,#1600,#1601,#1602,#1603,
#1604,#1605,#1606,#1607,#1608,#1609,#1610,#1611,#1612,#1613,#1614,#1615,
#1616,#1617,#1618,#1619));
#3181=EDGE_LOOP('',(#1620,#1621,#1622,#1623));
#3182=EDGE_LOOP('',(#1624));
#3183=EDGE_LOOP('',(#1625));
#3184=EDGE_LOOP('',(#1626));
#3185=EDGE_LOOP('',(#1627));
#3186=EDGE_LOOP('',(#1628));
#3187=EDGE_LOOP('',(#1629));
#3188=EDGE_LOOP('',(#1630));
#3189=EDGE_LOOP('',(#1631));
#3190=EDGE_LOOP('',(#1632));
#3191=EDGE_LOOP('',(#1633));
#3192=EDGE_LOOP('',(#1634));
#3193=EDGE_LOOP('',(#1635));
#3194=EDGE_LOOP('',(#1636));
#3195=EDGE_LOOP('',(#1637,#1638,#1639,#1640,#1641,#1642,#1643,#1644,#1645,
#1646,#1647,#1648,#1649,#1650,#1651,#1652,#1653,#1654,#1655,#1656,#1657,
#1658,#1659,#1660,#1661));
#3196=EDGE_LOOP('',(#1662,#1663,#1664,#1665));
#3197=EDGE_LOOP('',(#1666));
#3198=EDGE_LOOP('',(#1667));
#3199=EDGE_LOOP('',(#1668));
#3200=EDGE_LOOP('',(#1669));
#3201=EDGE_LOOP('',(#1670));
#3202=EDGE_LOOP('',(#1671));
#3203=EDGE_LOOP('',(#1672));
#3204=EDGE_LOOP('',(#1673));
#3205=FACE_BOUND('',#2798,.T.);
#3206=FACE_BOUND('',#2799,.T.);
#3207=FACE_BOUND('',#2800,.T.);
#3208=FACE_BOUND('',#2801,.T.);
#3209=FACE_BOUND('',#2802,.T.);
#3210=FACE_BOUND('',#2803,.T.);
#3211=FACE_BOUND('',#2804,.T.);
#3212=FACE_BOUND('',#2805,.T.);
#3213=FACE_BOUND('',#2806,.T.);
#3214=FACE_BOUND('',#2807,.T.);
#3215=FACE_BOUND('',#2808,.T.);
#3216=FACE_BOUND('',#2809,.T.);
#3217=FACE_BOUND('',#2810,.T.);
#3218=FACE_BOUND('',#2811,.T.);
#3219=FACE_BOUND('',#2812,.T.);
#3220=FACE_BOUND('',#2813,.T.);
#3221=FACE_BOUND('',#2814,.T.);
#3222=FACE_BOUND('',#2815,.T.);
#3223=FACE_BOUND('',#2816,.T.);
#3224=FACE_BOUND('',#2817,.T.);
#3225=FACE_BOUND('',#2818,.T.);
#3226=FACE_BOUND('',#2819,.T.);
#3227=FACE_BOUND('',#2820,.T.);
#3228=FACE_BOUND('',#2821,.T.);
#3229=FACE_BOUND('',#2822,.T.);
#3230=FACE_BOUND('',#2823,.T.);
#3231=FACE_BOUND('',#2824,.T.);
#3232=FACE_BOUND('',#2825,.T.);
#3233=FACE_BOUND('',#2826,.T.);
#3234=FACE_BOUND('',#2827,.T.);
#3235=FACE_BOUND('',#2828,.T.);
#3236=FACE_BOUND('',#2829,.T.);
#3237=FACE_BOUND('',#2830,.T.);
#3238=FACE_BOUND('',#2831,.T.);
#3239=FACE_BOUND('',#2832,.T.);
#3240=FACE_BOUND('',#2833,.T.);
#3241=FACE_BOUND('',#2834,.T.);
#3242=FACE_BOUND('',#2835,.T.);
#3243=FACE_BOUND('',#2836,.T.);
#3244=FACE_BOUND('',#2837,.T.);
#3245=FACE_BOUND('',#2838,.T.);
#3246=FACE_BOUND('',#2839,.T.);
#3247=FACE_BOUND('',#2840,.T.);
#3248=FACE_BOUND('',#2841,.T.);
#3249=FACE_BOUND('',#2842,.T.);
#3250=FACE_BOUND('',#2843,.T.);
#3251=FACE_BOUND('',#2844,.T.);
#3252=FACE_BOUND('',#2845,.T.);
#3253=FACE_BOUND('',#2846,.T.);
#3254=FACE_BOUND('',#2847,.T.);
#3255=FACE_BOUND('',#2848,.T.);
#3256=FACE_BOUND('',#2849,.T.);
#3257=FACE_BOUND('',#2850,.T.);
#3258=FACE_BOUND('',#2851,.T.);
#3259=FACE_BOUND('',#2852,.T.);
#3260=FACE_BOUND('',#2853,.T.);
#3261=FACE_BOUND('',#2854,.T.);
#3262=FACE_BOUND('',#2855,.T.);
#3263=FACE_BOUND('',#2856,.T.);
#3264=FACE_BOUND('',#2857,.T.);
#3265=FACE_BOUND('',#2858,.T.);
#3266=FACE_BOUND('',#2859,.T.);
#3267=FACE_BOUND('',#2860,.T.);
#3268=FACE_BOUND('',#2861,.T.);
#3269=FACE_BOUND('',#2862,.T.);
#3270=FACE_BOUND('',#2863,.T.);
#3271=FACE_BOUND('',#2864,.T.);
#3272=FACE_BOUND('',#2865,.T.);
#3273=FACE_BOUND('',#2866,.T.);
#3274=FACE_BOUND('',#2867,.T.);
#3275=FACE_BOUND('',#2868,.T.);
#3276=FACE_BOUND('',#2869,.T.);
#3277=FACE_BOUND('',#2870,.T.);
#3278=FACE_BOUND('',#2871,.T.);
#3279=FACE_BOUND('',#2872,.T.);
#3280=FACE_BOUND('',#2873,.T.);
#3281=FACE_BOUND('',#2874,.T.);
#3282=FACE_BOUND('',#2875,.T.);
#3283=FACE_BOUND('',#2876,.T.);
#3284=FACE_BOUND('',#2877,.T.);
#3285=FACE_BOUND('',#2878,.T.);
#3286=FACE_BOUND('',#2879,.T.);
#3287=FACE_BOUND('',#2880,.T.);
#3288=FACE_BOUND('',#2881,.T.);
#3289=FACE_BOUND('',#2882,.T.);
#3290=FACE_BOUND('',#2883,.T.);
#3291=FACE_BOUND('',#2884,.T.);
#3292=FACE_BOUND('',#2885,.T.);
#3293=FACE_BOUND('',#2886,.T.);
#3294=FACE_BOUND('',#2887,.T.);
#3295=FACE_BOUND('',#2888,.T.);
#3296=FACE_BOUND('',#2889,.T.);
#3297=FACE_BOUND('',#2890,.T.);
#3298=FACE_BOUND('',#2891,.T.);
#3299=FACE_BOUND('',#2892,.T.);
#3300=FACE_BOUND('',#2893,.T.);
#3301=FACE_BOUND('',#2894,.T.);
#3302=FACE_BOUND('',#2895,.T.);
#3303=FACE_BOUND('',#2896,.T.);
#3304=FACE_BOUND('',#2897,.T.);
#3305=FACE_BOUND('',#2898,.T.);
#3306=FACE_BOUND('',#2899,.T.);
#3307=FACE_BOUND('',#2900,.T.);
#3308=FACE_BOUND('',#2901,.T.);
#3309=FACE_BOUND('',#2902,.T.);
#3310=FACE_BOUND('',#2903,.T.);
#3311=FACE_BOUND('',#2904,.T.);
#3312=FACE_BOUND('',#2905,.T.);
#3313=FACE_BOUND('',#2906,.T.);
#3314=FACE_BOUND('',#2907,.T.);
#3315=FACE_BOUND('',#2908,.T.);
#3316=FACE_BOUND('',#2909,.T.);
#3317=FACE_BOUND('',#2910,.T.);
#3318=FACE_BOUND('',#2911,.T.);
#3319=FACE_BOUND('',#2912,.T.);
#3320=FACE_BOUND('',#2913,.T.);
#3321=FACE_BOUND('',#2914,.T.);
#3322=FACE_BOUND('',#2915,.T.);
#3323=FACE_BOUND('',#2916,.T.);
#3324=FACE_BOUND('',#2917,.T.);
#3325=FACE_BOUND('',#2918,.T.);
#3326=FACE_BOUND('',#2919,.T.);
#3327=FACE_BOUND('',#2920,.T.);
#3328=FACE_BOUND('',#2921,.T.);
#3329=FACE_BOUND('',#2922,.T.);
#3330=FACE_BOUND('',#2923,.T.);
#3331=FACE_BOUND('',#2924,.T.);
#3332=FACE_BOUND('',#2925,.T.);
#3333=FACE_BOUND('',#2926,.T.);
#3334=FACE_BOUND('',#2927,.T.);
#3335=FACE_BOUND('',#2928,.T.);
#3336=FACE_BOUND('',#2929,.T.);
#3337=FACE_BOUND('',#2930,.T.);
#3338=FACE_BOUND('',#2931,.T.);
#3339=FACE_BOUND('',#2932,.T.);
#3340=FACE_BOUND('',#2933,.T.);
#3341=FACE_BOUND('',#2934,.T.);
#3342=FACE_BOUND('',#2935,.T.);
#3343=FACE_BOUND('',#2936,.T.);
#3344=FACE_BOUND('',#2937,.T.);
#3345=FACE_BOUND('',#2938,.T.);
#3346=FACE_BOUND('',#2939,.T.);
#3347=FACE_BOUND('',#2940,.T.);
#3348=FACE_BOUND('',#2941,.T.);
#3349=FACE_BOUND('',#2942,.T.);
#3350=FACE_BOUND('',#2943,.T.);
#3351=FACE_BOUND('',#2944,.T.);
#3352=FACE_BOUND('',#2945,.T.);
#3353=FACE_BOUND('',#2946,.T.);
#3354=FACE_BOUND('',#2947,.T.);
#3355=FACE_BOUND('',#2948,.T.);
#3356=FACE_BOUND('',#2949,.T.);
#3357=FACE_BOUND('',#2950,.T.);
#3358=FACE_BOUND('',#2951,.T.);
#3359=FACE_BOUND('',#2952,.T.);
#3360=FACE_BOUND('',#2953,.T.);
#3361=FACE_BOUND('',#2954,.T.);
#3362=FACE_BOUND('',#2955,.T.);
#3363=FACE_BOUND('',#2956,.T.);
#3364=FACE_BOUND('',#2957,.T.);
#3365=FACE_BOUND('',#2958,.T.);
#3366=FACE_BOUND('',#2959,.T.);
#3367=FACE_BOUND('',#2960,.T.);
#3368=FACE_BOUND('',#2961,.T.);
#3369=FACE_BOUND('',#2962,.T.);
#3370=FACE_BOUND('',#2963,.T.);
#3371=FACE_BOUND('',#2964,.T.);
#3372=FACE_BOUND('',#2965,.T.);
#3373=FACE_BOUND('',#2966,.T.);
#3374=FACE_BOUND('',#2967,.T.);
#3375=FACE_BOUND('',#2968,.T.);
#3376=FACE_BOUND('',#2969,.T.);
#3377=FACE_BOUND('',#2970,.T.);
#3378=FACE_BOUND('',#2971,.T.);
#3379=FACE_BOUND('',#2972,.T.);
#3380=FACE_BOUND('',#2973,.T.);
#3381=FACE_BOUND('',#2974,.T.);
#3382=FACE_BOUND('',#2975,.T.);
#3383=FACE_BOUND('',#2976,.T.);
#3384=FACE_BOUND('',#2977,.T.);
#3385=FACE_BOUND('',#2978,.T.);
#3386=FACE_BOUND('',#2979,.T.);
#3387=FACE_BOUND('',#2980,.T.);
#3388=FACE_BOUND('',#2981,.T.);
#3389=FACE_BOUND('',#2982,.T.);
#3390=FACE_BOUND('',#2983,.T.);
#3391=FACE_BOUND('',#2984,.T.);
#3392=FACE_BOUND('',#2985,.T.);
#3393=FACE_BOUND('',#2986,.T.);
#3394=FACE_BOUND('',#2987,.T.);
#3395=FACE_BOUND('',#2988,.T.);
#3396=FACE_BOUND('',#2989,.T.);
#3397=FACE_BOUND('',#2990,.T.);
#3398=FACE_BOUND('',#2991,.T.);
#3399=FACE_BOUND('',#2992,.T.);
#3400=FACE_BOUND('',#2993,.T.);
#3401=FACE_BOUND('',#2994,.T.);
#3402=FACE_BOUND('',#2995,.T.);
#3403=FACE_BOUND('',#2996,.T.);
#3404=FACE_BOUND('',#2997,.T.);
#3405=FACE_BOUND('',#2998,.T.);
#3406=FACE_BOUND('',#2999,.T.);
#3407=FACE_BOUND('',#3000,.T.);
#3408=FACE_BOUND('',#3001,.T.);
#3409=FACE_BOUND('',#3002,.T.);
#3410=FACE_BOUND('',#3003,.T.);
#3411=FACE_BOUND('',#3004,.T.);
#3412=FACE_BOUND('',#3005,.T.);
#3413=FACE_BOUND('',#3006,.T.);
#3414=FACE_BOUND('',#3007,.T.);
#3415=FACE_BOUND('',#3008,.T.);
#3416=FACE_BOUND('',#3009,.T.);
#3417=FACE_BOUND('',#3010,.T.);
#3418=FACE_BOUND('',#3011,.T.);
#3419=FACE_BOUND('',#3012,.T.);
#3420=FACE_BOUND('',#3013,.T.);
#3421=FACE_BOUND('',#3014,.T.);
#3422=FACE_BOUND('',#3015,.T.);
#3423=FACE_BOUND('',#3016,.T.);
#3424=FACE_BOUND('',#3017,.T.);
#3425=FACE_BOUND('',#3018,.T.);
#3426=FACE_BOUND('',#3019,.T.);
#3427=FACE_BOUND('',#3020,.T.);
#3428=FACE_BOUND('',#3021,.T.);
#3429=FACE_BOUND('',#3022,.T.);
#3430=FACE_BOUND('',#3023,.T.);
#3431=FACE_BOUND('',#3024,.T.);
#3432=FACE_BOUND('',#3025,.T.);
#3433=FACE_BOUND('',#3026,.T.);
#3434=FACE_BOUND('',#3027,.T.);
#3435=FACE_BOUND('',#3028,.T.);
#3436=FACE_BOUND('',#3029,.T.);
#3437=FACE_BOUND('',#3030,.T.);
#3438=FACE_BOUND('',#3031,.T.);
#3439=FACE_BOUND('',#3032,.T.);
#3440=FACE_BOUND('',#3033,.T.);
#3441=FACE_BOUND('',#3034,.T.);
#3442=FACE_BOUND('',#3035,.T.);
#3443=FACE_BOUND('',#3036,.T.);
#3444=FACE_BOUND('',#3037,.T.);
#3445=FACE_BOUND('',#3038,.T.);
#3446=FACE_BOUND('',#3039,.T.);
#3447=FACE_BOUND('',#3040,.T.);
#3448=FACE_BOUND('',#3041,.T.);
#3449=FACE_BOUND('',#3042,.T.);
#3450=FACE_BOUND('',#3043,.T.);
#3451=FACE_BOUND('',#3044,.T.);
#3452=FACE_BOUND('',#3045,.T.);
#3453=FACE_BOUND('',#3046,.T.);
#3454=FACE_BOUND('',#3047,.T.);
#3455=FACE_BOUND('',#3048,.T.);
#3456=FACE_BOUND('',#3049,.T.);
#3457=FACE_BOUND('',#3050,.T.);
#3458=FACE_BOUND('',#3051,.T.);
#3459=FACE_BOUND('',#3052,.T.);
#3460=FACE_BOUND('',#3053,.T.);
#3461=FACE_BOUND('',#3054,.T.);
#3462=FACE_BOUND('',#3055,.T.);
#3463=FACE_BOUND('',#3056,.T.);
#3464=FACE_BOUND('',#3057,.T.);
#3465=FACE_BOUND('',#3058,.T.);
#3466=FACE_BOUND('',#3059,.T.);
#3467=FACE_BOUND('',#3060,.T.);
#3468=FACE_BOUND('',#3061,.T.);
#3469=FACE_BOUND('',#3062,.T.);
#3470=FACE_BOUND('',#3063,.T.);
#3471=FACE_BOUND('',#3064,.T.);
#3472=FACE_BOUND('',#3065,.T.);
#3473=FACE_BOUND('',#3066,.T.);
#3474=FACE_BOUND('',#3067,.T.);
#3475=FACE_BOUND('',#3068,.T.);
#3476=FACE_BOUND('',#3069,.T.);
#3477=FACE_BOUND('',#3070,.T.);
#3478=FACE_BOUND('',#3071,.T.);
#3479=FACE_BOUND('',#3072,.T.);
#3480=FACE_BOUND('',#3073,.T.);
#3481=FACE_BOUND('',#3074,.T.);
#3482=FACE_BOUND('',#3075,.T.);
#3483=FACE_BOUND('',#3076,.T.);
#3484=FACE_BOUND('',#3077,.T.);
#3485=FACE_BOUND('',#3078,.T.);
#3486=FACE_BOUND('',#3079,.T.);
#3487=FACE_BOUND('',#3080,.T.);
#3488=FACE_BOUND('',#3081,.T.);
#3489=FACE_BOUND('',#3082,.T.);
#3490=FACE_BOUND('',#3083,.T.);
#3491=FACE_BOUND('',#3084,.T.);
#3492=FACE_BOUND('',#3085,.T.);
#3493=FACE_BOUND('',#3086,.T.);
#3494=FACE_BOUND('',#3087,.T.);
#3495=FACE_BOUND('',#3088,.T.);
#3496=FACE_BOUND('',#3089,.T.);
#3497=FACE_BOUND('',#3090,.T.);
#3498=FACE_BOUND('',#3091,.T.);
#3499=FACE_BOUND('',#3092,.T.);
#3500=FACE_BOUND('',#3093,.T.);
#3501=FACE_BOUND('',#3094,.T.);
#3502=FACE_BOUND('',#3095,.T.);
#3503=FACE_BOUND('',#3096,.T.);
#3504=FACE_BOUND('',#3097,.T.);
#3505=FACE_BOUND('',#3098,.T.);
#3506=FACE_BOUND('',#3099,.T.);
#3507=FACE_BOUND('',#3100,.T.);
#3508=FACE_BOUND('',#3101,.T.);
#3509=FACE_BOUND('',#3102,.T.);
#3510=FACE_BOUND('',#3103,.T.);
#3511=FACE_BOUND('',#3104,.T.);
#3512=FACE_BOUND('',#3105,.T.);
#3513=FACE_BOUND('',#3106,.T.);
#3514=FACE_BOUND('',#3107,.T.);
#3515=FACE_BOUND('',#3108,.T.);
#3516=FACE_BOUND('',#3109,.T.);
#3517=FACE_BOUND('',#3110,.T.);
#3518=FACE_BOUND('',#3111,.T.);
#3519=FACE_BOUND('',#3112,.T.);
#3520=FACE_BOUND('',#3113,.T.);
#3521=FACE_BOUND('',#3114,.T.);
#3522=FACE_BOUND('',#3115,.T.);
#3523=FACE_BOUND('',#3116,.T.);
#3524=FACE_BOUND('',#3117,.T.);
#3525=FACE_BOUND('',#3118,.T.);
#3526=FACE_BOUND('',#3119,.T.);
#3527=FACE_BOUND('',#3120,.T.);
#3528=FACE_BOUND('',#3121,.T.);
#3529=FACE_BOUND('',#3122,.T.);
#3530=FACE_BOUND('',#3123,.T.);
#3531=FACE_BOUND('',#3124,.T.);
#3532=FACE_BOUND('',#3125,.T.);
#3533=FACE_BOUND('',#3126,.T.);
#3534=FACE_BOUND('',#3127,.T.);
#3535=FACE_BOUND('',#3128,.T.);
#3536=FACE_BOUND('',#3129,.T.);
#3537=FACE_BOUND('',#3130,.T.);
#3538=FACE_BOUND('',#3131,.T.);
#3539=FACE_BOUND('',#3132,.T.);
#3540=FACE_BOUND('',#3133,.T.);
#3541=FACE_BOUND('',#3134,.T.);
#3542=FACE_BOUND('',#3135,.T.);
#3543=FACE_BOUND('',#3136,.T.);
#3544=FACE_BOUND('',#3137,.T.);
#3545=FACE_BOUND('',#3138,.T.);
#3546=FACE_BOUND('',#3139,.T.);
#3547=FACE_BOUND('',#3140,.T.);
#3548=FACE_BOUND('',#3141,.T.);
#3549=FACE_BOUND('',#3142,.T.);
#3550=FACE_BOUND('',#3143,.T.);
#3551=FACE_BOUND('',#3144,.T.);
#3552=FACE_BOUND('',#3145,.T.);
#3553=FACE_BOUND('',#3146,.T.);
#3554=FACE_BOUND('',#3147,.T.);
#3555=FACE_BOUND('',#3148,.T.);
#3556=FACE_BOUND('',#3149,.T.);
#3557=FACE_BOUND('',#3150,.T.);
#3558=FACE_BOUND('',#3151,.T.);
#3559=FACE_BOUND('',#3152,.T.);
#3560=FACE_BOUND('',#3153,.T.);
#3561=FACE_BOUND('',#3154,.T.);
#3562=FACE_BOUND('',#3155,.T.);
#3563=FACE_BOUND('',#3156,.T.);
#3564=FACE_BOUND('',#3157,.T.);
#3565=FACE_BOUND('',#3158,.T.);
#3566=FACE_BOUND('',#3159,.T.);
#3567=FACE_BOUND('',#3160,.T.);
#3568=FACE_BOUND('',#3161,.T.);
#3569=FACE_BOUND('',#3162,.T.);
#3570=FACE_BOUND('',#3163,.T.);
#3571=FACE_BOUND('',#3164,.T.);
#3572=FACE_BOUND('',#3165,.T.);
#3573=FACE_BOUND('',#3166,.T.);
#3574=FACE_BOUND('',#3167,.T.);
#3575=FACE_BOUND('',#3168,.T.);
#3576=FACE_BOUND('',#3169,.T.);
#3577=FACE_BOUND('',#3170,.T.);
#3578=FACE_BOUND('',#3171,.T.);
#3579=FACE_BOUND('',#3172,.T.);
#3580=FACE_BOUND('',#3173,.T.);
#3581=FACE_BOUND('',#3174,.T.);
#3582=FACE_BOUND('',#3175,.T.);
#3583=FACE_BOUND('',#3176,.T.);
#3584=FACE_BOUND('',#3177,.T.);
#3585=FACE_BOUND('',#3178,.T.);
#3586=FACE_BOUND('',#3179,.T.);
#3587=FACE_BOUND('',#3180,.T.);
#3588=FACE_BOUND('',#3181,.T.);
#3589=FACE_BOUND('',#3182,.T.);
#3590=FACE_BOUND('',#3183,.T.);
#3591=FACE_BOUND('',#3184,.T.);
#3592=FACE_BOUND('',#3185,.T.);
#3593=FACE_BOUND('',#3186,.T.);
#3594=FACE_BOUND('',#3187,.T.);
#3595=FACE_BOUND('',#3188,.T.);
#3596=FACE_BOUND('',#3189,.T.);
#3597=FACE_BOUND('',#3190,.T.);
#3598=FACE_BOUND('',#3191,.T.);
#3599=FACE_BOUND('',#3192,.T.);
#3600=FACE_BOUND('',#3193,.T.);
#3601=FACE_BOUND('',#3194,.T.);
#3602=FACE_BOUND('',#3195,.T.);
#3603=FACE_BOUND('',#3196,.T.);
#3604=FACE_BOUND('',#3197,.T.);
#3605=FACE_BOUND('',#3198,.T.);
#3606=FACE_BOUND('',#3199,.T.);
#3607=FACE_BOUND('',#3200,.T.);
#3608=FACE_BOUND('',#3201,.T.);
#3609=FACE_BOUND('',#3202,.T.);
#3610=FACE_BOUND('',#3203,.T.);
#3611=FACE_BOUND('',#3204,.T.);
#3612=PLANE('',#3914);
#3613=PLANE('',#3952);
#3614=PLANE('',#3991);
#3615=PLANE('',#3992);
#3616=PLANE('',#3993);
#3617=PLANE('',#4004);
#3618=PLANE('',#4006);
#3619=PLANE('',#4008);
#3620=PLANE('',#4010);
#3621=PLANE('',#4019);
#3622=PLANE('',#4020);
#3623=PLANE('',#4021);
#3624=PLANE('',#4022);
#3625=PLANE('',#4039);
#3626=PLANE('',#4042);
#3627=PLANE('',#4053);
#3628=PLANE('',#4078);
#3629=PLANE('',#4079);
#3630=PLANE('',#4080);
#3631=PLANE('',#4081);
#3632=PLANE('',#4087);
#3633=PLANE('',#4091);
#3634=PLANE('',#4092);
#3635=PLANE('',#4096);
#3636=PLANE('',#4100);
#3637=PLANE('',#4110);
#3638=PLANE('',#4111);
#3639=PLANE('',#4112);
#3640=PLANE('',#4115);
#3641=PLANE('',#4118);
#3642=PLANE('',#4121);
#3643=PLANE('',#4124);
#3644=PLANE('',#4127);
#3645=PLANE('',#4128);
#3646=PLANE('',#4136);
#3647=PLANE('',#4138);
#3648=PLANE('',#4142);
#3649=PLANE('',#4146);
#3650=PLANE('',#4150);
#3651=PLANE('',#4154);
#3652=PLANE('',#4156);
#3653=PLANE('',#4160);
#3654=PLANE('',#4164);
#3655=PLANE('',#4168);
#3656=PLANE('',#4172);
#3657=PLANE('',#4212);
#3658=PLANE('',#4216);
#3659=PLANE('',#4217);
#3660=PLANE('',#4223);
#3661=PLANE('',#4227);
#3662=PLANE('',#4228);
#3663=PLANE('',#4232);
#3664=PLANE('',#4236);
#3665=PLANE('',#4246);
#3666=PLANE('',#4247);
#3667=PLANE('',#4248);
#3668=PLANE('',#4251);
#3669=PLANE('',#4254);
#3670=PLANE('',#4257);
#3671=PLANE('',#4260);
#3672=PLANE('',#4263);
#3673=PLANE('',#4264);
#3674=PLANE('',#4272);
#3675=PLANE('',#4276);
#3676=PLANE('',#4278);
#3677=PLANE('',#4282);
#3678=PLANE('',#4286);
#3679=PLANE('',#4290);
#3680=PLANE('',#4294);
#3681=PLANE('',#4298);
#3682=PLANE('',#4300);
#3683=PLANE('',#4304);
#3684=PLANE('',#4308);
#3685=PLANE('',#4348);
#3686=PLANE('',#4350);
#3687=PLANE('',#4351);
#3688=ADVANCED_FACE('',(#3205,#3206,#3207,#3208,#3209,#3210,#3211,#3212,
#3213,#3214,#3215,#3216,#3217,#3218,#3219,#3220,#3221,#3222,#3223,#3224,
#3225,#3226),#3612,.F.);
#3689=ADVANCED_FACE('',(#3227,#3228,#3229,#3230,#3231,#3232,#3233,#3234,
#3235,#3236,#3237,#3238,#3239,#3240,#3241,#3242,#3243,#3244,#3245,#3246,
#3247,#3248),#3613,.T.);
#3690=ADVANCED_FACE('',(#3249),#3614,.F.);
#3691=ADVANCED_FACE('',(#3250),#3615,.F.);
#3692=ADVANCED_FACE('',(#3251),#3616,.F.);
#3693=ADVANCED_FACE('',(#3252),#69,.F.);
#3694=ADVANCED_FACE('',(#3253),#70,.F.);
#3695=ADVANCED_FACE('',(#3254),#71,.F.);
#3696=ADVANCED_FACE('',(#3255),#72,.F.);
#3697=ADVANCED_FACE('',(#3256),#73,.F.);
#3698=ADVANCED_FACE('',(#3257,#3258),#74,.F.);
#3699=ADVANCED_FACE('',(#3259,#3260),#75,.F.);
#3700=ADVANCED_FACE('',(#3261,#3262),#76,.F.);
#3701=ADVANCED_FACE('',(#3263,#3264),#77,.F.);
#3702=ADVANCED_FACE('',(#3265),#78,.F.);
#3703=ADVANCED_FACE('',(#3266),#3617,.F.);
#3704=ADVANCED_FACE('',(#3267),#79,.F.);
#3705=ADVANCED_FACE('',(#3268),#3618,.F.);
#3706=ADVANCED_FACE('',(#3269),#80,.F.);
#3707=ADVANCED_FACE('',(#3270),#3619,.F.);
#3708=ADVANCED_FACE('',(#3271),#81,.F.);
#3709=ADVANCED_FACE('',(#3272),#3620,.F.);
#3710=ADVANCED_FACE('',(#3273,#3274),#82,.F.);
#3711=ADVANCED_FACE('',(#3275,#3276),#83,.F.);
#3712=ADVANCED_FACE('',(#3277,#3278),#84,.F.);
#3713=ADVANCED_FACE('',(#3279,#3280),#85,.F.);
#3714=ADVANCED_FACE('',(#3281,#3282),#86,.F.);
#3715=ADVANCED_FACE('',(#3283,#3284),#87,.F.);
#3716=ADVANCED_FACE('',(#3285,#3286),#88,.F.);
#3717=ADVANCED_FACE('',(#3287,#3288),#89,.F.);
#3718=ADVANCED_FACE('',(#3289),#3621,.T.);
#3719=ADVANCED_FACE('',(#3290),#3622,.T.);
#3720=ADVANCED_FACE('',(#3291),#3623,.T.);
#3721=ADVANCED_FACE('',(#3292),#3624,.T.);
#3722=ADVANCED_FACE('',(#3293,#3294),#90,.F.);
#3723=ADVANCED_FACE('',(#3295,#3296),#91,.F.);
#3724=ADVANCED_FACE('',(#3297,#3298),#92,.F.);
#3725=ADVANCED_FACE('',(#3299,#3300),#93,.F.);
#3726=ADVANCED_FACE('',(#3301,#3302),#94,.F.);
#3727=ADVANCED_FACE('',(#3303,#3304),#95,.F.);
#3728=ADVANCED_FACE('',(#3305,#3306),#96,.F.);
#3729=ADVANCED_FACE('',(#3307,#3308),#97,.F.);
#3730=ADVANCED_FACE('',(#3309),#98,.T.);
#3731=ADVANCED_FACE('',(#3310),#99,.T.);
#3732=ADVANCED_FACE('',(#3311),#100,.T.);
#3733=ADVANCED_FACE('',(#3312),#101,.F.);
#3734=ADVANCED_FACE('',(#3313),#102,.F.);
#3735=ADVANCED_FACE('',(#3314),#103,.T.);
#3736=ADVANCED_FACE('',(#3315),#104,.F.);
#3737=ADVANCED_FACE('',(#3316),#105,.F.);
#3738=ADVANCED_FACE('',(#3317),#3625,.F.);
#3739=ADVANCED_FACE('',(#3318),#3626,.F.);
#3740=ADVANCED_FACE('',(#3319),#106,.F.);
#3741=ADVANCED_FACE('',(#3320),#107,.T.);
#3742=ADVANCED_FACE('',(#3321),#108,.T.);
#3743=ADVANCED_FACE('',(#3322),#109,.T.);
#3744=ADVANCED_FACE('',(#3323),#3627,.T.);
#3745=ADVANCED_FACE('',(#3324,#3325),#110,.F.);
#3746=ADVANCED_FACE('',(#3326,#3327),#111,.F.);
#3747=ADVANCED_FACE('',(#3328,#3329),#112,.F.);
#3748=ADVANCED_FACE('',(#3330,#3331),#113,.F.);
#3749=ADVANCED_FACE('',(#3332,#3333),#114,.F.);
#3750=ADVANCED_FACE('',(#3334,#3335),#115,.F.);
#3751=ADVANCED_FACE('',(#3336,#3337),#116,.F.);
#3752=ADVANCED_FACE('',(#3338,#3339),#117,.F.);
#3753=ADVANCED_FACE('',(#3340,#3341,#3342,#3343,#3344,#3345,#3346,#3347,
#3348),#3628,.F.);
#3754=ADVANCED_FACE('',(#3349),#3629,.T.);
#3755=ADVANCED_FACE('',(#3350,#3351,#3352,#3353,#3354,#3355,#3356,#3357,
#3358),#3630,.T.);
#3756=ADVANCED_FACE('',(#3359),#3631,.T.);
#3757=ADVANCED_FACE('',(#3360),#12,.F.);
#3758=ADVANCED_FACE('',(#3361),#13,.F.);
#3759=ADVANCED_FACE('',(#3362),#14,.F.);
#3760=ADVANCED_FACE('',(#3363),#15,.F.);
#3761=ADVANCED_FACE('',(#3364),#16,.F.);
#3762=ADVANCED_FACE('',(#3365),#17,.F.);
#3763=ADVANCED_FACE('',(#3366),#118,.F.);
#3764=ADVANCED_FACE('',(#3367),#119,.T.);
#3765=ADVANCED_FACE('',(#3368),#120,.T.);
#3766=ADVANCED_FACE('',(#3369),#3632,.T.);
#3767=ADVANCED_FACE('',(#3370),#121,.T.);
#3768=ADVANCED_FACE('',(#3371),#3633,.T.);
#3769=ADVANCED_FACE('',(#3372),#3634,.T.);
#3770=ADVANCED_FACE('',(#3373),#122,.T.);
#3771=ADVANCED_FACE('',(#3374),#3635,.F.);
#3772=ADVANCED_FACE('',(#3375),#123,.T.);
#3773=ADVANCED_FACE('',(#3376),#3636,.F.);
#3774=ADVANCED_FACE('',(#3377,#3378),#124,.F.);
#3775=ADVANCED_FACE('',(#3379,#3380),#125,.F.);
#3776=ADVANCED_FACE('',(#3381,#3382),#126,.F.);
#3777=ADVANCED_FACE('',(#3383),#3637,.F.);
#3778=ADVANCED_FACE('',(#3384,#3385,#3386,#3387),#3638,.T.);
#3779=ADVANCED_FACE('',(#3388,#3389,#3390),#3639,.T.);
#3780=ADVANCED_FACE('',(#3391),#3640,.F.);
#3781=ADVANCED_FACE('',(#3392,#3393,#3394),#3641,.F.);
#3782=ADVANCED_FACE('',(#3395),#3642,.F.);
#3783=ADVANCED_FACE('',(#3396),#3643,.F.);
#3784=ADVANCED_FACE('',(#3397,#3398,#3399,#3400),#3644,.F.);
#3785=ADVANCED_FACE('',(#3401),#3645,.F.);
#3786=ADVANCED_FACE('',(#3402),#127,.T.);
#3787=ADVANCED_FACE('',(#3403),#128,.T.);
#3788=ADVANCED_FACE('',(#3404),#129,.F.);
#3789=ADVANCED_FACE('',(#3405),#3646,.T.);
#3790=ADVANCED_FACE('',(#3406),#130,.F.);
#3791=ADVANCED_FACE('',(#3407),#3647,.T.);
#3792=ADVANCED_FACE('',(#3408),#131,.F.);
#3793=ADVANCED_FACE('',(#3409),#3648,.T.);
#3794=ADVANCED_FACE('',(#3410),#132,.T.);
#3795=ADVANCED_FACE('',(#3411),#3649,.F.);
#3796=ADVANCED_FACE('',(#3412),#133,.T.);
#3797=ADVANCED_FACE('',(#3413),#3650,.T.);
#3798=ADVANCED_FACE('',(#3414),#134,.F.);
#3799=ADVANCED_FACE('',(#3415),#3651,.T.);
#3800=ADVANCED_FACE('',(#3416),#135,.F.);
#3801=ADVANCED_FACE('',(#3417),#3652,.T.);
#3802=ADVANCED_FACE('',(#3418),#136,.F.);
#3803=ADVANCED_FACE('',(#3419),#3653,.T.);
#3804=ADVANCED_FACE('',(#3420),#137,.T.);
#3805=ADVANCED_FACE('',(#3421),#3654,.T.);
#3806=ADVANCED_FACE('',(#3422),#138,.T.);
#3807=ADVANCED_FACE('',(#3423),#3655,.F.);
#3808=ADVANCED_FACE('',(#3424),#139,.T.);
#3809=ADVANCED_FACE('',(#3425),#3656,.T.);
#3810=ADVANCED_FACE('',(#3426,#3427),#140,.F.);
#3811=ADVANCED_FACE('',(#3428,#3429),#141,.F.);
#3812=ADVANCED_FACE('',(#3430,#3431),#142,.F.);
#3813=ADVANCED_FACE('',(#3432,#3433),#143,.F.);
#3814=ADVANCED_FACE('',(#3434,#3435),#144,.F.);
#3815=ADVANCED_FACE('',(#3436,#3437),#145,.F.);
#3816=ADVANCED_FACE('',(#3438,#3439),#146,.F.);
#3817=ADVANCED_FACE('',(#3440,#3441),#147,.F.);
#3818=ADVANCED_FACE('',(#3442,#3443),#148,.F.);
#3819=ADVANCED_FACE('',(#3444,#3445),#149,.F.);
#3820=ADVANCED_FACE('',(#3446,#3447),#150,.F.);
#3821=ADVANCED_FACE('',(#3448,#3449),#151,.F.);
#3822=ADVANCED_FACE('',(#3450,#3451),#152,.F.);
#3823=ADVANCED_FACE('',(#3452,#3453,#3454,#3455,#3456,#3457,#3458,#3459,
#3460,#3461,#3462,#3463,#3464,#3465),#3657,.F.);
#3824=ADVANCED_FACE('',(#3466),#153,.T.);
#3825=ADVANCED_FACE('',(#3467,#3468,#3469,#3470,#3471,#3472,#3473,#3474,
#3475,#3476,#3477,#3478,#3479,#3480),#3658,.T.);
#3826=ADVANCED_FACE('',(#3481),#3659,.F.);
#3827=ADVANCED_FACE('',(#3482),#18,.F.);
#3828=ADVANCED_FACE('',(#3483),#19,.F.);
#3829=ADVANCED_FACE('',(#3484),#20,.F.);
#3830=ADVANCED_FACE('',(#3485),#21,.F.);
#3831=ADVANCED_FACE('',(#3486),#22,.F.);
#3832=ADVANCED_FACE('',(#3487),#23,.F.);
#3833=ADVANCED_FACE('',(#3488),#154,.F.);
#3834=ADVANCED_FACE('',(#3489),#155,.T.);
#3835=ADVANCED_FACE('',(#3490),#156,.T.);
#3836=ADVANCED_FACE('',(#3491),#3660,.F.);
#3837=ADVANCED_FACE('',(#3492),#157,.T.);
#3838=ADVANCED_FACE('',(#3493),#3661,.F.);
#3839=ADVANCED_FACE('',(#3494),#3662,.F.);
#3840=ADVANCED_FACE('',(#3495),#158,.T.);
#3841=ADVANCED_FACE('',(#3496),#3663,.T.);
#3842=ADVANCED_FACE('',(#3497),#159,.T.);
#3843=ADVANCED_FACE('',(#3498),#3664,.T.);
#3844=ADVANCED_FACE('',(#3499,#3500),#160,.F.);
#3845=ADVANCED_FACE('',(#3501,#3502),#161,.F.);
#3846=ADVANCED_FACE('',(#3503,#3504),#162,.F.);
#3847=ADVANCED_FACE('',(#3505),#3665,.T.);
#3848=ADVANCED_FACE('',(#3506,#3507,#3508,#3509),#3666,.T.);
#3849=ADVANCED_FACE('',(#3510,#3511,#3512),#3667,.T.);
#3850=ADVANCED_FACE('',(#3513),#3668,.F.);
#3851=ADVANCED_FACE('',(#3514,#3515,#3516),#3669,.F.);
#3852=ADVANCED_FACE('',(#3517),#3670,.F.);
#3853=ADVANCED_FACE('',(#3518),#3671,.F.);
#3854=ADVANCED_FACE('',(#3519,#3520,#3521,#3522),#3672,.F.);
#3855=ADVANCED_FACE('',(#3523),#3673,.F.);
#3856=ADVANCED_FACE('',(#3524),#163,.T.);
#3857=ADVANCED_FACE('',(#3525),#164,.T.);
#3858=ADVANCED_FACE('',(#3526),#165,.T.);
#3859=ADVANCED_FACE('',(#3527),#3674,.T.);
#3860=ADVANCED_FACE('',(#3528),#166,.F.);
#3861=ADVANCED_FACE('',(#3529),#3675,.T.);
#3862=ADVANCED_FACE('',(#3530),#167,.F.);
#3863=ADVANCED_FACE('',(#3531),#3676,.T.);
#3864=ADVANCED_FACE('',(#3532),#168,.F.);
#3865=ADVANCED_FACE('',(#3533),#3677,.T.);
#3866=ADVANCED_FACE('',(#3534),#169,.T.);
#3867=ADVANCED_FACE('',(#3535),#3678,.F.);
#3868=ADVANCED_FACE('',(#3536),#170,.T.);
#3869=ADVANCED_FACE('',(#3537),#3679,.T.);
#3870=ADVANCED_FACE('',(#3538),#171,.T.);
#3871=ADVANCED_FACE('',(#3539),#3680,.T.);
#3872=ADVANCED_FACE('',(#3540),#172,.F.);
#3873=ADVANCED_FACE('',(#3541),#3681,.T.);
#3874=ADVANCED_FACE('',(#3542),#173,.F.);
#3875=ADVANCED_FACE('',(#3543),#3682,.T.);
#3876=ADVANCED_FACE('',(#3544),#174,.F.);
#3877=ADVANCED_FACE('',(#3545),#3683,.T.);
#3878=ADVANCED_FACE('',(#3546),#175,.T.);
#3879=ADVANCED_FACE('',(#3547),#3684,.F.);
#3880=ADVANCED_FACE('',(#3548,#3549),#176,.F.);
#3881=ADVANCED_FACE('',(#3550,#3551),#177,.F.);
#3882=ADVANCED_FACE('',(#3552,#3553),#178,.F.);
#3883=ADVANCED_FACE('',(#3554,#3555),#179,.F.);
#3884=ADVANCED_FACE('',(#3556,#3557),#180,.F.);
#3885=ADVANCED_FACE('',(#3558,#3559),#181,.F.);
#3886=ADVANCED_FACE('',(#3560,#3561),#182,.F.);
#3887=ADVANCED_FACE('',(#3562,#3563),#183,.F.);
#3888=ADVANCED_FACE('',(#3564,#3565),#184,.F.);
#3889=ADVANCED_FACE('',(#3566,#3567),#185,.F.);
#3890=ADVANCED_FACE('',(#3568,#3569),#186,.F.);
#3891=ADVANCED_FACE('',(#3570,#3571),#187,.F.);
#3892=ADVANCED_FACE('',(#3572,#3573),#188,.F.);
#3893=ADVANCED_FACE('',(#3574,#3575,#3576,#3577,#3578,#3579,#3580,#3581,
#3582,#3583,#3584,#3585,#3586,#3587),#3685,.F.);
#3894=ADVANCED_FACE('',(#3588),#3686,.F.);
#3895=ADVANCED_FACE('',(#3589,#3590,#3591,#3592,#3593,#3594,#3595,#3596,
#3597,#3598,#3599,#3600,#3601,#3602),#3687,.T.);
#3896=ADVANCED_FACE('',(#3603),#189,.T.);
#3897=ADVANCED_FACE('',(#3604,#3605),#190,.F.);
#3898=ADVANCED_FACE('',(#3606,#3607),#191,.F.);
#3899=ADVANCED_FACE('',(#3608,#3609),#192,.F.);
#3900=ADVANCED_FACE('',(#3610,#3611),#193,.F.);
#3901=CLOSED_SHELL('',(#3688,#3689,#3690,#3691,#3692,#3693,#3694,#3695,
#3696,#3697,#3698,#3699,#3700,#3701,#3702,#3703,#3704,#3705,#3706,#3707,
#3708,#3709,#3710,#3711,#3712,#3713,#3714,#3715,#3716,#3717,#3718,#3719,
#3720,#3721,#3722,#3723,#3724,#3725,#3726,#3727,#3728,#3729,#3730,#3731,
#3732,#3733,#3734,#3735,#3736,#3737,#3738,#3739,#3740,#3741,#3742,#3743,
#3744,#3745,#3746,#3747,#3748,#3749,#3750,#3751,#3752,#3753,#3754,#3755,
#3756,#3757,#3758,#3759,#3760,#3761,#3762,#3763,#3764,#3765,#3766,#3767,
#3768,#3769,#3770,#3771,#3772,#3773,#3774,#3775,#3776,#3777,#3778,#3779,
#3780,#3781,#3782,#3783,#3784,#3785,#3786,#3787,#3788,#3789,#3790,#3791,
#3792,#3793,#3794,#3795,#3796,#3797,#3798,#3799,#3800,#3801,#3802,#3803,
#3804,#3805,#3806,#3807,#3808,#3809,#3810,#3811,#3812,#3813,#3814,#3815,
#3816,#3817,#3818,#3819,#3820,#3821,#3822,#3823,#3824,#3825,#3826,#3827,
#3828,#3829,#3830,#3831,#3832,#3833,#3834,#3835,#3836,#3837,#3838,#3839,
#3840,#3841,#3842,#3843,#3844,#3845,#3846,#3847,#3848,#3849,#3850,#3851,
#3852,#3853,#3854,#3855,#3856,#3857,#3858,#3859,#3860,#3861,#3862,#3863,
#3864,#3865,#3866,#3867,#3868,#3869,#3870,#3871,#3872,#3873,#3874,#3875,
#3876,#3877,#3878,#3879,#3880,#3881,#3882,#3883,#3884,#3885,#3886,#3887,
#3888,#3889,#3890,#3891,#3892,#3893,#3894,#3895,#3896,#3897,#3898,#3899,
#3900));
#3902=STYLED_ITEM('',(#3903),#3910);
#3903=PRESENTATION_STYLE_ASSIGNMENT((#3904));
#3904=SURFACE_STYLE_USAGE(.BOTH.,#3905);
#3905=SURFACE_SIDE_STYLE('',(#3906));
#3906=SURFACE_STYLE_FILL_AREA(#3907);
#3907=FILL_AREA_STYLE('',(#3908));
#3908=FILL_AREA_STYLE_COLOUR('',#3909);
#3909=COLOUR_RGB('',0.796078431372549,0.823529411764706,0.937254901960784);
#3910=MANIFOLD_SOLID_BREP('Part 1',#3901);
#3911=SHAPE_DEFINITION_REPRESENTATION(#6875,#3912);
#3912=SHAPE_REPRESENTATION('Part 1',(#3913),#6870);
#3913=AXIS2_PLACEMENT_3D('',#5474,#4358,#4359);
#3914=AXIS2_PLACEMENT_3D('',#5475,#4360,#4361);
#3915=AXIS2_PLACEMENT_3D('',#5476,#4362,#4363);
#3916=AXIS2_PLACEMENT_3D('',#5478,#4364,#4365);
#3917=AXIS2_PLACEMENT_3D('',#5480,#4366,#4367);
#3918=AXIS2_PLACEMENT_3D('',#5482,#4368,#4369);
#3919=AXIS2_PLACEMENT_3D('',#5484,#4370,#4371);
#3920=AXIS2_PLACEMENT_3D('',#5486,#4372,#4373);
#3921=AXIS2_PLACEMENT_3D('',#5488,#4374,#4375);
#3922=AXIS2_PLACEMENT_3D('',#5490,#4376,#4377);
#3923=AXIS2_PLACEMENT_3D('',#5492,#4378,#4379);
#3924=AXIS2_PLACEMENT_3D('',#5494,#4380,#4381);
#3925=AXIS2_PLACEMENT_3D('',#5496,#4382,#4383);
#3926=AXIS2_PLACEMENT_3D('',#5498,#4384,#4385);
#3927=AXIS2_PLACEMENT_3D('',#5503,#4387,#4388);
#3928=AXIS2_PLACEMENT_3D('',#5507,#4390,#4391);
#3929=AXIS2_PLACEMENT_3D('',#5511,#4393,#4394);
#3930=AXIS2_PLACEMENT_3D('',#5515,#4396,#4397);
#3931=AXIS2_PLACEMENT_3D('',#5516,#4398,#4399);
#3932=AXIS2_PLACEMENT_3D('',#5518,#4400,#4401);
#3933=AXIS2_PLACEMENT_3D('',#5520,#4402,#4403);
#3934=AXIS2_PLACEMENT_3D('',#5522,#4404,#4405);
#3935=AXIS2_PLACEMENT_3D('',#5524,#4406,#4407);
#3936=AXIS2_PLACEMENT_3D('',#5526,#4408,#4409);
#3937=AXIS2_PLACEMENT_3D('',#5528,#4410,#4411);
#3938=AXIS2_PLACEMENT_3D('',#5530,#4412,#4413);
#3939=AXIS2_PLACEMENT_3D('',#5535,#4415,#4416);
#3940=AXIS2_PLACEMENT_3D('',#5539,#4418,#4419);
#3941=AXIS2_PLACEMENT_3D('',#5547,#4423,#4424);
#3942=AXIS2_PLACEMENT_3D('',#5551,#4426,#4427);
#3943=AXIS2_PLACEMENT_3D('',#5555,#4429,#4430);
#3944=AXIS2_PLACEMENT_3D('',#5557,#4431,#4432);
#3945=AXIS2_PLACEMENT_3D('',#5559,#4433,#4434);
#3946=AXIS2_PLACEMENT_3D('',#5563,#4436,#4437);
#3947=AXIS2_PLACEMENT_3D('',#5567,#4439,#4440);
#3948=AXIS2_PLACEMENT_3D('',#5571,#4442,#4443);
#3949=AXIS2_PLACEMENT_3D('',#5573,#4444,#4445);
#3950=AXIS2_PLACEMENT_3D('',#5575,#4446,#4447);
#3951=AXIS2_PLACEMENT_3D('',#5577,#4448,#4449);
#3952=AXIS2_PLACEMENT_3D('',#5578,#4450,#4451);
#3953=AXIS2_PLACEMENT_3D('',#5579,#4452,#4453);
#3954=AXIS2_PLACEMENT_3D('',#5581,#4454,#4455);
#3955=AXIS2_PLACEMENT_3D('',#5583,#4456,#4457);
#3956=AXIS2_PLACEMENT_3D('',#5585,#4458,#4459);
#3957=AXIS2_PLACEMENT_3D('',#5587,#4460,#4461);
#3958=AXIS2_PLACEMENT_3D('',#5589,#4462,#4463);
#3959=AXIS2_PLACEMENT_3D('',#5591,#4464,#4465);
#3960=AXIS2_PLACEMENT_3D('',#5593,#4466,#4467);
#3961=AXIS2_PLACEMENT_3D('',#5595,#4468,#4469);
#3962=AXIS2_PLACEMENT_3D('',#5597,#4470,#4471);
#3963=AXIS2_PLACEMENT_3D('',#5599,#4472,#4473);
#3964=AXIS2_PLACEMENT_3D('',#5601,#4474,#4475);
#3965=AXIS2_PLACEMENT_3D('',#5603,#4476,#4477);
#3966=AXIS2_PLACEMENT_3D('',#5605,#4478,#4479);
#3967=AXIS2_PLACEMENT_3D('',#5607,#4480,#4481);
#3968=AXIS2_PLACEMENT_3D('',#5609,#4482,#4483);
#3969=AXIS2_PLACEMENT_3D('',#5611,#4484,#4485);
#3970=AXIS2_PLACEMENT_3D('',#5616,#4487,#4488);
#3971=AXIS2_PLACEMENT_3D('',#5620,#4490,#4491);
#3972=AXIS2_PLACEMENT_3D('',#5624,#4493,#4494);
#3973=AXIS2_PLACEMENT_3D('',#5627,#4496,#4497);
#3974=AXIS2_PLACEMENT_3D('',#5629,#4498,#4499);
#3975=AXIS2_PLACEMENT_3D('',#5631,#4500,#4501);
#3976=AXIS2_PLACEMENT_3D('',#5633,#4502,#4503);
#3977=AXIS2_PLACEMENT_3D('',#5638,#4505,#4506);
#3978=AXIS2_PLACEMENT_3D('',#5642,#4508,#4509);
#3979=AXIS2_PLACEMENT_3D('',#5644,#4510,#4511);
#3980=AXIS2_PLACEMENT_3D('',#5646,#4512,#4513);
#3981=AXIS2_PLACEMENT_3D('',#5648,#4514,#4515);
#3982=AXIS2_PLACEMENT_3D('',#5652,#4517,#4518);
#3983=AXIS2_PLACEMENT_3D('',#5656,#4520,#4521);
#3984=AXIS2_PLACEMENT_3D('',#5660,#4523,#4524);
#3985=AXIS2_PLACEMENT_3D('',#5662,#4525,#4526);
#3986=AXIS2_PLACEMENT_3D('',#5664,#4527,#4528);
#3987=AXIS2_PLACEMENT_3D('',#5666,#4529,#4530);
#3988=AXIS2_PLACEMENT_3D('',#5670,#4532,#4533);
#3989=AXIS2_PLACEMENT_3D('',#5674,#4535,#4536);
#3990=AXIS2_PLACEMENT_3D('',#5682,#4540,#4541);
#3991=AXIS2_PLACEMENT_3D('',#5683,#4542,#4543);
#3992=AXIS2_PLACEMENT_3D('',#5686,#4546,#4547);
#3993=AXIS2_PLACEMENT_3D('',#5689,#4550,#4551);
#3994=AXIS2_PLACEMENT_3D('',#5692,#4554,#4555);
#3995=AXIS2_PLACEMENT_3D('',#5701,#4556,#4557);
#3996=AXIS2_PLACEMENT_3D('',#5703,#4559,#4560);
#3997=AXIS2_PLACEMENT_3D('',#5712,#4561,#4562);
#3998=AXIS2_PLACEMENT_3D('',#5714,#4564,#4565);
#3999=AXIS2_PLACEMENT_3D('',#5719,#4566,#4567);
#4000=AXIS2_PLACEMENT_3D('',#5720,#4568,#4569);
#4001=AXIS2_PLACEMENT_3D('',#5721,#4570,#4571);
#4002=AXIS2_PLACEMENT_3D('',#5722,#4572,#4573);
#4003=AXIS2_PLACEMENT_3D('',#5723,#4574,#4575);
#4004=AXIS2_PLACEMENT_3D('',#5726,#4578,#4579);
#4005=AXIS2_PLACEMENT_3D('',#5728,#4581,#4582);
#4006=AXIS2_PLACEMENT_3D('',#5730,#4584,#4585);
#4007=AXIS2_PLACEMENT_3D('',#5732,#4587,#4588);
#4008=AXIS2_PLACEMENT_3D('',#5734,#4590,#4591);
#4009=AXIS2_PLACEMENT_3D('',#5736,#4593,#4594);
#4010=AXIS2_PLACEMENT_3D('',#5738,#4596,#4597);
#4011=AXIS2_PLACEMENT_3D('',#5739,#4598,#4599);
#4012=AXIS2_PLACEMENT_3D('',#5740,#4600,#4601);
#4013=AXIS2_PLACEMENT_3D('',#5741,#4602,#4603);
#4014=AXIS2_PLACEMENT_3D('',#5742,#4604,#4605);
#4015=AXIS2_PLACEMENT_3D('',#5743,#4606,#4607);
#4016=AXIS2_PLACEMENT_3D('',#5744,#4608,#4609);
#4017=AXIS2_PLACEMENT_3D('',#5745,#4610,#4611);
#4018=AXIS2_PLACEMENT_3D('',#5746,#4612,#4613);
#4019=AXIS2_PLACEMENT_3D('',#5747,#4614,#4615);
#4020=AXIS2_PLACEMENT_3D('',#5750,#4618,#4619);
#4021=AXIS2_PLACEMENT_3D('',#5753,#4622,#4623);
#4022=AXIS2_PLACEMENT_3D('',#5756,#4626,#4627);
#4023=AXIS2_PLACEMENT_3D('',#5759,#4630,#4631);
#4024=AXIS2_PLACEMENT_3D('',#5760,#4632,#4633);
#4025=AXIS2_PLACEMENT_3D('',#5761,#4634,#4635);
#4026=AXIS2_PLACEMENT_3D('',#5762,#4636,#4637);
#4027=AXIS2_PLACEMENT_3D('',#5763,#4638,#4639);
#4028=AXIS2_PLACEMENT_3D('',#5764,#4640,#4641);
#4029=AXIS2_PLACEMENT_3D('',#5765,#4642,#4643);
#4030=AXIS2_PLACEMENT_3D('',#5766,#4644,#4645);
#4031=AXIS2_PLACEMENT_3D('',#5767,#4646,#4647);
#4032=AXIS2_PLACEMENT_3D('',#5768,#4648,#4649);
#4033=AXIS2_PLACEMENT_3D('',#5769,#4650,#4651);
#4034=AXIS2_PLACEMENT_3D('',#5770,#4652,#4653);
#4035=AXIS2_PLACEMENT_3D('',#5771,#4654,#4655);
#4036=AXIS2_PLACEMENT_3D('',#5772,#4656,#4657);
#4037=AXIS2_PLACEMENT_3D('',#5773,#4658,#4659);
#4038=AXIS2_PLACEMENT_3D('',#5778,#4660,#4661);
#4039=AXIS2_PLACEMENT_3D('',#5783,#4662,#4663);
#4040=AXIS2_PLACEMENT_3D('',#5787,#4665,#4666);
#4041=AXIS2_PLACEMENT_3D('',#5788,#4667,#4668);
#4042=AXIS2_PLACEMENT_3D('',#5789,#4669,#4670);
#4043=AXIS2_PLACEMENT_3D('',#5790,#4671,#4672);
#4044=AXIS2_PLACEMENT_3D('',#5794,#4674,#4675);
#4045=AXIS2_PLACEMENT_3D('',#5795,#4676,#4677);
#4046=AXIS2_PLACEMENT_3D('',#5797,#4679,#4680);
#4047=AXIS2_PLACEMENT_3D('',#5799,#4682,#4683);
#4048=AXIS2_PLACEMENT_3D('',#5800,#4684,#4685);
#4049=AXIS2_PLACEMENT_3D('',#5805,#4687,#4688);
#4050=AXIS2_PLACEMENT_3D('',#5808,#4690,#4691);
#4051=AXIS2_PLACEMENT_3D('',#5809,#4692,#4693);
#4052=AXIS2_PLACEMENT_3D('',#5814,#4695,#4696);
#4053=AXIS2_PLACEMENT_3D('',#5817,#4698,#4699);
#4054=AXIS2_PLACEMENT_3D('',#5820,#4702,#4703);
#4055=AXIS2_PLACEMENT_3D('',#5821,#4704,#4705);
#4056=AXIS2_PLACEMENT_3D('',#5823,#4706,#4707);
#4057=AXIS2_PLACEMENT_3D('',#5825,#4708,#4709);
#4058=AXIS2_PLACEMENT_3D('',#5826,#4710,#4711);
#4059=AXIS2_PLACEMENT_3D('',#5828,#4712,#4713);
#4060=AXIS2_PLACEMENT_3D('',#5830,#4714,#4715);
#4061=AXIS2_PLACEMENT_3D('',#5831,#4716,#4717);
#4062=AXIS2_PLACEMENT_3D('',#5833,#4718,#4719);
#4063=AXIS2_PLACEMENT_3D('',#5835,#4720,#4721);
#4064=AXIS2_PLACEMENT_3D('',#5836,#4722,#4723);
#4065=AXIS2_PLACEMENT_3D('',#5838,#4724,#4725);
#4066=AXIS2_PLACEMENT_3D('',#5840,#4726,#4727);
#4067=AXIS2_PLACEMENT_3D('',#5841,#4728,#4729);
#4068=AXIS2_PLACEMENT_3D('',#5843,#4730,#4731);
#4069=AXIS2_PLACEMENT_3D('',#5845,#4732,#4733);
#4070=AXIS2_PLACEMENT_3D('',#5846,#4734,#4735);
#4071=AXIS2_PLACEMENT_3D('',#5848,#4736,#4737);
#4072=AXIS2_PLACEMENT_3D('',#5850,#4738,#4739);
#4073=AXIS2_PLACEMENT_3D('',#5851,#4740,#4741);
#4074=AXIS2_PLACEMENT_3D('',#5853,#4742,#4743);
#4075=AXIS2_PLACEMENT_3D('',#5855,#4744,#4745);
#4076=AXIS2_PLACEMENT_3D('',#5856,#4746,#4747);
#4077=AXIS2_PLACEMENT_3D('',#5858,#4748,#4749);
#4078=AXIS2_PLACEMENT_3D('',#5860,#4750,#4751);
#4079=AXIS2_PLACEMENT_3D('',#5863,#4754,#4755);
#4080=AXIS2_PLACEMENT_3D('',#5865,#4757,#4758);
#4081=AXIS2_PLACEMENT_3D('',#5867,#4760,#4761);
#4082=AXIS2_PLACEMENT_3D('',#6018,#4762,#4763);
#4083=AXIS2_PLACEMENT_3D('',#6020,#4765,#4766);
#4084=AXIS2_PLACEMENT_3D('',#6022,#4768,#4769);
#4085=AXIS2_PLACEMENT_3D('',#6023,#4770,#4771);
#4086=AXIS2_PLACEMENT_3D('',#6028,#4773,#4774);
#4087=AXIS2_PLACEMENT_3D('',#6031,#4776,#4777);
#4088=AXIS2_PLACEMENT_3D('',#6040,#4782,#4783);
#4089=AXIS2_PLACEMENT_3D('',#6041,#4784,#4785);
#4090=AXIS2_PLACEMENT_3D('',#6043,#4786,#4787);
#4091=AXIS2_PLACEMENT_3D('',#6046,#4789,#4790);
#4092=AXIS2_PLACEMENT_3D('',#6049,#4793,#4794);
#4093=AXIS2_PLACEMENT_3D('',#6055,#4798,#4799);
#4094=AXIS2_PLACEMENT_3D('',#6056,#4800,#4801);
#4095=AXIS2_PLACEMENT_3D('',#6061,#4803,#4804);
#4096=AXIS2_PLACEMENT_3D('',#6064,#4806,#4807);
#4097=AXIS2_PLACEMENT_3D('',#6073,#4812,#4813);
#4098=AXIS2_PLACEMENT_3D('',#6074,#4814,#4815);
#4099=AXIS2_PLACEMENT_3D('',#6076,#4816,#4817);
#4100=AXIS2_PLACEMENT_3D('',#6079,#4819,#4820);
#4101=AXIS2_PLACEMENT_3D('',#6082,#4823,#4824);
#4102=AXIS2_PLACEMENT_3D('',#6083,#4825,#4826);
#4103=AXIS2_PLACEMENT_3D('',#6085,#4827,#4828);
#4104=AXIS2_PLACEMENT_3D('',#6087,#4829,#4830);
#4105=AXIS2_PLACEMENT_3D('',#6088,#4831,#4832);
#4106=AXIS2_PLACEMENT_3D('',#6090,#4833,#4834);
#4107=AXIS2_PLACEMENT_3D('',#6092,#4835,#4836);
#4108=AXIS2_PLACEMENT_3D('',#6093,#4837,#4838);
#4109=AXIS2_PLACEMENT_3D('',#6095,#4839,#4840);
#4110=AXIS2_PLACEMENT_3D('',#6097,#4841,#4842);
#4111=AXIS2_PLACEMENT_3D('',#6103,#4846,#4847);
#4112=AXIS2_PLACEMENT_3D('',#6105,#4849,#4850);
#4113=AXIS2_PLACEMENT_3D('',#6106,#4851,#4852);
#4114=AXIS2_PLACEMENT_3D('',#6108,#4853,#4854);
#4115=AXIS2_PLACEMENT_3D('',#6111,#4856,#4857);
#4116=AXIS2_PLACEMENT_3D('',#6112,#4858,#4859);
#4117=AXIS2_PLACEMENT_3D('',#6116,#4861,#4862);
#4118=AXIS2_PLACEMENT_3D('',#6117,#4863,#4864);
#4119=AXIS2_PLACEMENT_3D('',#6118,#4865,#4866);
#4120=AXIS2_PLACEMENT_3D('',#6120,#4867,#4868);
#4121=AXIS2_PLACEMENT_3D('',#6123,#4870,#4871);
#4122=AXIS2_PLACEMENT_3D('',#6124,#4872,#4873);
#4123=AXIS2_PLACEMENT_3D('',#6126,#4874,#4875);
#4124=AXIS2_PLACEMENT_3D('',#6129,#4877,#4878);
#4125=AXIS2_PLACEMENT_3D('',#6130,#4879,#4880);
#4126=AXIS2_PLACEMENT_3D('',#6134,#4882,#4883);
#4127=AXIS2_PLACEMENT_3D('',#6135,#4884,#4885);
#4128=AXIS2_PLACEMENT_3D('',#6137,#4887,#4888);
#4129=AXIS2_PLACEMENT_3D('',#6138,#4889,#4890);
#4130=AXIS2_PLACEMENT_3D('',#6140,#4891,#4892);
#4131=AXIS2_PLACEMENT_3D('',#6143,#4894,#4895);
#4132=AXIS2_PLACEMENT_3D('',#6145,#4897,#4898);
#4133=AXIS2_PLACEMENT_3D('',#6147,#4900,#4901);
#4134=AXIS2_PLACEMENT_3D('',#6148,#4902,#4903);
#4135=AXIS2_PLACEMENT_3D('',#6153,#4905,#4906);
#4136=AXIS2_PLACEMENT_3D('',#6156,#4908,#4909);
#4137=AXIS2_PLACEMENT_3D('',#6159,#4912,#4913);
#4138=AXIS2_PLACEMENT_3D('',#6161,#4915,#4916);
#4139=AXIS2_PLACEMENT_3D('',#6167,#4920,#4921);
#4140=AXIS2_PLACEMENT_3D('',#6168,#4922,#4923);
#4141=AXIS2_PLACEMENT_3D('',#6172,#4925,#4926);
#4142=AXIS2_PLACEMENT_3D('',#6173,#4927,#4928);
#4143=AXIS2_PLACEMENT_3D('',#6179,#4932,#4933);
#4144=AXIS2_PLACEMENT_3D('',#6180,#4934,#4935);
#4145=AXIS2_PLACEMENT_3D('',#6184,#4937,#4938);
#4146=AXIS2_PLACEMENT_3D('',#6185,#4939,#4940);
#4147=AXIS2_PLACEMENT_3D('',#6191,#4944,#4945);
#4148=AXIS2_PLACEMENT_3D('',#6192,#4946,#4947);
#4149=AXIS2_PLACEMENT_3D('',#6196,#4949,#4950);
#4150=AXIS2_PLACEMENT_3D('',#6197,#4951,#4952);
#4151=AXIS2_PLACEMENT_3D('',#6203,#4956,#4957);
#4152=AXIS2_PLACEMENT_3D('',#6204,#4958,#4959);
#4153=AXIS2_PLACEMENT_3D('',#6208,#4961,#4962);
#4154=AXIS2_PLACEMENT_3D('',#6209,#4963,#4964);
#4155=AXIS2_PLACEMENT_3D('',#6212,#4967,#4968);
#4156=AXIS2_PLACEMENT_3D('',#6214,#4970,#4971);
#4157=AXIS2_PLACEMENT_3D('',#6220,#4975,#4976);
#4158=AXIS2_PLACEMENT_3D('',#6221,#4977,#4978);
#4159=AXIS2_PLACEMENT_3D('',#6225,#4980,#4981);
#4160=AXIS2_PLACEMENT_3D('',#6226,#4982,#4983);
#4161=AXIS2_PLACEMENT_3D('',#6232,#4987,#4988);
#4162=AXIS2_PLACEMENT_3D('',#6233,#4989,#4990);
#4163=AXIS2_PLACEMENT_3D('',#6237,#4992,#4993);
#4164=AXIS2_PLACEMENT_3D('',#6238,#4994,#4995);
#4165=AXIS2_PLACEMENT_3D('',#6244,#4999,#5000);
#4166=AXIS2_PLACEMENT_3D('',#6245,#5001,#5002);
#4167=AXIS2_PLACEMENT_3D('',#6249,#5004,#5005);
#4168=AXIS2_PLACEMENT_3D('',#6250,#5006,#5007);
#4169=AXIS2_PLACEMENT_3D('',#6259,#5010,#5011);
#4170=AXIS2_PLACEMENT_3D('',#6260,#5012,#5013);
#4171=AXIS2_PLACEMENT_3D('',#6265,#5015,#5016);
#4172=AXIS2_PLACEMENT_3D('',#6268,#5018,#5019);
#4173=AXIS2_PLACEMENT_3D('',#6271,#5022,#5023);
#4174=AXIS2_PLACEMENT_3D('',#6272,#5024,#5025);
#4175=AXIS2_PLACEMENT_3D('',#6274,#5026,#5027);
#4176=AXIS2_PLACEMENT_3D('',#6276,#5028,#5029);
#4177=AXIS2_PLACEMENT_3D('',#6277,#5030,#5031);
#4178=AXIS2_PLACEMENT_3D('',#6279,#5032,#5033);
#4179=AXIS2_PLACEMENT_3D('',#6281,#5034,#5035);
#4180=AXIS2_PLACEMENT_3D('',#6282,#5036,#5037);
#4181=AXIS2_PLACEMENT_3D('',#6284,#5038,#5039);
#4182=AXIS2_PLACEMENT_3D('',#6286,#5040,#5041);
#4183=AXIS2_PLACEMENT_3D('',#6287,#5042,#5043);
#4184=AXIS2_PLACEMENT_3D('',#6289,#5044,#5045);
#4185=AXIS2_PLACEMENT_3D('',#6291,#5046,#5047);
#4186=AXIS2_PLACEMENT_3D('',#6292,#5048,#5049);
#4187=AXIS2_PLACEMENT_3D('',#6294,#5050,#5051);
#4188=AXIS2_PLACEMENT_3D('',#6296,#5052,#5053);
#4189=AXIS2_PLACEMENT_3D('',#6297,#5054,#5055);
#4190=AXIS2_PLACEMENT_3D('',#6299,#5056,#5057);
#4191=AXIS2_PLACEMENT_3D('',#6301,#5058,#5059);
#4192=AXIS2_PLACEMENT_3D('',#6302,#5060,#5061);
#4193=AXIS2_PLACEMENT_3D('',#6304,#5062,#5063);
#4194=AXIS2_PLACEMENT_3D('',#6306,#5064,#5065);
#4195=AXIS2_PLACEMENT_3D('',#6307,#5066,#5067);
#4196=AXIS2_PLACEMENT_3D('',#6309,#5068,#5069);
#4197=AXIS2_PLACEMENT_3D('',#6311,#5070,#5071);
#4198=AXIS2_PLACEMENT_3D('',#6312,#5072,#5073);
#4199=AXIS2_PLACEMENT_3D('',#6314,#5074,#5075);
#4200=AXIS2_PLACEMENT_3D('',#6316,#5076,#5077);
#4201=AXIS2_PLACEMENT_3D('',#6317,#5078,#5079);
#4202=AXIS2_PLACEMENT_3D('',#6319,#5080,#5081);
#4203=AXIS2_PLACEMENT_3D('',#6321,#5082,#5083);
#4204=AXIS2_PLACEMENT_3D('',#6322,#5084,#5085);
#4205=AXIS2_PLACEMENT_3D('',#6324,#5086,#5087);
#4206=AXIS2_PLACEMENT_3D('',#6326,#5088,#5089);
#4207=AXIS2_PLACEMENT_3D('',#6327,#5090,#5091);
#4208=AXIS2_PLACEMENT_3D('',#6329,#5092,#5093);
#4209=AXIS2_PLACEMENT_3D('',#6331,#5094,#5095);
#4210=AXIS2_PLACEMENT_3D('',#6332,#5096,#5097);
#4211=AXIS2_PLACEMENT_3D('',#6334,#5098,#5099);
#4212=AXIS2_PLACEMENT_3D('',#6336,#5100,#5101);
#4213=AXIS2_PLACEMENT_3D('',#6338,#5103,#5104);
#4214=AXIS2_PLACEMENT_3D('',#6339,#5105,#5106);
#4215=AXIS2_PLACEMENT_3D('',#6340,#5107,#5108);
#4216=AXIS2_PLACEMENT_3D('',#6341,#5109,#5110);
#4217=AXIS2_PLACEMENT_3D('',#6343,#5112,#5113);
#4218=AXIS2_PLACEMENT_3D('',#6539,#5114,#5115);
#4219=AXIS2_PLACEMENT_3D('',#6541,#5117,#5118);
#4220=AXIS2_PLACEMENT_3D('',#6543,#5120,#5121);
#4221=AXIS2_PLACEMENT_3D('',#6544,#5122,#5123);
#4222=AXIS2_PLACEMENT_3D('',#6549,#5125,#5126);
#4223=AXIS2_PLACEMENT_3D('',#6552,#5128,#5129);
#4224=AXIS2_PLACEMENT_3D('',#6561,#5134,#5135);
#4225=AXIS2_PLACEMENT_3D('',#6562,#5136,#5137);
#4226=AXIS2_PLACEMENT_3D('',#6564,#5138,#5139);
#4227=AXIS2_PLACEMENT_3D('',#6567,#5141,#5142);
#4228=AXIS2_PLACEMENT_3D('',#6570,#5145,#5146);
#4229=AXIS2_PLACEMENT_3D('',#6576,#5150,#5151);
#4230=AXIS2_PLACEMENT_3D('',#6577,#5152,#5153);
#4231=AXIS2_PLACEMENT_3D('',#6582,#5155,#5156);
#4232=AXIS2_PLACEMENT_3D('',#6585,#5158,#5159);
#4233=AXIS2_PLACEMENT_3D('',#6594,#5164,#5165);
#4234=AXIS2_PLACEMENT_3D('',#6595,#5166,#5167);
#4235=AXIS2_PLACEMENT_3D('',#6597,#5168,#5169);
#4236=AXIS2_PLACEMENT_3D('',#6600,#5171,#5172);
#4237=AXIS2_PLACEMENT_3D('',#6603,#5175,#5176);
#4238=AXIS2_PLACEMENT_3D('',#6604,#5177,#5178);
#4239=AXIS2_PLACEMENT_3D('',#6606,#5179,#5180);
#4240=AXIS2_PLACEMENT_3D('',#6608,#5181,#5182);
#4241=AXIS2_PLACEMENT_3D('',#6609,#5183,#5184);
#4242=AXIS2_PLACEMENT_3D('',#6611,#5185,#5186);
#4243=AXIS2_PLACEMENT_3D('',#6613,#5187,#5188);
#4244=AXIS2_PLACEMENT_3D('',#6614,#5189,#5190);
#4245=AXIS2_PLACEMENT_3D('',#6616,#5191,#5192);
#4246=AXIS2_PLACEMENT_3D('',#6618,#5193,#5194);
#4247=AXIS2_PLACEMENT_3D('',#6624,#5198,#5199);
#4248=AXIS2_PLACEMENT_3D('',#6626,#5201,#5202);
#4249=AXIS2_PLACEMENT_3D('',#6627,#5203,#5204);
#4250=AXIS2_PLACEMENT_3D('',#6629,#5205,#5206);
#4251=AXIS2_PLACEMENT_3D('',#6632,#5208,#5209);
#4252=AXIS2_PLACEMENT_3D('',#6633,#5210,#5211);
#4253=AXIS2_PLACEMENT_3D('',#6637,#5213,#5214);
#4254=AXIS2_PLACEMENT_3D('',#6638,#5215,#5216);
#4255=AXIS2_PLACEMENT_3D('',#6639,#5217,#5218);
#4256=AXIS2_PLACEMENT_3D('',#6641,#5219,#5220);
#4257=AXIS2_PLACEMENT_3D('',#6644,#5222,#5223);
#4258=AXIS2_PLACEMENT_3D('',#6645,#5224,#5225);
#4259=AXIS2_PLACEMENT_3D('',#6647,#5226,#5227);
#4260=AXIS2_PLACEMENT_3D('',#6650,#5229,#5230);
#4261=AXIS2_PLACEMENT_3D('',#6651,#5231,#5232);
#4262=AXIS2_PLACEMENT_3D('',#6655,#5234,#5235);
#4263=AXIS2_PLACEMENT_3D('',#6656,#5236,#5237);
#4264=AXIS2_PLACEMENT_3D('',#6658,#5239,#5240);
#4265=AXIS2_PLACEMENT_3D('',#6659,#5241,#5242);
#4266=AXIS2_PLACEMENT_3D('',#6661,#5243,#5244);
#4267=AXIS2_PLACEMENT_3D('',#6664,#5246,#5247);
#4268=AXIS2_PLACEMENT_3D('',#6666,#5249,#5250);
#4269=AXIS2_PLACEMENT_3D('',#6668,#5252,#5253);
#4270=AXIS2_PLACEMENT_3D('',#6669,#5254,#5255);
#4271=AXIS2_PLACEMENT_3D('',#6674,#5257,#5258);
#4272=AXIS2_PLACEMENT_3D('',#6677,#5260,#5261);
#4273=AXIS2_PLACEMENT_3D('',#6683,#5265,#5266);
#4274=AXIS2_PLACEMENT_3D('',#6684,#5267,#5268);
#4275=AXIS2_PLACEMENT_3D('',#6688,#5270,#5271);
#4276=AXIS2_PLACEMENT_3D('',#6689,#5272,#5273);
#4277=AXIS2_PLACEMENT_3D('',#6692,#5276,#5277);
#4278=AXIS2_PLACEMENT_3D('',#6694,#5279,#5280);
#4279=AXIS2_PLACEMENT_3D('',#6700,#5284,#5285);
#4280=AXIS2_PLACEMENT_3D('',#6701,#5286,#5287);
#4281=AXIS2_PLACEMENT_3D('',#6705,#5289,#5290);
#4282=AXIS2_PLACEMENT_3D('',#6706,#5291,#5292);
#4283=AXIS2_PLACEMENT_3D('',#6712,#5296,#5297);
#4284=AXIS2_PLACEMENT_3D('',#6713,#5298,#5299);
#4285=AXIS2_PLACEMENT_3D('',#6717,#5301,#5302);
#4286=AXIS2_PLACEMENT_3D('',#6718,#5303,#5304);
#4287=AXIS2_PLACEMENT_3D('',#6730,#5308,#5309);
#4288=AXIS2_PLACEMENT_3D('',#6731,#5310,#5311);
#4289=AXIS2_PLACEMENT_3D('',#6733,#5312,#5313);
#4290=AXIS2_PLACEMENT_3D('',#6736,#5315,#5316);
#4291=AXIS2_PLACEMENT_3D('',#6742,#5320,#5321);
#4292=AXIS2_PLACEMENT_3D('',#6743,#5322,#5323);
#4293=AXIS2_PLACEMENT_3D('',#6747,#5325,#5326);
#4294=AXIS2_PLACEMENT_3D('',#6748,#5327,#5328);
#4295=AXIS2_PLACEMENT_3D('',#6754,#5332,#5333);
#4296=AXIS2_PLACEMENT_3D('',#6755,#5334,#5335);
#4297=AXIS2_PLACEMENT_3D('',#6759,#5337,#5338);
#4298=AXIS2_PLACEMENT_3D('',#6760,#5339,#5340);
#4299=AXIS2_PLACEMENT_3D('',#6763,#5343,#5344);
#4300=AXIS2_PLACEMENT_3D('',#6765,#5346,#5347);
#4301=AXIS2_PLACEMENT_3D('',#6771,#5351,#5352);
#4302=AXIS2_PLACEMENT_3D('',#6772,#5353,#5354);
#4303=AXIS2_PLACEMENT_3D('',#6776,#5356,#5357);
#4304=AXIS2_PLACEMENT_3D('',#6777,#5358,#5359);
#4305=AXIS2_PLACEMENT_3D('',#6783,#5363,#5364);
#4306=AXIS2_PLACEMENT_3D('',#6784,#5365,#5366);
#4307=AXIS2_PLACEMENT_3D('',#6788,#5368,#5369);
#4308=AXIS2_PLACEMENT_3D('',#6789,#5370,#5371);
#4309=AXIS2_PLACEMENT_3D('',#6792,#5374,#5375);
#4310=AXIS2_PLACEMENT_3D('',#6793,#5376,#5377);
#4311=AXIS2_PLACEMENT_3D('',#6795,#5378,#5379);
#4312=AXIS2_PLACEMENT_3D('',#6797,#5380,#5381);
#4313=AXIS2_PLACEMENT_3D('',#6798,#5382,#5383);
#4314=AXIS2_PLACEMENT_3D('',#6800,#5384,#5385);
#4315=AXIS2_PLACEMENT_3D('',#6802,#5386,#5387);
#4316=AXIS2_PLACEMENT_3D('',#6803,#5388,#5389);
#4317=AXIS2_PLACEMENT_3D('',#6805,#5390,#5391);
#4318=AXIS2_PLACEMENT_3D('',#6807,#5392,#5393);
#4319=AXIS2_PLACEMENT_3D('',#6808,#5394,#5395);
#4320=AXIS2_PLACEMENT_3D('',#6810,#5396,#5397);
#4321=AXIS2_PLACEMENT_3D('',#6812,#5398,#5399);
#4322=AXIS2_PLACEMENT_3D('',#6813,#5400,#5401);
#4323=AXIS2_PLACEMENT_3D('',#6815,#5402,#5403);
#4324=AXIS2_PLACEMENT_3D('',#6817,#5404,#5405);
#4325=AXIS2_PLACEMENT_3D('',#6818,#5406,#5407);
#4326=AXIS2_PLACEMENT_3D('',#6820,#5408,#5409);
#4327=AXIS2_PLACEMENT_3D('',#6822,#5410,#5411);
#4328=AXIS2_PLACEMENT_3D('',#6823,#5412,#5413);
#4329=AXIS2_PLACEMENT_3D('',#6825,#5414,#5415);
#4330=AXIS2_PLACEMENT_3D('',#6827,#5416,#5417);
#4331=AXIS2_PLACEMENT_3D('',#6828,#5418,#5419);
#4332=AXIS2_PLACEMENT_3D('',#6830,#5420,#5421);
#4333=AXIS2_PLACEMENT_3D('',#6832,#5422,#5423);
#4334=AXIS2_PLACEMENT_3D('',#6833,#5424,#5425);
#4335=AXIS2_PLACEMENT_3D('',#6835,#5426,#5427);
#4336=AXIS2_PLACEMENT_3D('',#6837,#5428,#5429);
#4337=AXIS2_PLACEMENT_3D('',#6838,#5430,#5431);
#4338=AXIS2_PLACEMENT_3D('',#6840,#5432,#5433);
#4339=AXIS2_PLACEMENT_3D('',#6842,#5434,#5435);
#4340=AXIS2_PLACEMENT_3D('',#6843,#5436,#5437);
#4341=AXIS2_PLACEMENT_3D('',#6845,#5438,#5439);
#4342=AXIS2_PLACEMENT_3D('',#6847,#5440,#5441);
#4343=AXIS2_PLACEMENT_3D('',#6848,#5442,#5443);
#4344=AXIS2_PLACEMENT_3D('',#6850,#5444,#5445);
#4345=AXIS2_PLACEMENT_3D('',#6852,#5446,#5447);
#4346=AXIS2_PLACEMENT_3D('',#6853,#5448,#5449);
#4347=AXIS2_PLACEMENT_3D('',#6855,#5450,#5451);
#4348=AXIS2_PLACEMENT_3D('',#6857,#5452,#5453);
#4349=AXIS2_PLACEMENT_3D('',#6858,#5454,#5455);
#4350=AXIS2_PLACEMENT_3D('',#6860,#5457,#5458);
#4351=AXIS2_PLACEMENT_3D('',#6862,#5460,#5461);
#4352=AXIS2_PLACEMENT_3D('',#6863,#5462,#5463);
#4353=AXIS2_PLACEMENT_3D('',#6864,#5464,#5465);
#4354=AXIS2_PLACEMENT_3D('',#6865,#5466,#5467);
#4355=AXIS2_PLACEMENT_3D('',#6866,#5468,#5469);
#4356=AXIS2_PLACEMENT_3D('',#6867,#5470,#5471);
#4357=AXIS2_PLACEMENT_3D('',#6868,#5472,#5473);
#4358=DIRECTION('',(0.,0.,1.));
#4359=DIRECTION('',(1.,0.,0.));
#4360=DIRECTION('',(0.,0.,-1.));
#4361=DIRECTION('',(-1.,0.,0.));
#4362=DIRECTION('',(0.,0.,1.));
#4363=DIRECTION('',(1.,0.,0.));
#4364=DIRECTION('',(0.,0.,1.));
#4365=DIRECTION('',(1.,0.,0.));
#4366=DIRECTION('',(0.,0.,1.));
#4367=DIRECTION('',(1.,0.,0.));
#4368=DIRECTION('',(0.,0.,1.));
#4369=DIRECTION('',(1.,0.,0.));
#4370=DIRECTION('',(0.,0.,1.));
#4371=DIRECTION('',(-1.,0.,0.));
#4372=DIRECTION('',(0.,0.,1.));
#4373=DIRECTION('',(-1.,0.,0.));
#4374=DIRECTION('',(0.,0.,1.));
#4375=DIRECTION('',(-1.,0.,0.));
#4376=DIRECTION('',(0.,0.,1.));
#4377=DIRECTION('',(-1.,0.,0.));
#4378=DIRECTION('',(0.,0.,-1.));
#4379=DIRECTION('',(-1.,0.,0.));
#4380=DIRECTION('',(0.,0.,-1.));
#4381=DIRECTION('',(1.,0.,0.));
#4382=DIRECTION('',(0.,0.,-1.));
#4383=DIRECTION('',(-1.,0.,0.));
#4384=DIRECTION('',(0.,0.,-1.));
#4385=DIRECTION('',(1.,0.,0.));
#4386=DIRECTION('',(0.,1.,0.));
#4387=DIRECTION('',(0.,0.,-1.));
#4388=DIRECTION('',(1.,0.,0.));
#4389=DIRECTION('',(1.,0.,0.));
#4390=DIRECTION('',(0.,0.,-1.));
#4391=DIRECTION('',(-1.,0.,0.));
#4392=DIRECTION('',(0.,-1.,0.));
#4393=DIRECTION('',(0.,0.,-1.));
#4394=DIRECTION('',(-1.,0.,0.));
#4395=DIRECTION('',(-1.,0.,0.));
#4396=DIRECTION('',(0.,0.,-1.));
#4397=DIRECTION('',(-1.,0.,0.));
#4398=DIRECTION('',(0.,4.08347459736136E-32,-1.));
#4399=DIRECTION('',(0.,1.,4.08347459736136E-32));
#4400=DIRECTION('',(0.,4.08347459736136E-32,-1.));
#4401=DIRECTION('',(0.,1.,4.08347459736136E-32));
#4402=DIRECTION('',(0.,4.08347459736136E-32,-1.));
#4403=DIRECTION('',(0.,1.,4.08347459736136E-32));
#4404=DIRECTION('',(0.,4.08347459736136E-32,-1.));
#4405=DIRECTION('',(0.,1.,4.08347459736136E-32));
#4406=DIRECTION('',(0.,0.,1.));
#4407=DIRECTION('',(1.,0.,0.));
#4408=DIRECTION('',(0.,0.,1.));
#4409=DIRECTION('',(1.,0.,0.));
#4410=DIRECTION('',(0.,0.,1.));
#4411=DIRECTION('',(1.,0.,0.));
#4412=DIRECTION('',(0.,0.,1.));
#4413=DIRECTION('',(1.,0.,0.));
#4414=DIRECTION('',(0.138243099757221,-0.990398326618899,0.));
#4415=DIRECTION('',(0.,0.,-1.));
#4416=DIRECTION('',(-1.,0.,0.));
#4417=DIRECTION('',(-1.,0.,0.));
#4418=DIRECTION('',(0.,0.,-1.));
#4419=DIRECTION('',(-1.,0.,0.));
#4420=DIRECTION('',(0.,1.,0.));
#4421=DIRECTION('',(-1.,0.,0.));
#4422=DIRECTION('',(0.,-1.,0.));
#4423=DIRECTION('',(0.,0.,-1.));
#4424=DIRECTION('',(-1.,0.,0.));
#4425=DIRECTION('',(-1.,0.,0.));
#4426=DIRECTION('',(0.,0.,-1.));
#4427=DIRECTION('',(-1.,0.,0.));
#4428=DIRECTION('',(0.138243099757221,0.990398326618899,0.));
#4429=DIRECTION('',(0.,0.,-1.));
#4430=DIRECTION('',(-1.,0.,0.));
#4431=DIRECTION('',(0.,0.,-1.));
#4432=DIRECTION('',(-1.,0.,0.));
#4433=DIRECTION('',(0.,0.,1.));
#4434=DIRECTION('',(1.,0.,0.));
#4435=DIRECTION('',(0.,1.,0.));
#4436=DIRECTION('',(0.,0.,-1.));
#4437=DIRECTION('',(-1.,0.,0.));
#4438=DIRECTION('',(-1.,0.,0.));
#4439=DIRECTION('',(0.,0.,-1.));
#4440=DIRECTION('',(-1.,0.,0.));
#4441=DIRECTION('',(-1.48029736616685E-15,1.,0.));
#4442=DIRECTION('',(0.,0.,-1.));
#4443=DIRECTION('',(-1.,0.,0.));
#4444=DIRECTION('',(0.,0.,1.));
#4445=DIRECTION('',(1.,0.,0.));
#4446=DIRECTION('',(0.,0.,-1.));
#4447=DIRECTION('',(-1.,0.,0.));
#4448=DIRECTION('',(0.,0.,-1.));
#4449=DIRECTION('',(-1.,0.,0.));
#4450=DIRECTION('',(0.,0.,-1.));
#4451=DIRECTION('',(-1.,0.,0.));
#4452=DIRECTION('',(0.,0.,1.));
#4453=DIRECTION('',(1.,0.,0.));
#4454=DIRECTION('',(0.,0.,1.));
#4455=DIRECTION('',(1.,0.,0.));
#4456=DIRECTION('',(0.,0.,1.));
#4457=DIRECTION('',(1.,0.,0.));
#4458=DIRECTION('',(0.,0.,1.));
#4459=DIRECTION('',(1.,0.,0.));
#4460=DIRECTION('',(0.,0.,1.));
#4461=DIRECTION('',(-1.,0.,0.));
#4462=DIRECTION('',(0.,0.,1.));
#4463=DIRECTION('',(-1.,0.,0.));
#4464=DIRECTION('',(0.,0.,1.));
#4465=DIRECTION('',(-1.,0.,0.));
#4466=DIRECTION('',(0.,0.,1.));
#4467=DIRECTION('',(-1.,0.,0.));
#4468=DIRECTION('',(0.,0.,1.));
#4469=DIRECTION('',(1.,0.,0.));
#4470=DIRECTION('',(0.,0.,1.));
#4471=DIRECTION('',(1.,0.,0.));
#4472=DIRECTION('',(0.,0.,1.));
#4473=DIRECTION('',(1.,0.,0.));
#4474=DIRECTION('',(0.,0.,1.));
#4475=DIRECTION('',(1.,0.,0.));
#4476=DIRECTION('',(0.,4.08347459736136E-32,-1.));
#4477=DIRECTION('',(0.,1.,4.08347459736136E-32));
#4478=DIRECTION('',(0.,4.08347459736136E-32,-1.));
#4479=DIRECTION('',(0.,1.,4.08347459736136E-32));
#4480=DIRECTION('',(0.,4.08347459736136E-32,-1.));
#4481=DIRECTION('',(0.,1.,4.08347459736136E-32));
#4482=DIRECTION('',(0.,4.08347459736136E-32,-1.));
#4483=DIRECTION('',(0.,1.,4.08347459736136E-32));
#4484=DIRECTION('',(0.,0.,-1.));
#4485=DIRECTION('',(1.,0.,0.));
#4486=DIRECTION('',(0.,1.,0.));
#4487=DIRECTION('',(0.,0.,-1.));
#4488=DIRECTION('',(-1.,0.,0.));
#4489=DIRECTION('',(-1.,0.,0.));
#4490=DIRECTION('',(0.,0.,-1.));
#4491=DIRECTION('',(-1.,0.,0.));
#4492=DIRECTION('',(0.,-1.,0.));
#4493=DIRECTION('',(0.,0.,-1.));
#4494=DIRECTION('',(-1.,0.,0.));
#4495=DIRECTION('',(1.,0.,0.));
#4496=DIRECTION('',(0.,0.,-1.));
#4497=DIRECTION('',(1.,0.,0.));
#4498=DIRECTION('',(0.,0.,-1.));
#4499=DIRECTION('',(-1.,0.,0.));
#4500=DIRECTION('',(0.,0.,-1.));
#4501=DIRECTION('',(1.,0.,0.));
#4502=DIRECTION('',(0.,0.,-1.));
#4503=DIRECTION('',(-1.,0.,0.));
#4504=DIRECTION('',(-1.,0.,0.));
#4505=DIRECTION('',(0.,0.,-1.));
#4506=DIRECTION('',(-1.,0.,0.));
#4507=DIRECTION('',(0.138243099757221,-0.990398326618899,0.));
#4508=DIRECTION('',(0.,0.,-1.));
#4509=DIRECTION('',(-1.,0.,0.));
#4510=DIRECTION('',(0.,0.,-1.));
#4511=DIRECTION('',(-1.,0.,0.));
#4512=DIRECTION('',(0.,0.,1.));
#4513=DIRECTION('',(1.,0.,0.));
#4514=DIRECTION('',(0.,0.,1.));
#4515=DIRECTION('',(1.,0.,0.));
#4516=DIRECTION('',(-1.48029736616685E-15,1.,0.));
#4517=DIRECTION('',(0.,0.,-1.));
#4518=DIRECTION('',(-1.,0.,0.));
#4519=DIRECTION('',(-1.,0.,0.));
#4520=DIRECTION('',(0.,0.,-1.));
#4521=DIRECTION('',(-1.,0.,0.));
#4522=DIRECTION('',(0.,1.,0.));
#4523=DIRECTION('',(0.,0.,1.));
#4524=DIRECTION('',(1.,0.,0.));
#4525=DIRECTION('',(0.,0.,-1.));
#4526=DIRECTION('',(-1.,0.,0.));
#4527=DIRECTION('',(0.,0.,-1.));
#4528=DIRECTION('',(-1.,0.,0.));
#4529=DIRECTION('',(0.,0.,-1.));
#4530=DIRECTION('',(-1.,0.,0.));
#4531=DIRECTION('',(0.138243099757221,0.990398326618899,0.));
#4532=DIRECTION('',(0.,0.,-1.));
#4533=DIRECTION('',(-1.,0.,0.));
#4534=DIRECTION('',(-1.,0.,0.));
#4535=DIRECTION('',(0.,0.,-1.));
#4536=DIRECTION('',(-1.,0.,0.));
#4537=DIRECTION('',(0.,-1.,0.));
#4538=DIRECTION('',(-1.,0.,0.));
#4539=DIRECTION('',(0.,1.,0.));
#4540=DIRECTION('',(0.,0.,-1.));
#4541=DIRECTION('',(-1.,0.,0.));
#4542=DIRECTION('',(0.990398326618899,0.138243099757221,0.));
#4543=DIRECTION('',(-0.138243099757221,0.990398326618899,0.));
#4544=DIRECTION('',(-9.74705207093709E-16,6.98296267768627E-15,-1.));
#4545=DIRECTION('',(0.,0.,1.));
#4546=DIRECTION('',(-0.990398326618899,0.138243099757221,0.));
#4547=DIRECTION('',(-0.138243099757221,-0.990398326618899,0.));
#4548=DIRECTION('',(-9.74705207093709E-16,-6.98296267768627E-15,1.));
#4549=DIRECTION('',(0.,0.,1.));
#4550=DIRECTION('',(0.,-1.,0.));
#4551=DIRECTION('',(0.,0.,-1.));
#4552=DIRECTION('',(0.,0.,1.));
#4553=DIRECTION('',(0.,0.,1.));
#4554=DIRECTION('',(0.,0.,1.));
#4555=DIRECTION('',(-0.997587439690758,0.0694211795581028,0.));
#4556=DIRECTION('',(0.,0.,-1.));
#4557=DIRECTION('',(-1.,0.,0.));
#4558=DIRECTION('',(0.,0.,-1.));
#4559=DIRECTION('',(0.,0.,1.));
#4560=DIRECTION('',(0.99993287589546,0.011586358506178,0.));
#4561=DIRECTION('',(0.,0.,-1.));
#4562=DIRECTION('',(-1.,0.,0.));
#4563=DIRECTION('',(0.,0.,-1.));
#4564=DIRECTION('',(0.,0.,-1.));
#4565=DIRECTION('',(-1.,0.,0.));
#4566=DIRECTION('',(0.,0.,-1.));
#4567=DIRECTION('',(-1.,0.,0.));
#4568=DIRECTION('',(0.,0.,-1.));
#4569=DIRECTION('',(-1.,0.,0.));
#4570=DIRECTION('',(0.,0.,-1.));
#4571=DIRECTION('',(-1.,0.,0.));
#4572=DIRECTION('',(0.,0.,-1.));
#4573=DIRECTION('',(-1.,0.,0.));
#4574=DIRECTION('',(0.,0.,-1.));
#4575=DIRECTION('',(-1.,0.,0.));
#4576=DIRECTION('',(0.,0.,-1.));
#4577=DIRECTION('',(0.,0.,-1.));
#4578=DIRECTION('',(-1.,0.,0.));
#4579=DIRECTION('',(0.,0.,1.));
#4580=DIRECTION('',(0.,0.,-1.));
#4581=DIRECTION('',(0.,0.,-1.));
#4582=DIRECTION('',(-1.,0.,0.));
#4583=DIRECTION('',(0.,0.,-1.));
#4584=DIRECTION('',(0.,-1.,0.));
#4585=DIRECTION('',(0.,0.,-1.));
#4586=DIRECTION('',(0.,0.,-1.));
#4587=DIRECTION('',(0.,0.,-1.));
#4588=DIRECTION('',(-1.,0.,0.));
#4589=DIRECTION('',(0.,0.,-1.));
#4590=DIRECTION('',(1.,0.,0.));
#4591=DIRECTION('',(0.,0.,-1.));
#4592=DIRECTION('',(0.,0.,-1.));
#4593=DIRECTION('',(0.,0.,-1.));
#4594=DIRECTION('',(-1.,0.,0.));
#4595=DIRECTION('',(0.,0.,-1.));
#4596=DIRECTION('',(0.,1.,0.));
#4597=DIRECTION('',(0.,0.,1.));
#4598=DIRECTION('',(0.,4.08347459736136E-32,-1.));
#4599=DIRECTION('',(0.,1.,4.08347459736136E-32));
#4600=DIRECTION('',(0.,4.08347459736136E-32,-1.));
#4601=DIRECTION('',(0.,1.,4.08347459736136E-32));
#4602=DIRECTION('',(0.,4.08347459736136E-32,-1.));
#4603=DIRECTION('',(0.,1.,4.08347459736136E-32));
#4604=DIRECTION('',(0.,4.08347459736136E-32,-1.));
#4605=DIRECTION('',(0.,1.,4.08347459736136E-32));
#4606=DIRECTION('',(0.,0.,1.));
#4607=DIRECTION('',(1.,0.,0.));
#4608=DIRECTION('',(0.,0.,1.));
#4609=DIRECTION('',(1.,0.,0.));
#4610=DIRECTION('',(0.,0.,1.));
#4611=DIRECTION('',(1.,0.,0.));
#4612=DIRECTION('',(0.,0.,1.));
#4613=DIRECTION('',(1.,0.,0.));
#4614=DIRECTION('',(0.,-1.,-6.98296267768627E-15));
#4615=DIRECTION('',(0.,6.98296267768627E-15,-1.));
#4616=DIRECTION('',(0.,6.98296267768627E-15,-1.));
#4617=DIRECTION('',(-9.74705207093708E-16,-6.98296267768627E-15,1.));
#4618=DIRECTION('',(1.,0.,0.));
#4619=DIRECTION('',(0.,0.,-1.));
#4620=DIRECTION('',(0.,6.98296267768627E-15,-1.));
#4621=DIRECTION('',(0.,0.,-1.));
#4622=DIRECTION('',(-1.,0.,0.));
#4623=DIRECTION('',(0.,0.,1.));
#4624=DIRECTION('',(0.,6.98296267768627E-15,-1.));
#4625=DIRECTION('',(0.,0.,-1.));
#4626=DIRECTION('',(0.,-1.,-6.98296267768627E-15));
#4627=DIRECTION('',(0.,6.98296267768627E-15,-1.));
#4628=DIRECTION('',(-9.74705207093708E-16,6.98296267768627E-15,-1.));
#4629=DIRECTION('',(0.,6.98296267768627E-15,-1.));
#4630=DIRECTION('',(0.,0.,1.));
#4631=DIRECTION('',(1.,0.,0.));
#4632=DIRECTION('',(0.,0.,1.));
#4633=DIRECTION('',(1.,0.,0.));
#4634=DIRECTION('',(0.,0.,1.));
#4635=DIRECTION('',(1.,0.,0.));
#4636=DIRECTION('',(0.,0.,1.));
#4637=DIRECTION('',(1.,0.,0.));
#4638=DIRECTION('',(0.,0.,1.));
#4639=DIRECTION('',(1.,0.,0.));
#4640=DIRECTION('',(0.,0.,1.));
#4641=DIRECTION('',(1.,0.,0.));
#4642=DIRECTION('',(0.,0.,1.));
#4643=DIRECTION('',(1.,0.,0.));
#4644=DIRECTION('',(0.,0.,1.));
#4645=DIRECTION('',(1.,0.,0.));
#4646=DIRECTION('',(0.,0.,-1.));
#4647=DIRECTION('',(-1.,0.,0.));
#4648=DIRECTION('',(0.,0.,-1.));
#4649=DIRECTION('',(-1.,0.,0.));
#4650=DIRECTION('',(9.74705207093708E-16,-6.98296267768627E-15,1.));
#4651=DIRECTION('',(0.,-1.,-6.98296267768627E-15));
#4652=DIRECTION('',(0.,-6.98296267768627E-15,1.));
#4653=DIRECTION('',(0.,-1.,-6.98296267768627E-15));
#4654=DIRECTION('',(0.,-6.98296267768627E-15,1.));
#4655=DIRECTION('',(0.,-1.,-6.98296267768627E-15));
#4656=DIRECTION('',(9.74705207093708E-16,6.98296267768627E-15,-1.));
#4657=DIRECTION('',(0.,1.,6.98296267768627E-15));
#4658=DIRECTION('',(0.,0.,1.));
#4659=DIRECTION('',(1.,0.,0.));
#4660=DIRECTION('',(0.,0.,1.));
#4661=DIRECTION('',(1.,0.,0.));
#4662=DIRECTION('',(-1.,0.,0.));
#4663=DIRECTION('',(0.,0.,1.));
#4664=DIRECTION('',(0.,-1.,-3.49148133884313E-15));
#4665=DIRECTION('',(1.,0.,0.));
#4666=DIRECTION('',(0.,0.,-1.));
#4667=DIRECTION('',(1.,0.,0.));
#4668=DIRECTION('',(0.,0.,-1.));
#4669=DIRECTION('',(1.,0.,0.));
#4670=DIRECTION('',(0.,0.,-1.));
#4671=DIRECTION('',(1.,0.,0.));
#4672=DIRECTION('',(0.,0.,-1.));
#4673=DIRECTION('',(0.,-1.,-3.49148133884313E-15));
#4674=DIRECTION('',(-1.,0.,0.));
#4675=DIRECTION('',(0.,0.,1.));
#4676=DIRECTION('',(1.,0.,0.));
#4677=DIRECTION('',(0.,0.,-1.));
#4678=DIRECTION('',(1.,0.,0.));
#4679=DIRECTION('',(1.,0.,0.));
#4680=DIRECTION('',(0.,0.,-1.));
#4681=DIRECTION('',(1.,0.,0.));
#4682=DIRECTION('',(0.,1.,3.49148133884313E-15));
#4683=DIRECTION('',(0.,-3.49148133884313E-15,1.));
#4684=DIRECTION('',(0.,-1.,-3.58136459556502E-15));
#4685=DIRECTION('',(0.,3.58136459556502E-15,-1.));
#4686=DIRECTION('',(0.,1.,3.49148133884313E-15));
#4687=DIRECTION('',(0.,-1.,-3.58136459556502E-15));
#4688=DIRECTION('',(0.,3.58136459556502E-15,-1.));
#4689=DIRECTION('',(0.,1.,3.49148133884313E-15));
#4690=DIRECTION('',(0.,1.,3.49148133884313E-15));
#4691=DIRECTION('',(0.,-3.49148133884313E-15,1.));
#4692=DIRECTION('',(0.,-1.,-3.58136459556502E-15));
#4693=DIRECTION('',(0.,3.58136459556502E-15,-1.));
#4694=DIRECTION('',(0.,1.,3.49148133884313E-15));
#4695=DIRECTION('',(0.,-1.,-3.58136459556502E-15));
#4696=DIRECTION('',(0.,3.58136459556502E-15,-1.));
#4697=DIRECTION('',(0.,1.,3.49148133884313E-15));
#4698=DIRECTION('',(0.,-3.49148133884313E-15,1.));
#4699=DIRECTION('',(0.,-1.,-3.49148133884313E-15));
#4700=DIRECTION('',(1.,0.,0.));
#4701=DIRECTION('',(-1.,0.,0.));
#4702=DIRECTION('',(0.,-1.,-3.58136459556502E-15));
#4703=DIRECTION('',(0.,3.58136459556502E-15,-1.));
#4704=DIRECTION('',(0.,-1.,-3.58136459556502E-15));
#4705=DIRECTION('',(0.,3.58136459556502E-15,-1.));
#4706=DIRECTION('',(0.,-1.,-3.58136459556502E-15));
#4707=DIRECTION('',(0.,3.58136459556502E-15,-1.));
#4708=DIRECTION('',(0.,-1.,-3.58136459556502E-15));
#4709=DIRECTION('',(0.,3.58136459556502E-15,-1.));
#4710=DIRECTION('',(0.,-1.,-3.58136459556502E-15));
#4711=DIRECTION('',(0.,-3.58136459556502E-15,1.));
#4712=DIRECTION('',(0.,-1.,-3.58136459556502E-15));
#4713=DIRECTION('',(0.,-3.58136459556502E-15,1.));
#4714=DIRECTION('',(0.,-1.,-3.58136459556502E-15));
#4715=DIRECTION('',(0.,3.58136459556502E-15,-1.));
#4716=DIRECTION('',(0.,-1.,-3.58136459556502E-15));
#4717=DIRECTION('',(0.,-3.58136459556502E-15,1.));
#4718=DIRECTION('',(0.,-1.,-3.58136459556502E-15));
#4719=DIRECTION('',(0.,-3.58136459556502E-15,1.));
#4720=DIRECTION('',(0.,-1.,-3.58136459556502E-15));
#4721=DIRECTION('',(0.,3.58136459556502E-15,-1.));
#4722=DIRECTION('',(0.,-1.,-3.58136459556502E-15));
#4723=DIRECTION('',(0.,3.58136459556502E-15,-1.));
#4724=DIRECTION('',(0.,-1.,-3.58136459556502E-15));
#4725=DIRECTION('',(0.,3.58136459556502E-15,-1.));
#4726=DIRECTION('',(0.,-1.,-3.58136459556502E-15));
#4727=DIRECTION('',(0.,3.58136459556502E-15,-1.));
#4728=DIRECTION('',(0.,-1.,-3.58136459556502E-15));
#4729=DIRECTION('',(0.,3.58136459556502E-15,-1.));
#4730=DIRECTION('',(0.,-1.,-3.58136459556502E-15));
#4731=DIRECTION('',(0.,3.58136459556502E-15,-1.));
#4732=DIRECTION('',(0.,-1.,-3.58136459556502E-15));
#4733=DIRECTION('',(0.,3.58136459556502E-15,-1.));
#4734=DIRECTION('',(0.,-1.,-3.58136459556502E-15));
#4735=DIRECTION('',(0.,-3.58136459556502E-15,1.));
#4736=DIRECTION('',(0.,-1.,-3.58136459556502E-15));
#4737=DIRECTION('',(0.,-3.58136459556502E-15,1.));
#4738=DIRECTION('',(0.,-1.,-3.58136459556502E-15));
#4739=DIRECTION('',(0.,3.58136459556502E-15,-1.));
#4740=DIRECTION('',(0.,-1.,-3.58136459556502E-15));
#4741=DIRECTION('',(0.,-3.58136459556502E-15,1.));
#4742=DIRECTION('',(0.,-1.,-3.58136459556502E-15));
#4743=DIRECTION('',(0.,-3.58136459556502E-15,1.));
#4744=DIRECTION('',(0.,-1.,-3.58136459556502E-15));
#4745=DIRECTION('',(0.,3.58136459556502E-15,-1.));
#4746=DIRECTION('',(0.,-1.,-3.58136459556502E-15));
#4747=DIRECTION('',(0.,3.58136459556502E-15,-1.));
#4748=DIRECTION('',(0.,-1.,-3.58136459556502E-15));
#4749=DIRECTION('',(0.,3.58136459556502E-15,-1.));
#4750=DIRECTION('',(0.,-1.,-3.58136459556502E-15));
#4751=DIRECTION('',(0.,3.58136459556502E-15,-1.));
#4752=DIRECTION('',(0.,-3.58136459556502E-15,1.));
#4753=DIRECTION('',(0.,3.58136459556502E-15,-1.));
#4754=DIRECTION('',(-1.,0.,0.));
#4755=DIRECTION('',(0.,0.,1.));
#4756=DIRECTION('',(0.,-3.58136459556502E-15,1.));
#4757=DIRECTION('',(0.,-1.,-3.58136459556502E-15));
#4758=DIRECTION('',(0.,3.58136459556502E-15,-1.));
#4759=DIRECTION('',(0.,3.58136459556502E-15,-1.));
#4760=DIRECTION('',(1.,0.,0.));
#4761=DIRECTION('',(0.,0.,-1.));
#4762=DIRECTION('',(0.,1.,0.));
#4763=DIRECTION('',(0.,0.,1.));
#4764=DIRECTION('',(0.,1.,0.));
#4765=DIRECTION('',(0.,1.,0.));
#4766=DIRECTION('',(0.,0.,1.));
#4767=DIRECTION('',(0.,1.,0.));
#4768=DIRECTION('',(-3.49148133884313E-15,-1.,-1.13444793042836E-15));
#4769=DIRECTION('',(1.,-3.49148133884313E-15,3.49148133884313E-15));
#4770=DIRECTION('',(3.70074341541718E-15,1.,1.13444793042836E-15));
#4771=DIRECTION('',(-1.,3.70074341541719E-15,-3.49148133884313E-15));
#4772=DIRECTION('',(-3.49148133884313E-15,-1.,-1.13444793042836E-15));
#4773=DIRECTION('',(3.70074341541718E-15,1.,1.13444793042836E-15));
#4774=DIRECTION('',(-1.,3.70074341541719E-15,-3.49148133884313E-15));
#4775=DIRECTION('',(-3.49148133884313E-15,-1.,-1.13444793042836E-15));
#4776=DIRECTION('',(3.26018487537956E-15,1.13444793042835E-15,-1.));
#4777=DIRECTION('',(-1.,0.,-3.26018487537956E-15));
#4778=DIRECTION('',(1.,-3.70074341541719E-15,3.26018487537955E-15));
#4779=DIRECTION('',(-3.49148133884313E-15,-1.,-1.13444793042836E-15));
#4780=DIRECTION('',(1.,-3.70074341541719E-15,3.26018487537955E-15));
#4781=DIRECTION('',(3.70074341541718E-15,1.,1.19568027038571E-15));
#4782=DIRECTION('',(-3.49148133884313E-15,-1.,-1.13444793042836E-15));
#4783=DIRECTION('',(1.,-3.49148133884313E-15,3.49148133884313E-15));
#4784=DIRECTION('',(3.70074341541718E-15,1.,1.13444793042836E-15));
#4785=DIRECTION('',(-1.,3.70074341541719E-15,-3.49148133884313E-15));
#4786=DIRECTION('',(3.70074341541718E-15,1.,1.13444793042836E-15));
#4787=DIRECTION('',(-1.,3.70074341541719E-15,-3.49148133884313E-15));
#4788=DIRECTION('',(-3.49148133884313E-15,-1.,-1.13444793042836E-15));
#4789=DIRECTION('',(-1.,3.49148133884313E-15,-3.30644416807227E-15));
#4790=DIRECTION('',(-3.30644416807227E-15,-1.13444793042835E-15,1.));
#4791=DIRECTION('',(3.30644416807227E-15,1.13444793042835E-15,-1.));
#4792=DIRECTION('',(3.30644416807227E-15,1.13444793042835E-15,-1.));
#4793=DIRECTION('',(-3.49148133884313E-15,-1.13444793042835E-15,1.));
#4794=DIRECTION('',(1.,0.,3.49148133884313E-15));
#4795=DIRECTION('',(-1.,3.70074341541719E-15,-3.49148133884313E-15));
#4796=DIRECTION('',(-1.,3.70074341541719E-15,-3.49148133884313E-15));
#4797=DIRECTION('',(3.70074341541718E-15,1.,1.19568027038571E-15));
#4798=DIRECTION('',(-3.10094386892998E-16,-0.173648177666927,-0.984807753012209));
#4799=DIRECTION('',(-0.984807753012208,-0.171010071662834,0.0301536896070455));
#4800=DIRECTION('',(3.44122982099538E-16,0.173648177666927,0.984807753012209));
#4801=DIRECTION('',(0.984807753012208,0.171010071662834,-0.0301536896070455));
#4802=DIRECTION('',(-3.10094386892998E-16,-0.173648177666927,-0.984807753012209));
#4803=DIRECTION('',(3.44122982099538E-16,0.173648177666927,0.984807753012209));
#4804=DIRECTION('',(0.984807753012208,0.171010071662834,-0.0301536896070455));
#4805=DIRECTION('',(-3.10094386892998E-16,-0.173648177666927,-0.984807753012209));
#4806=DIRECTION('',(-2.52142408932658E-15,-0.984807753012209,0.173648177666927));
#4807=DIRECTION('',(8.41186288550028E-18,-0.173648177666927,-0.984807753012209));
#4808=DIRECTION('',(-1.,2.54211936205649E-15,-8.30712109049199E-17));
#4809=DIRECTION('',(-3.10094386893E-16,-0.173648177666927,-0.984807753012209));
#4810=DIRECTION('',(1.,-2.54211936205649E-15,8.30712109049199E-17));
#4811=DIRECTION('',(3.463181113178E-16,0.173648177666927,0.984807753012209));
#4812=DIRECTION('',(-3.10094386892998E-16,-0.173648177666927,-0.984807753012209));
#4813=DIRECTION('',(-0.984807753012208,-0.171010071662834,0.0301536896070455));
#4814=DIRECTION('',(3.44122982099538E-16,0.173648177666927,0.984807753012209));
#4815=DIRECTION('',(0.984807753012208,0.171010071662834,-0.0301536896070455));
#4816=DIRECTION('',(3.44122982099538E-16,0.173648177666927,0.984807753012209));
#4817=DIRECTION('',(0.984807753012208,0.171010071662834,-0.0301536896070455));
#4818=DIRECTION('',(-3.10094386892998E-16,-0.173648177666927,-0.984807753012209));
#4819=DIRECTION('',(1.,4.63630517167062E-16,-3.98076750683008E-16));
#4820=DIRECTION('',(-4.12000342538827E-16,1.,3.66373598126302E-15));
#4821=DIRECTION('',(-5.03933652776972E-16,0.984807753012209,-0.173648177666928));
#4822=DIRECTION('',(5.03933652776972E-16,-0.984807753012209,0.173648177666928));
#4823=DIRECTION('',(5.1830990217491E-16,0.173648177666927,0.984807753012209));
#4824=DIRECTION('',(3.72358042418993E-15,-0.984807753012209,0.173648177666927));
#4825=DIRECTION('',(5.19712869043711E-16,0.173648177666927,0.984807753012209));
#4826=DIRECTION('',(3.72358042418993E-15,-0.984807753012209,0.173648177666927));
#4827=DIRECTION('',(5.19712869043711E-16,0.173648177666927,0.984807753012209));
#4828=DIRECTION('',(3.72358042418993E-15,-0.984807753012209,0.173648177666927));
#4829=DIRECTION('',(5.1830990217491E-16,0.173648177666927,0.984807753012209));
#4830=DIRECTION('',(3.72358042418993E-15,-0.984807753012209,0.173648177666927));
#4831=DIRECTION('',(5.19712869043711E-16,0.173648177666927,0.984807753012209));
#4832=DIRECTION('',(3.72358042418993E-15,-0.984807753012209,0.173648177666927));
#4833=DIRECTION('',(5.19712869043711E-16,0.173648177666927,0.984807753012209));
#4834=DIRECTION('',(3.72358042418993E-15,-0.984807753012209,0.173648177666927));
#4835=DIRECTION('',(5.1830990217491E-16,0.173648177666927,0.984807753012209));
#4836=DIRECTION('',(3.72358042418993E-15,-0.984807753012209,0.173648177666927));
#4837=DIRECTION('',(5.19712869043711E-16,0.173648177666927,0.984807753012209));
#4838=DIRECTION('',(3.72358042418993E-15,-0.984807753012209,0.173648177666927));
#4839=DIRECTION('',(5.19712869043711E-16,0.173648177666927,0.984807753012209));
#4840=DIRECTION('',(3.72358042418993E-15,-0.984807753012209,0.173648177666927));
#4841=DIRECTION('',(-1.69742340424902E-15,0.984807753012209,-0.173648177666927));
#4842=DIRECTION('',(-8.41186288550028E-18,0.173648177666927,0.984807753012209));
#4843=DIRECTION('',(-1.,-1.64897255590348E-15,6.52451542909235E-16));
#4844=DIRECTION('',(1.,1.64897255590348E-15,-6.52451542909235E-16));
#4845=DIRECTION('',(3.463181113178E-16,0.173648177666927,0.984807753012209));
#4846=DIRECTION('',(3.44122982099538E-16,0.173648177666928,0.984807753012209));
#4847=DIRECTION('',(3.72358042418993E-15,-0.984807753012209,0.173648177666928));
#4848=DIRECTION('',(-5.03933652776972E-16,0.984807753012209,-0.173648177666928));
#4849=DIRECTION('',(3.70074341541718E-15,1.,1.13444793042836E-15));
#4850=DIRECTION('',(-1.,3.70074341541718E-15,1.13444793042836E-15));
#4851=DIRECTION('',(3.70074341541718E-15,1.,1.13444793042836E-15));
#4852=DIRECTION('',(-1.,3.70074341541718E-15,0.));
#4853=DIRECTION('',(3.70074341541718E-15,1.,1.13444793042836E-15));
#4854=DIRECTION('',(-1.,3.70074341541718E-15,0.));
#4855=DIRECTION('',(3.44522204615041E-15,1.13444793042835E-15,-1.));
#4856=DIRECTION('',(-3.49148133884313E-15,0.,1.));
#4857=DIRECTION('',(1.,0.,3.49148133884313E-15));
#4858=DIRECTION('',(4.62592926927148E-15,0.,-1.));
#4859=DIRECTION('',(-1.,0.,-4.62592926927148E-15));
#4860=DIRECTION('',(1.,0.,4.62592926927148E-15));
#4861=DIRECTION('',(3.49148133884313E-15,0.,-1.));
#4862=DIRECTION('',(-1.,0.,-3.49148133884313E-15));
#4863=DIRECTION('',(3.70074341541718E-15,1.,1.13444793042836E-15));
#4864=DIRECTION('',(-1.,3.70074341541718E-15,1.13444793042836E-15));
#4865=DIRECTION('',(3.70074341541718E-15,1.,1.13444793042836E-15));
#4866=DIRECTION('',(-1.,3.70074341541718E-15,0.));
#4867=DIRECTION('',(3.70074341541718E-15,1.,1.13444793042836E-15));
#4868=DIRECTION('',(-1.,3.70074341541718E-15,0.));
#4869=DIRECTION('',(3.44522204615042E-15,2.24467095505351E-15,-1.));
#4870=DIRECTION('',(3.49148133884313E-15,0.,-1.));
#4871=DIRECTION('',(-1.,0.,-3.49148133884313E-15));
#4872=DIRECTION('',(4.62592926927148E-15,0.,-1.));
#4873=DIRECTION('',(-1.,0.,-4.62592926927148E-15));
#4874=DIRECTION('',(-3.49148133884313E-15,0.,1.));
#4875=DIRECTION('',(1.,0.,3.49148133884313E-15));
#4876=DIRECTION('',(1.,0.,4.62592926927156E-15));
#4877=DIRECTION('',(1.19858345894908E-15,-0.984807753012208,0.173648177666931));
#4878=DIRECTION('',(-3.43843789199016E-15,0.173648177666931,0.984807753012208));
#4879=DIRECTION('',(4.34695159861193E-15,0.984807753012208,-0.17364817766693));
#4880=DIRECTION('',(3.43843789199016E-15,-0.17364817766693,-0.984807753012208));
#4881=DIRECTION('',(1.,-6.14205029863197E-15,-9.80020163606862E-15));
#4882=DIRECTION('',(-1.19858345894908E-15,0.984807753012208,-0.173648177666931));
#4883=DIRECTION('',(3.43843789199016E-15,-0.173648177666931,-0.984807753012208));
#4884=DIRECTION('',(3.44122982099538E-16,0.173648177666928,0.984807753012209));
#4885=DIRECTION('',(3.72358042418993E-15,-0.984807753012209,0.173648177666928));
#4886=DIRECTION('',(-5.03933652776972E-16,0.984807753012209,-0.173648177666928));
#4887=DIRECTION('',(-9.44032389254958E-15,0.984807753012203,-0.173648177666957));
#4888=DIRECTION('',(3.43843789199015E-15,-0.173648177666957,-0.984807753012203));
#4889=DIRECTION('',(4.34695159861193E-15,0.984807753012208,-0.17364817766693));
#4890=DIRECTION('',(3.43843789199016E-15,-0.17364817766693,-0.984807753012208));
#4891=DIRECTION('',(9.44032389254958E-15,-0.984807753012203,0.173648177666957));
#4892=DIRECTION('',(-3.43843789199015E-15,0.173648177666957,0.984807753012203));
#4893=DIRECTION('',(1.,-9.25185853854283E-15,-9.25185853854283E-15));
#4894=DIRECTION('',(4.34695159861193E-15,0.984807753012208,-0.17364817766693));
#4895=DIRECTION('',(3.43843789199016E-15,-0.17364817766693,-0.984807753012208));
#4896=DIRECTION('',(-4.34695159861193E-15,-0.984807753012208,0.17364817766693));
#4897=DIRECTION('',(4.62592926927148E-15,0.,-1.));
#4898=DIRECTION('',(-1.,0.,-4.62592926927148E-15));
#4899=DIRECTION('',(-4.62592926927148E-15,0.,1.));
#4900=DIRECTION('',(-1.,0.,-3.39190141383284E-15));
#4901=DIRECTION('',(-3.39190141383284E-15,0.,1.));
#4902=DIRECTION('',(1.,0.,3.49148133884313E-15));
#4903=DIRECTION('',(3.49148133884313E-15,0.,-1.));
#4904=DIRECTION('',(1.,0.,3.39190141383284E-15));
#4905=DIRECTION('',(1.,0.,3.49148133884313E-15));
#4906=DIRECTION('',(3.49148133884313E-15,0.,-1.));
#4907=DIRECTION('',(1.,0.,3.39190141383284E-15));
#4908=DIRECTION('',(3.39190141383284E-15,0.,-1.));
#4909=DIRECTION('',(-1.,0.,-3.39190141383284E-15));
#4910=DIRECTION('',(0.,1.,0.));
#4911=DIRECTION('',(0.,1.,0.));
#4912=DIRECTION('',(4.62592926927148E-15,0.,-1.));
#4913=DIRECTION('',(-1.,0.,-4.62592926927148E-15));
#4914=DIRECTION('',(-4.62592926927148E-15,0.,1.));
#4915=DIRECTION('',(-3.39190141383284E-15,0.,1.));
#4916=DIRECTION('',(1.,0.,3.39190141383284E-15));
#4917=DIRECTION('',(0.,-1.,0.));
#4918=DIRECTION('',(1.,0.,3.39190141383284E-15));
#4919=DIRECTION('',(0.,-1.,0.));
#4920=DIRECTION('',(-1.,0.,-3.39190141383284E-15));
#4921=DIRECTION('',(-3.39190141383284E-15,0.,1.));
#4922=DIRECTION('',(1.,0.,3.49148133884313E-15));
#4923=DIRECTION('',(3.49148133884313E-15,0.,-1.));
#4924=DIRECTION('',(1.,0.,3.39190141383284E-15));
#4925=DIRECTION('',(1.,0.,3.49148133884313E-15));
#4926=DIRECTION('',(3.49148133884313E-15,0.,-1.));
#4927=DIRECTION('',(0.,1.,0.));
#4928=DIRECTION('',(0.,0.,1.));
#4929=DIRECTION('',(-3.49148133884313E-15,0.,1.));
#4930=DIRECTION('',(-4.62592926927148E-15,0.,1.));
#4931=DIRECTION('',(1.,0.,3.39190141383284E-15));
#4932=DIRECTION('',(1.,0.,3.39190141383284E-15));
#4933=DIRECTION('',(3.39190141383284E-15,0.,-1.));
#4934=DIRECTION('',(1.,0.,3.49148133884313E-15));
#4935=DIRECTION('',(3.49148133884313E-15,0.,-1.));
#4936=DIRECTION('',(1.,4.67872603552948E-17,3.4246622062258E-15));
#4937=DIRECTION('',(1.,0.,3.49148133884313E-15));
#4938=DIRECTION('',(3.49148133884313E-15,0.,-1.));
#4939=DIRECTION('',(2.00263142391982E-15,-0.819152044288993,-0.573576436351045));
#4940=DIRECTION('',(0.,0.573576436351045,-0.819152044288993));
#4941=DIRECTION('',(2.85096301616424E-15,0.573576436351045,-0.819152044288993));
#4942=DIRECTION('',(2.86005407631022E-15,0.573576436351045,-0.819152044288993));
#4943=DIRECTION('',(-1.,-4.67872603552949E-17,-3.4246622062258E-15));
#4944=DIRECTION('',(-1.,2.15236006517029E-32,-3.39190141383284E-15));
#4945=DIRECTION('',(-3.39190141383284E-15,0.,1.));
#4946=DIRECTION('',(1.,0.,3.49148133884313E-15));
#4947=DIRECTION('',(3.49148133884313E-15,0.,-1.));
#4948=DIRECTION('',(1.,0.,3.39190141383284E-15));
#4949=DIRECTION('',(1.,0.,3.49148133884313E-15));
#4950=DIRECTION('',(3.49148133884313E-15,0.,-1.));
#4951=DIRECTION('',(-3.34037080979565E-15,0.173648177666925,0.984807753012209));
#4952=DIRECTION('',(0.,-0.984807753012209,0.173648177666925));
#4953=DIRECTION('',(0.,-0.984807753012209,0.173648177666925));
#4954=DIRECTION('',(1.,5.94893791793867E-32,3.39190141383284E-15));
#4955=DIRECTION('',(-6.06289371848187E-16,-0.984807753012209,0.173648177666925));
#4956=DIRECTION('',(-1.,-5.8548270309372E-32,-3.39190141383284E-15));
#4957=DIRECTION('',(-3.39190141383284E-15,0.,1.));
#4958=DIRECTION('',(1.,0.,3.49148133884313E-15));
#4959=DIRECTION('',(3.49148133884313E-15,0.,-1.));
#4960=DIRECTION('',(1.,6.06418346249428E-32,3.39190141383284E-15));
#4961=DIRECTION('',(1.,0.,3.49148133884313E-15));
#4962=DIRECTION('',(3.49148133884313E-15,0.,-1.));
#4963=DIRECTION('',(5.88997499337976E-16,0.984807753012207,-0.173648177666936));
#4964=DIRECTION('',(0.,0.173648177666936,0.984807753012207));
#4965=DIRECTION('',(-3.43843789199016E-15,0.173648177666936,0.984807753012207));
#4966=DIRECTION('',(0.,0.173648177666936,0.984807753012207));
#4967=DIRECTION('',(4.34695159861193E-15,0.984807753012208,-0.17364817766693));
#4968=DIRECTION('',(3.43843789199016E-15,-0.17364817766693,-0.984807753012208));
#4969=DIRECTION('',(-4.34695159861193E-15,-0.984807753012208,0.17364817766693));
#4970=DIRECTION('',(-5.8899749933796E-16,-0.984807753012208,0.173648177666931));
#4971=DIRECTION('',(0.,-0.173648177666931,-0.984807753012208));
#4972=DIRECTION('',(0.,-0.173648177666931,-0.984807753012208));
#4973=DIRECTION('',(1.,4.21997218842594E-32,3.39190141383284E-15));
#4974=DIRECTION('',(3.43843789199016E-15,-0.173648177666931,-0.984807753012208));
#4975=DIRECTION('',(-1.,-4.22465366096935E-32,-3.39190141383284E-15));
#4976=DIRECTION('',(-3.39190141383284E-15,0.,1.));
#4977=DIRECTION('',(1.,0.,3.49148133884313E-15));
#4978=DIRECTION('',(3.49148133884313E-15,0.,-1.));
#4979=DIRECTION('',(1.,4.62691333907278E-32,3.39190141383284E-15));
#4980=DIRECTION('',(1.,0.,3.49148133884313E-15));
#4981=DIRECTION('',(3.49148133884313E-15,0.,-1.));
#4982=DIRECTION('',(-3.34037080979565E-15,0.173648177666926,0.984807753012209));
#4983=DIRECTION('',(0.,-0.984807753012209,0.173648177666926));
#4984=DIRECTION('',(-6.0628937184819E-16,-0.984807753012209,0.173648177666926));
#4985=DIRECTION('',(0.,-0.984807753012209,0.173648177666926));
#4986=DIRECTION('',(1.,0.,3.39190141383284E-15));
#4987=DIRECTION('',(1.,-8.10129798310896E-32,3.39190141383284E-15));
#4988=DIRECTION('',(3.39190141383284E-15,0.,-1.));
#4989=DIRECTION('',(1.,0.,3.49148133884313E-15));
#4990=DIRECTION('',(3.49148133884313E-15,0.,-1.));
#4991=DIRECTION('',(-1.,4.67872603552947E-17,-3.45872054645018E-15));
#4992=DIRECTION('',(1.,0.,3.49148133884313E-15));
#4993=DIRECTION('',(3.49148133884313E-15,0.,-1.));
#4994=DIRECTION('',(-2.86005407631023E-15,-0.573576436351042,0.819152044288995));
#4995=DIRECTION('',(0.,-0.819152044288995,-0.573576436351042));
#4996=DIRECTION('',(1.99626579507527E-15,-0.819152044288995,-0.573576436351042));
#4997=DIRECTION('',(2.00263142391981E-15,-0.819152044288995,-0.573576436351042));
#4998=DIRECTION('',(1.,0.,3.49148133884313E-15));
#4999=DIRECTION('',(-1.,0.,-3.49148133884313E-15));
#5000=DIRECTION('',(-3.49148133884313E-15,0.,1.));
#5001=DIRECTION('',(1.,0.,3.49148133884313E-15));
#5002=DIRECTION('',(3.49148133884313E-15,0.,-1.));
#5003=DIRECTION('',(1.,0.,3.49148133884313E-15));
#5004=DIRECTION('',(1.,0.,3.49148133884313E-15));
#5005=DIRECTION('',(3.49148133884313E-15,0.,-1.));
#5006=DIRECTION('',(2.85023747972994E-31,1.,-8.16340459283203E-17));
#5007=DIRECTION('',(3.49148133884313E-15,-8.16340459283203E-17,-1.));
#5008=DIRECTION('',(-3.49148133884313E-15,8.16340459283203E-17,1.));
#5009=DIRECTION('',(-3.49148133884313E-15,8.16340459283203E-17,1.));
#5010=DIRECTION('',(-1.,0.,-3.39190141383284E-15));
#5011=DIRECTION('',(-3.39190141383284E-15,0.,1.));
#5012=DIRECTION('',(1.,0.,3.49148133884313E-15));
#5013=DIRECTION('',(3.49148133884313E-15,0.,-1.));
#5014=DIRECTION('',(-1.,4.97899625051479E-17,-3.44169137633799E-15));
#5015=DIRECTION('',(1.,0.,3.49148133884313E-15));
#5016=DIRECTION('',(3.49148133884313E-15,0.,-1.));
#5017=DIRECTION('',(1.,0.,3.39190141383284E-15));
#5018=DIRECTION('',(0.,1.,0.));
#5019=DIRECTION('',(0.,0.,1.));
#5020=DIRECTION('',(-4.62592926927149E-15,0.,1.));
#5021=DIRECTION('',(-3.49148133884313E-15,0.,1.));
#5022=DIRECTION('',(1.,0.,3.49148133884313E-15));
#5023=DIRECTION('',(3.49148133884313E-15,0.,-1.));
#5024=DIRECTION('',(1.,0.,3.49148133884313E-15));
#5025=DIRECTION('',(3.49148133884313E-15,0.,-1.));
#5026=DIRECTION('',(1.,0.,3.49148133884313E-15));
#5027=DIRECTION('',(3.49148133884313E-15,0.,-1.));
#5028=DIRECTION('',(1.,0.,3.49148133884313E-15));
#5029=DIRECTION('',(3.49148133884313E-15,0.,-1.));
#5030=DIRECTION('',(1.,0.,3.49148133884313E-15));
#5031=DIRECTION('',(3.49148133884313E-15,0.,-1.));
#5032=DIRECTION('',(1.,0.,3.49148133884313E-15));
#5033=DIRECTION('',(3.49148133884313E-15,0.,-1.));
#5034=DIRECTION('',(1.,0.,3.49148133884313E-15));
#5035=DIRECTION('',(3.49148133884313E-15,0.,-1.));
#5036=DIRECTION('',(1.,0.,3.49148133884313E-15));
#5037=DIRECTION('',(3.49148133884313E-15,0.,-1.));
#5038=DIRECTION('',(1.,0.,3.49148133884313E-15));
#5039=DIRECTION('',(3.49148133884313E-15,0.,-1.));
#5040=DIRECTION('',(1.,0.,3.49148133884313E-15));
#5041=DIRECTION('',(3.49148133884313E-15,0.,-1.));
#5042=DIRECTION('',(1.,0.,3.49148133884313E-15));
#5043=DIRECTION('',(3.49148133884313E-15,0.,-1.));
#5044=DIRECTION('',(1.,0.,3.49148133884313E-15));
#5045=DIRECTION('',(3.49148133884313E-15,0.,-1.));
#5046=DIRECTION('',(1.,0.,3.49148133884313E-15));
#5047=DIRECTION('',(3.49148133884313E-15,0.,-1.));
#5048=DIRECTION('',(1.,0.,3.49148133884313E-15));
#5049=DIRECTION('',(3.49148133884313E-15,0.,-1.));
#5050=DIRECTION('',(1.,0.,3.49148133884313E-15));
#5051=DIRECTION('',(3.49148133884313E-15,0.,-1.));
#5052=DIRECTION('',(1.,0.,3.49148133884313E-15));
#5053=DIRECTION('',(3.49148133884313E-15,0.,-1.));
#5054=DIRECTION('',(1.,0.,3.49148133884313E-15));
#5055=DIRECTION('',(3.49148133884313E-15,0.,-1.));
#5056=DIRECTION('',(1.,0.,3.49148133884313E-15));
#5057=DIRECTION('',(3.49148133884313E-15,0.,-1.));
#5058=DIRECTION('',(1.,0.,3.49148133884313E-15));
#5059=DIRECTION('',(3.49148133884313E-15,0.,-1.));
#5060=DIRECTION('',(1.,0.,3.49148133884313E-15));
#5061=DIRECTION('',(3.49148133884313E-15,0.,-1.));
#5062=DIRECTION('',(1.,0.,3.49148133884313E-15));
#5063=DIRECTION('',(3.49148133884313E-15,0.,-1.));
#5064=DIRECTION('',(1.,0.,3.49148133884313E-15));
#5065=DIRECTION('',(3.49148133884313E-15,0.,-1.));
#5066=DIRECTION('',(1.,0.,3.49148133884313E-15));
#5067=DIRECTION('',(3.49148133884313E-15,0.,-1.));
#5068=DIRECTION('',(1.,0.,3.49148133884313E-15));
#5069=DIRECTION('',(3.49148133884313E-15,0.,-1.));
#5070=DIRECTION('',(1.,0.,3.49148133884313E-15));
#5071=DIRECTION('',(3.49148133884313E-15,0.,-1.));
#5072=DIRECTION('',(1.,0.,3.49148133884313E-15));
#5073=DIRECTION('',(3.49148133884313E-15,0.,-1.));
#5074=DIRECTION('',(1.,0.,3.49148133884313E-15));
#5075=DIRECTION('',(3.49148133884313E-15,0.,-1.));
#5076=DIRECTION('',(1.,0.,3.49148133884313E-15));
#5077=DIRECTION('',(3.49148133884313E-15,0.,-1.));
#5078=DIRECTION('',(1.,0.,3.49148133884313E-15));
#5079=DIRECTION('',(3.49148133884313E-15,0.,-1.));
#5080=DIRECTION('',(1.,0.,3.49148133884313E-15));
#5081=DIRECTION('',(3.49148133884313E-15,0.,-1.));
#5082=DIRECTION('',(1.,0.,3.49148133884313E-15));
#5083=DIRECTION('',(3.49148133884313E-15,0.,-1.));
#5084=DIRECTION('',(1.,0.,3.49148133884313E-15));
#5085=DIRECTION('',(3.49148133884313E-15,0.,-1.));
#5086=DIRECTION('',(1.,0.,3.49148133884313E-15));
#5087=DIRECTION('',(3.49148133884313E-15,0.,-1.));
#5088=DIRECTION('',(1.,0.,3.49148133884313E-15));
#5089=DIRECTION('',(3.49148133884313E-15,0.,-1.));
#5090=DIRECTION('',(1.,0.,3.49148133884313E-15));
#5091=DIRECTION('',(3.49148133884313E-15,0.,-1.));
#5092=DIRECTION('',(1.,0.,3.49148133884313E-15));
#5093=DIRECTION('',(3.49148133884313E-15,0.,-1.));
#5094=DIRECTION('',(1.,0.,3.49148133884313E-15));
#5095=DIRECTION('',(3.49148133884313E-15,0.,-1.));
#5096=DIRECTION('',(1.,0.,3.49148133884313E-15));
#5097=DIRECTION('',(3.49148133884313E-15,0.,-1.));
#5098=DIRECTION('',(1.,0.,3.49148133884313E-15));
#5099=DIRECTION('',(3.49148133884313E-15,0.,-1.));
#5100=DIRECTION('',(1.,0.,3.49148133884313E-15));
#5101=DIRECTION('',(3.49148133884313E-15,0.,-1.));
#5102=DIRECTION('',(2.46885013108226E-15,-0.707106781186549,-0.707106781186546));
#5103=DIRECTION('',(-1.,0.,-3.49148133884313E-15));
#5104=DIRECTION('',(-3.49148133884313E-15,0.,1.));
#5105=DIRECTION('',(-1.,0.,-3.49148133884313E-15));
#5106=DIRECTION('',(-3.49148133884313E-15,0.,1.));
#5107=DIRECTION('',(-1.,0.,-3.49148133884313E-15));
#5108=DIRECTION('',(-3.49148133884313E-15,0.,1.));
#5109=DIRECTION('',(1.,0.,3.49148133884313E-15));
#5110=DIRECTION('',(3.49148133884313E-15,0.,-1.));
#5111=DIRECTION('',(2.46885013108226E-15,-0.707106781186549,-0.707106781186546));
#5112=DIRECTION('',(-2.46885013108227E-15,-0.707106781186546,0.707106781186549));
#5113=DIRECTION('',(-2.46885013108226E-15,0.707106781186549,0.707106781186546));
#5114=DIRECTION('',(1.48029736616685E-15,-1.,0.));
#5115=DIRECTION('',(1.,1.48029736616685E-15,0.));
#5116=DIRECTION('',(-1.48029736616685E-15,1.,-5.9542039566549E-16));
#5117=DIRECTION('',(1.48029736616685E-15,-1.,0.));
#5118=DIRECTION('',(1.,1.48029736616685E-15,0.));
#5119=DIRECTION('',(-1.48029736616685E-15,1.,-5.9542039566549E-16));
#5120=DIRECTION('',(3.49148133884313E-15,-1.,-1.13444793042838E-15));
#5121=DIRECTION('',(-1.,-3.49148133884314E-15,2.65881407037425E-15));
#5122=DIRECTION('',(-3.70074341541719E-15,1.,1.13444793042838E-15));
#5123=DIRECTION('',(1.,3.70074341541719E-15,-2.65881407037425E-15));
#5124=DIRECTION('',(3.49148133884313E-15,-1.,-1.13444793042838E-15));
#5125=DIRECTION('',(-3.70074341541719E-15,1.,1.13444793042838E-15));
#5126=DIRECTION('',(1.,3.70074341541719E-15,-2.65881407037425E-15));
#5127=DIRECTION('',(3.49148133884313E-15,-1.,-1.13444793042838E-15));
#5128=DIRECTION('',(-3.49148133884312E-15,1.13444793042836E-15,-1.));
#5129=DIRECTION('',(-1.,-2.95822839457879E-30,3.49148133884312E-15));
#5130=DIRECTION('',(1.,3.70074341541719E-15,-3.49148133884312E-15));
#5131=DIRECTION('',(3.49148133884313E-15,-1.,-1.13444793042838E-15));
#5132=DIRECTION('',(1.,3.70074341541719E-15,-3.49148133884312E-15));
#5133=DIRECTION('',(-3.70074341541719E-15,1.,1.19568027038573E-15));
#5134=DIRECTION('',(3.49148133884313E-15,-1.,-1.13444793042838E-15));
#5135=DIRECTION('',(-1.,-3.49148133884314E-15,2.65881407037425E-15));
#5136=DIRECTION('',(-3.70074341541719E-15,1.,1.13444793042838E-15));
#5137=DIRECTION('',(1.,3.70074341541719E-15,-2.65881407037425E-15));
#5138=DIRECTION('',(-3.70074341541719E-15,1.,1.13444793042838E-15));
#5139=DIRECTION('',(1.,3.70074341541719E-15,-2.65881407037425E-15));
#5140=DIRECTION('',(3.49148133884313E-15,-1.,-1.13444793042838E-15));
#5141=DIRECTION('',(-1.,-3.49148133884314E-15,3.30644416807226E-15));
#5142=DIRECTION('',(3.30644416807226E-15,-1.13444793042836E-15,1.));
#5143=DIRECTION('',(-3.30644416807226E-15,1.13444793042836E-15,-1.));
#5144=DIRECTION('',(-3.30644416807226E-15,1.13444793042836E-15,-1.));
#5145=DIRECTION('',(3.26018487537955E-15,-1.13444793042836E-15,1.));
#5146=DIRECTION('',(1.,2.95822839457879E-30,-3.26018487537954E-15));
#5147=DIRECTION('',(-1.,-3.70074341541719E-15,3.26018487537954E-15));
#5148=DIRECTION('',(-1.,-3.70074341541719E-15,3.26018487537954E-15));
#5149=DIRECTION('',(-3.70074341541719E-15,1.,1.19568027038573E-15));
#5150=DIRECTION('',(3.10094386892994E-16,-0.173648177666929,-0.984807753012208));
#5151=DIRECTION('',(-0.984807753012209,0.17101007166283,-0.030153689607045));
#5152=DIRECTION('',(-3.51156651700443E-16,0.173648177666929,0.984807753012208));
#5153=DIRECTION('',(0.984807753012209,-0.17101007166283,0.030153689607045));
#5154=DIRECTION('',(3.10094386892994E-16,-0.173648177666929,-0.984807753012208));
#5155=DIRECTION('',(-3.51156651700443E-16,0.173648177666929,0.984807753012208));
#5156=DIRECTION('',(0.984807753012209,-0.17101007166283,0.030153689607045));
#5157=DIRECTION('',(3.10094386892994E-16,-0.173648177666929,-0.984807753012208));
#5158=DIRECTION('',(-2.95126232515595E-16,-0.984807753012208,0.173648177666929));
#5159=DIRECTION('',(-1.37819328459629E-18,-0.173648177666929,-0.984807753012208));
#5160=DIRECTION('',(1.,-1.85556041426542E-16,3.92366890334839E-16));
#5161=DIRECTION('',(3.10094386892994E-16,-0.173648177666929,-0.984807753012208));
#5162=DIRECTION('',(-1.,1.85556041426542E-16,-3.92366890334839E-16));
#5163=DIRECTION('',(-3.53351780918702E-16,0.173648177666929,0.984807753012208));
#5164=DIRECTION('',(3.10094386892994E-16,-0.173648177666929,-0.984807753012208));
#5165=DIRECTION('',(-0.984807753012209,0.17101007166283,-0.030153689607045));
#5166=DIRECTION('',(-3.51156651700443E-16,0.173648177666929,0.984807753012208));
#5167=DIRECTION('',(0.984807753012209,-0.17101007166283,0.030153689607045));
#5168=DIRECTION('',(-3.51156651700443E-16,0.173648177666929,0.984807753012208));
#5169=DIRECTION('',(0.984807753012209,-0.17101007166283,0.030153689607045));
#5170=DIRECTION('',(3.10094386892994E-16,-0.173648177666929,-0.984807753012208));
#5171=DIRECTION('',(1.,9.72030421694248E-16,1.34522651156654E-16));
#5172=DIRECTION('',(-9.85030296781149E-16,1.,2.23894976632742E-15));
#5173=DIRECTION('',(9.26119094572078E-16,-0.984807753012208,0.173648177666929));
#5174=DIRECTION('',(-9.26119094572078E-16,0.984807753012208,-0.173648177666929));
#5175=DIRECTION('',(5.34026645708335E-16,0.173648177666928,0.984807753012208));
#5176=DIRECTION('',(-2.32128325245651E-15,-0.984807753012208,0.173648177666928));
#5177=DIRECTION('',(5.29206940582584E-16,0.173648177666928,0.984807753012208));
#5178=DIRECTION('',(2.32128325245651E-15,0.984807753012208,-0.173648177666928));
#5179=DIRECTION('',(5.29206940582584E-16,0.173648177666928,0.984807753012208));
#5180=DIRECTION('',(2.32128325245651E-15,0.984807753012208,-0.173648177666928));
#5181=DIRECTION('',(5.34026645708335E-16,0.173648177666928,0.984807753012208));
#5182=DIRECTION('',(-2.32128325245651E-15,-0.984807753012208,0.173648177666928));
#5183=DIRECTION('',(5.29206940582584E-16,0.173648177666928,0.984807753012208));
#5184=DIRECTION('',(2.32128325245651E-15,0.984807753012208,-0.173648177666928));
#5185=DIRECTION('',(5.29206940582584E-16,0.173648177666928,0.984807753012208));
#5186=DIRECTION('',(2.32128325245651E-15,0.984807753012208,-0.173648177666928));
#5187=DIRECTION('',(5.34026645708335E-16,0.173648177666928,0.984807753012208));
#5188=DIRECTION('',(-2.32128325245651E-15,-0.984807753012208,0.173648177666928));
#5189=DIRECTION('',(5.29206940582584E-16,0.173648177666928,0.984807753012208));
#5190=DIRECTION('',(2.32128325245651E-15,0.984807753012208,-0.173648177666928));
#5191=DIRECTION('',(5.29206940582584E-16,0.173648177666928,0.984807753012208));
#5192=DIRECTION('',(2.32128325245651E-15,0.984807753012208,-0.173648177666928));
#5193=DIRECTION('',(-4.45107719775695E-15,0.984807753012208,-0.173648177666929));
#5194=DIRECTION('',(1.37819328459629E-18,0.173648177666929,0.984807753012208));
#5195=DIRECTION('',(1.,4.47738066199911E-15,-4.2642259032622E-16));
#5196=DIRECTION('',(-1.,-4.47738066199911E-15,4.2642259032622E-16));
#5197=DIRECTION('',(-3.53351780918702E-16,0.173648177666929,0.984807753012208));
#5198=DIRECTION('',(-3.51156651700443E-16,0.173648177666929,0.984807753012208));
#5199=DIRECTION('',(-2.29352767684088E-15,-0.984807753012209,0.173648177666929));
#5200=DIRECTION('',(9.26119094572078E-16,-0.984807753012208,0.173648177666929));
#5201=DIRECTION('',(-3.70074341541719E-15,1.,1.13444793042838E-15));
#5202=DIRECTION('',(1.,3.70074341541718E-15,1.13444793042837E-15));
#5203=DIRECTION('',(3.70074341541718E-15,1.,1.13444793042836E-15));
#5204=DIRECTION('',(1.,-3.70074341541718E-15,0.));
#5205=DIRECTION('',(3.70074341541718E-15,1.,1.13444793042836E-15));
#5206=DIRECTION('',(1.,-3.70074341541718E-15,0.));
#5207=DIRECTION('',(3.4452220461504E-15,-1.13444793042836E-15,1.));
#5208=DIRECTION('',(-3.49148133884313E-15,-1.48029736616685E-15,-1.));
#5209=DIRECTION('',(-1.,-1.48029736616685E-15,3.49148133884313E-15));
#5210=DIRECTION('',(4.62592926927149E-15,2.31296463463575E-15,1.));
#5211=DIRECTION('',(1.,1.48029736616685E-15,-4.6259292692715E-15));
#5212=DIRECTION('',(-1.,-1.85037170770849E-14,4.62592926927154E-15));
#5213=DIRECTION('',(3.49148133884313E-15,1.48029736616685E-15,1.));
#5214=DIRECTION('',(1.,1.48029736616685E-15,-3.49148133884313E-15));
#5215=DIRECTION('',(-3.70074341541719E-15,1.,1.13444793042838E-15));
#5216=DIRECTION('',(1.,3.70074341541718E-15,1.13444793042837E-15));
#5217=DIRECTION('',(3.70074341541718E-15,1.,1.13444793042836E-15));
#5218=DIRECTION('',(1.,-3.70074341541718E-15,0.));
#5219=DIRECTION('',(3.70074341541718E-15,1.,1.13444793042836E-15));
#5220=DIRECTION('',(1.,-3.70074341541718E-15,0.));
#5221=DIRECTION('',(3.44522204615041E-15,-2.24467095505352E-15,1.));
#5222=DIRECTION('',(3.49148133884313E-15,1.48029736616685E-15,1.));
#5223=DIRECTION('',(1.,1.48029736616685E-15,-3.49148133884313E-15));
#5224=DIRECTION('',(4.62592926927149E-15,2.31296463463575E-15,1.));
#5225=DIRECTION('',(1.,1.48029736616685E-15,-4.6259292692715E-15));
#5226=DIRECTION('',(-3.49148133884313E-15,-1.48029736616685E-15,-1.));
#5227=DIRECTION('',(-1.,-1.48029736616685E-15,3.49148133884313E-15));
#5228=DIRECTION('',(-1.,-2.00456935001752E-14,4.62592926927123E-15));
#5229=DIRECTION('',(6.41145727677612E-14,0.984807753012208,-0.173648177666933));
#5230=DIRECTION('',(3.18138695195013E-15,0.173648177666933,0.984807753012208));
#5231=DIRECTION('',(4.346951598612E-15,-0.984807753012208,0.173648177666929));
#5232=DIRECTION('',(-3.18138695195014E-15,-0.173648177666929,-0.984807753012208));
#5233=DIRECTION('',(-1.,2.11747674814582E-15,3.70419039429638E-14));
#5234=DIRECTION('',(-6.41145727677612E-14,-0.984807753012208,0.173648177666933));
#5235=DIRECTION('',(-3.18138695195013E-15,-0.173648177666933,-0.984807753012208));
#5236=DIRECTION('',(-3.51156651700443E-16,0.173648177666929,0.984807753012208));
#5237=DIRECTION('',(-2.29352767684088E-15,-0.984807753012209,0.173648177666929));
#5238=DIRECTION('',(9.26119094572078E-16,-0.984807753012208,0.173648177666929));
#5239=DIRECTION('',(2.06409769481261E-15,-0.984807753012222,0.173648177666852));
#5240=DIRECTION('',(-3.1813869519503E-15,-0.173648177666852,-0.984807753012222));
#5241=DIRECTION('',(4.346951598612E-15,-0.984807753012208,0.173648177666929));
#5242=DIRECTION('',(-3.18138695195014E-15,-0.173648177666929,-0.984807753012208));
#5243=DIRECTION('',(-2.06409769481261E-15,0.984807753012222,-0.173648177666852));
#5244=DIRECTION('',(3.1813869519503E-15,0.173648177666852,0.984807753012222));
#5245=DIRECTION('',(-1.,1.97215226305253E-31,3.23815048849022E-14));
#5246=DIRECTION('',(4.346951598612E-15,-0.984807753012208,0.173648177666929));
#5247=DIRECTION('',(-3.18138695195014E-15,-0.173648177666929,-0.984807753012208));
#5248=DIRECTION('',(-4.346951598612E-15,0.984807753012208,-0.173648177666929));
#5249=DIRECTION('',(4.62592926927149E-15,2.31296463463575E-15,1.));
#5250=DIRECTION('',(1.,1.48029736616685E-15,-4.6259292692715E-15));
#5251=DIRECTION('',(-4.62592926927149E-15,-2.31296463463575E-15,-1.));
#5252=DIRECTION('',(1.,1.48029736616685E-15,-3.39190141383284E-15));
#5253=DIRECTION('',(-3.39190141383284E-15,-1.48029736616685E-15,-1.));
#5254=DIRECTION('',(-1.,-1.48029736616685E-15,3.49148133884313E-15));
#5255=DIRECTION('',(-1.48029736616685E-15,1.,-1.48029736616685E-15));
#5256=DIRECTION('',(-1.,-1.48029736616685E-15,3.39190141383284E-15));
#5257=DIRECTION('',(-1.,-1.48029736616685E-15,3.49148133884313E-15));
#5258=DIRECTION('',(-1.48029736616685E-15,1.,-1.48029736616685E-15));
#5259=DIRECTION('',(1.,3.72113491378022E-15,-1.8228500710906E-15));
#5260=DIRECTION('',(-1.48029736616685E-15,1.,7.09974814698911E-30));
#5261=DIRECTION('',(-1.,-1.48029736616685E-15,0.));
#5262=DIRECTION('',(-4.62592926927148E-15,-1.01598473024491E-31,-1.));
#5263=DIRECTION('',(-1.,-1.48029736616685E-15,3.39190141383284E-15));
#5264=DIRECTION('',(-3.49148133884313E-15,1.57772181044202E-30,-1.));
#5265=DIRECTION('',(1.,1.48029736616685E-15,-3.39190141383284E-15));
#5266=DIRECTION('',(-3.39190141383284E-15,-1.48029736616685E-15,-1.));
#5267=DIRECTION('',(-1.,-1.48029736616685E-15,3.49148133884313E-15));
#5268=DIRECTION('',(-1.48029736616685E-15,1.,-1.48029736616685E-15));
#5269=DIRECTION('',(-1.,-1.48029736616685E-15,3.39190141383284E-15));
#5270=DIRECTION('',(-1.,-1.48029736616685E-15,3.49148133884313E-15));
#5271=DIRECTION('',(-1.48029736616685E-15,1.,-1.48029736616685E-15));
#5272=DIRECTION('',(3.39190141383284E-15,2.47022551894673E-31,1.));
#5273=DIRECTION('',(1.,-1.97215226305253E-31,-3.39190141383284E-15));
#5274=DIRECTION('',(-1.48029736616685E-15,1.,5.12759588393658E-30));
#5275=DIRECTION('',(-1.97215226305253E-31,1.,1.5638048033164E-31));
#5276=DIRECTION('',(4.62592926927149E-15,2.31296463463575E-15,1.));
#5277=DIRECTION('',(1.,1.48029736616685E-15,-4.6259292692715E-15));
#5278=DIRECTION('',(-4.62592926927149E-15,-2.31296463463575E-15,-1.));
#5279=DIRECTION('',(-3.39190141383284E-15,-1.15648231731787E-15,-1.));
#5280=DIRECTION('',(-1.,1.97215226305253E-31,3.39190141383284E-15));
#5281=DIRECTION('',(1.97215226305253E-31,-1.,1.15648231731787E-15));
#5282=DIRECTION('',(-1.,-1.48029736616685E-15,3.39190141383284E-15));
#5283=DIRECTION('',(1.48029736616685E-15,-1.,1.15648231731787E-15));
#5284=DIRECTION('',(1.,1.48029736616685E-15,-3.39190141383284E-15));
#5285=DIRECTION('',(-3.39190141383284E-15,-1.48029736616685E-15,-1.));
#5286=DIRECTION('',(-1.,-1.48029736616685E-15,3.49148133884313E-15));
#5287=DIRECTION('',(-1.48029736616685E-15,1.,-1.48029736616685E-15));
#5288=DIRECTION('',(-1.,-1.48029736616685E-15,3.39190141383284E-15));
#5289=DIRECTION('',(-1.,-1.48029736616685E-15,3.49148133884313E-15));
#5290=DIRECTION('',(-1.48029736616685E-15,1.,-1.48029736616685E-15));
#5291=DIRECTION('',(-1.48029736616685E-15,1.,7.09974814698911E-30));
#5292=DIRECTION('',(-1.,-1.48029736616685E-15,0.));
#5293=DIRECTION('',(-3.49148133884313E-15,1.57772181044202E-30,-1.));
#5294=DIRECTION('',(-4.62592926927149E-15,-1.01598473024499E-31,-1.));
#5295=DIRECTION('',(-1.,-1.48029736616685E-15,3.39190141383284E-15));
#5296=DIRECTION('',(-1.,-1.48029736616685E-15,3.39190141383284E-15));
#5297=DIRECTION('',(3.39190141383284E-15,1.48029736616685E-15,1.));
#5298=DIRECTION('',(-1.,-1.48029736616685E-15,3.49148133884313E-15));
#5299=DIRECTION('',(-1.48029736616685E-15,1.,-1.48029736616685E-15));
#5300=DIRECTION('',(-1.,-1.530087328672E-15,3.44169137633799E-15));
#5301=DIRECTION('',(-1.,-1.48029736616685E-15,3.49148133884313E-15));
#5302=DIRECTION('',(-1.48029736616685E-15,1.,-1.48029736616685E-15));
#5303=DIRECTION('',(-1.48029736616685E-15,1.,-1.56193141209517E-15));
#5304=DIRECTION('',(3.49148133884313E-15,1.56193141209517E-15,1.));
#5305=DIRECTION('',(-3.49148133884313E-15,-1.56193141209517E-15,-1.));
#5306=DIRECTION('',(1.,1.48029736616686E-15,4.52799671342514E-15));
#5307=DIRECTION('',(-3.49148133884313E-15,-1.56193141209517E-15,-1.));
#5308=DIRECTION('',(-1.,-1.48029736616686E-15,-4.52799671342514E-15));
#5309=DIRECTION('',(-4.52799671342514E-15,1.48029736616684E-15,1.));
#5310=DIRECTION('',(-1.,-1.48029736616685E-15,3.49148133884313E-15));
#5311=DIRECTION('',(-1.48029736616685E-15,1.,-1.48029736616685E-15));
#5312=DIRECTION('',(-1.,-1.48029736616685E-15,3.49148133884313E-15));
#5313=DIRECTION('',(-1.48029736616685E-15,1.,-1.48029736616685E-15));
#5314=DIRECTION('',(1.,1.48029736616686E-15,4.52799671342514E-15));
#5315=DIRECTION('',(-2.86005407631023E-15,-0.573576436351042,0.819152044288995));
#5316=DIRECTION('',(3.94430452610506E-31,-0.819152044288995,-0.573576436351042));
#5317=DIRECTION('',(7.9004281026862E-16,0.819152044288995,0.573576436351042));
#5318=DIRECTION('',(7.9004281026862E-16,0.819152044288995,0.573576436351042));
#5319=DIRECTION('',(-1.,2.24083754761336E-15,-1.92242999610092E-15));
#5320=DIRECTION('',(1.,1.48029736616685E-15,-3.39190141383284E-15));
#5321=DIRECTION('',(-3.39190141383283E-15,-1.48029736616685E-15,-1.));
#5322=DIRECTION('',(-1.,-1.48029736616685E-15,3.49148133884313E-15));
#5323=DIRECTION('',(-1.48029736616685E-15,1.,-1.48029736616685E-15));
#5324=DIRECTION('',(-1.,-1.48029736616685E-15,3.39190141383284E-15));
#5325=DIRECTION('',(-1.,-1.48029736616685E-15,3.49148133884313E-15));
#5326=DIRECTION('',(-1.48029736616685E-15,1.,-1.48029736616685E-15));
#5327=DIRECTION('',(3.08331986975563E-15,0.173648177666926,0.984807753012209));
#5328=DIRECTION('',(0.,-0.984807753012209,0.173648177666926));
#5329=DIRECTION('',(0.,0.984807753012209,-0.173648177666926));
#5330=DIRECTION('',(-1.,-1.48029736616685E-15,3.39190141383284E-15));
#5331=DIRECTION('',(-2.06409769481285E-15,0.984807753012209,-0.173648177666926));
#5332=DIRECTION('',(1.,1.48029736616685E-15,-3.39190141383284E-15));
#5333=DIRECTION('',(-3.39190141383283E-15,-1.48029736616685E-15,-1.));
#5334=DIRECTION('',(-1.,-1.48029736616685E-15,3.49148133884313E-15));
#5335=DIRECTION('',(-1.48029736616685E-15,1.,-1.48029736616685E-15));
#5336=DIRECTION('',(-1.,-1.48029736616685E-15,3.39190141383284E-15));
#5337=DIRECTION('',(-1.,-1.48029736616685E-15,3.49148133884313E-15));
#5338=DIRECTION('',(-1.48029736616685E-15,1.,-1.48029736616685E-15));
#5339=DIRECTION('',(2.04680582230262E-15,-0.984807753012208,0.173648177666931));
#5340=DIRECTION('',(3.94430452610506E-31,-0.173648177666931,-0.984807753012208));
#5341=DIRECTION('',(3.18138695195013E-15,0.173648177666931,0.984807753012208));
#5342=DIRECTION('',(-3.94430452610506E-31,0.173648177666931,0.984807753012208));
#5343=DIRECTION('',(4.346951598612E-15,-0.984807753012208,0.173648177666929));
#5344=DIRECTION('',(-3.18138695195014E-15,-0.173648177666929,-0.984807753012208));
#5345=DIRECTION('',(-4.346951598612E-15,0.984807753012208,-0.173648177666929));
#5346=DIRECTION('',(-2.04680582230264E-15,0.984807753012207,-0.173648177666936));
#5347=DIRECTION('',(-3.94430452610506E-31,0.173648177666936,0.984807753012207));
#5348=DIRECTION('',(0.,-0.173648177666936,-0.984807753012207));
#5349=DIRECTION('',(-1.,-1.48029736616685E-15,3.39190141383284E-15));
#5350=DIRECTION('',(-3.18138695195012E-15,-0.173648177666936,-0.984807753012207));
#5351=DIRECTION('',(1.,1.48029736616685E-15,-3.39190141383284E-15));
#5352=DIRECTION('',(-3.39190141383283E-15,-1.48029736616685E-15,-1.));
#5353=DIRECTION('',(-1.,-1.48029736616685E-15,3.49148133884313E-15));
#5354=DIRECTION('',(-1.48029736616685E-15,1.,-1.48029736616685E-15));
#5355=DIRECTION('',(-1.,-1.48029736616685E-15,3.39190141383284E-15));
#5356=DIRECTION('',(-1.,-1.48029736616685E-15,3.49148133884313E-15));
#5357=DIRECTION('',(-1.48029736616685E-15,1.,-1.48029736616685E-15));
#5358=DIRECTION('',(3.08331986975563E-15,0.173648177666925,0.984807753012209));
#5359=DIRECTION('',(0.,-0.984807753012209,0.173648177666925));
#5360=DIRECTION('',(-2.06409769481285E-15,0.984807753012209,-0.173648177666925));
#5361=DIRECTION('',(0.,0.984807753012209,-0.173648177666925));
#5362=DIRECTION('',(-1.,-1.48029736616685E-15,3.39190141383284E-15));
#5363=DIRECTION('',(-1.,-1.48029736616685E-15,3.39190141383284E-15));
#5364=DIRECTION('',(3.39190141383283E-15,1.48029736616685E-15,1.));
#5365=DIRECTION('',(-1.,-1.48029736616685E-15,3.49148133884313E-15));
#5366=DIRECTION('',(-1.48029736616685E-15,1.,-1.48029736616685E-15));
#5367=DIRECTION('',(-1.,-3.72113491378022E-15,1.8228500710906E-15));
#5368=DIRECTION('',(-1.,-1.48029736616685E-15,3.49148133884313E-15));
#5369=DIRECTION('',(-1.48029736616685E-15,1.,-1.48029736616685E-15));
#5370=DIRECTION('',(2.00263142391982E-15,-0.819152044288993,-0.573576436351045));
#5371=DIRECTION('',(7.88860905221012E-31,0.573576436351045,-0.819152044288993));
#5372=DIRECTION('',(3.70911776433604E-15,-0.573576436351045,0.819152044288993));
#5373=DIRECTION('',(3.70911776433604E-15,-0.573576436351045,0.819152044288993));
#5374=DIRECTION('',(1.,-1.97215226305253E-31,3.49148133884313E-15));
#5375=DIRECTION('',(3.49148133884313E-15,-1.15545734358027E-31,-1.));
#5376=DIRECTION('',(-1.,-1.48029736616685E-15,3.49148133884313E-15));
#5377=DIRECTION('',(3.49148133884313E-15,1.97215226305253E-31,1.));
#5378=DIRECTION('',(-1.,-1.48029736616685E-15,3.49148133884313E-15));
#5379=DIRECTION('',(3.49148133884313E-15,1.97215226305253E-31,1.));
#5380=DIRECTION('',(1.,-1.97215226305253E-31,3.49148133884313E-15));
#5381=DIRECTION('',(3.49148133884313E-15,-1.15545734358027E-31,-1.));
#5382=DIRECTION('',(-1.,-1.48029736616685E-15,3.49148133884313E-15));
#5383=DIRECTION('',(3.49148133884313E-15,1.97215226305253E-31,1.));
#5384=DIRECTION('',(-1.,-1.48029736616685E-15,3.49148133884313E-15));
#5385=DIRECTION('',(3.49148133884313E-15,1.97215226305253E-31,1.));
#5386=DIRECTION('',(1.,-1.97215226305253E-31,3.49148133884313E-15));
#5387=DIRECTION('',(3.49148133884313E-15,-1.15545734358027E-31,-1.));
#5388=DIRECTION('',(-1.,-1.48029736616685E-15,3.49148133884313E-15));
#5389=DIRECTION('',(3.49148133884313E-15,1.97215226305253E-31,1.));
#5390=DIRECTION('',(-1.,-1.48029736616685E-15,3.49148133884313E-15));
#5391=DIRECTION('',(3.49148133884313E-15,1.97215226305253E-31,1.));
#5392=DIRECTION('',(1.,-1.97215226305253E-31,3.49148133884313E-15));
#5393=DIRECTION('',(3.49148133884313E-15,-1.15545734358027E-31,-1.));
#5394=DIRECTION('',(-1.,-1.48029736616685E-15,3.49148133884313E-15));
#5395=DIRECTION('',(3.49148133884313E-15,1.97215226305253E-31,1.));
#5396=DIRECTION('',(-1.,-1.48029736616685E-15,3.49148133884313E-15));
#5397=DIRECTION('',(3.49148133884313E-15,1.97215226305253E-31,1.));
#5398=DIRECTION('',(1.,-1.97215226305253E-31,3.49148133884313E-15));
#5399=DIRECTION('',(3.49148133884313E-15,-1.15545734358027E-31,-1.));
#5400=DIRECTION('',(-1.,-1.48029736616685E-15,3.49148133884313E-15));
#5401=DIRECTION('',(3.49148133884313E-15,1.97215226305253E-31,1.));
#5402=DIRECTION('',(-1.,-1.48029736616685E-15,3.49148133884313E-15));
#5403=DIRECTION('',(3.49148133884313E-15,1.97215226305253E-31,1.));
#5404=DIRECTION('',(1.,-1.97215226305253E-31,3.49148133884313E-15));
#5405=DIRECTION('',(3.49148133884313E-15,-1.15545734358027E-31,-1.));
#5406=DIRECTION('',(-1.,-1.48029736616685E-15,3.49148133884313E-15));
#5407=DIRECTION('',(3.49148133884313E-15,1.97215226305253E-31,1.));
#5408=DIRECTION('',(-1.,-1.48029736616685E-15,3.49148133884313E-15));
#5409=DIRECTION('',(3.49148133884313E-15,1.97215226305253E-31,1.));
#5410=DIRECTION('',(1.,-1.97215226305253E-31,3.49148133884313E-15));
#5411=DIRECTION('',(3.49148133884313E-15,-1.15545734358027E-31,-1.));
#5412=DIRECTION('',(-1.,-1.48029736616685E-15,3.49148133884313E-15));
#5413=DIRECTION('',(3.49148133884313E-15,1.97215226305253E-31,1.));
#5414=DIRECTION('',(-1.,-1.48029736616685E-15,3.49148133884313E-15));
#5415=DIRECTION('',(3.49148133884313E-15,1.97215226305253E-31,1.));
#5416=DIRECTION('',(1.,-1.97215226305253E-31,3.49148133884313E-15));
#5417=DIRECTION('',(3.49148133884313E-15,-1.15545734358027E-31,-1.));
#5418=DIRECTION('',(-1.,-1.48029736616685E-15,3.49148133884313E-15));
#5419=DIRECTION('',(3.49148133884313E-15,1.97215226305253E-31,1.));
#5420=DIRECTION('',(-1.,-1.48029736616685E-15,3.49148133884313E-15));
#5421=DIRECTION('',(3.49148133884313E-15,1.97215226305253E-31,1.));
#5422=DIRECTION('',(1.,-1.97215226305253E-31,3.49148133884313E-15));
#5423=DIRECTION('',(3.49148133884313E-15,-1.15545734358027E-31,-1.));
#5424=DIRECTION('',(-1.,-1.48029736616685E-15,3.49148133884313E-15));
#5425=DIRECTION('',(3.49148133884313E-15,1.97215226305253E-31,1.));
#5426=DIRECTION('',(-1.,-1.48029736616685E-15,3.49148133884313E-15));
#5427=DIRECTION('',(3.49148133884313E-15,1.97215226305253E-31,1.));
#5428=DIRECTION('',(1.,-1.97215226305253E-31,3.49148133884313E-15));
#5429=DIRECTION('',(3.49148133884313E-15,-1.15545734358027E-31,-1.));
#5430=DIRECTION('',(-1.,-1.48029736616685E-15,3.49148133884313E-15));
#5431=DIRECTION('',(3.49148133884313E-15,1.97215226305253E-31,1.));
#5432=DIRECTION('',(-1.,-1.48029736616685E-15,3.49148133884313E-15));
#5433=DIRECTION('',(3.49148133884313E-15,1.97215226305253E-31,1.));
#5434=DIRECTION('',(1.,-1.97215226305253E-31,3.49148133884313E-15));
#5435=DIRECTION('',(3.49148133884313E-15,-1.15545734358027E-31,-1.));
#5436=DIRECTION('',(-1.,-1.48029736616685E-15,3.49148133884313E-15));
#5437=DIRECTION('',(3.49148133884313E-15,1.97215226305253E-31,1.));
#5438=DIRECTION('',(-1.,-1.48029736616685E-15,3.49148133884313E-15));
#5439=DIRECTION('',(3.49148133884313E-15,1.97215226305253E-31,1.));
#5440=DIRECTION('',(1.,-1.97215226305253E-31,3.49148133884313E-15));
#5441=DIRECTION('',(3.49148133884313E-15,-1.15545734358027E-31,-1.));
#5442=DIRECTION('',(-1.,-1.48029736616685E-15,3.49148133884313E-15));
#5443=DIRECTION('',(3.49148133884313E-15,1.97215226305253E-31,1.));
#5444=DIRECTION('',(-1.,-1.48029736616685E-15,3.49148133884313E-15));
#5445=DIRECTION('',(3.49148133884313E-15,1.97215226305253E-31,1.));
#5446=DIRECTION('',(1.,-1.97215226305253E-31,3.49148133884313E-15));
#5447=DIRECTION('',(3.49148133884313E-15,-1.15545734358027E-31,-1.));
#5448=DIRECTION('',(-1.,-1.48029736616685E-15,3.49148133884313E-15));
#5449=DIRECTION('',(3.49148133884313E-15,1.97215226305253E-31,1.));
#5450=DIRECTION('',(-1.,-1.48029736616685E-15,3.49148133884313E-15));
#5451=DIRECTION('',(3.49148133884313E-15,1.97215226305253E-31,1.));
#5452=DIRECTION('',(-1.,-1.48029736616685E-15,3.49148133884313E-15));
#5453=DIRECTION('',(3.49148133884313E-15,1.48029736616685E-15,1.));
#5454=DIRECTION('',(-1.,-1.48029736616685E-15,3.49148133884313E-15));
#5455=DIRECTION('',(3.49148133884313E-15,1.48029736616685E-15,1.));
#5456=DIRECTION('',(1.42212182529309E-15,0.70710678118655,0.707106781186545));
#5457=DIRECTION('',(3.51557843687143E-15,-0.707106781186545,0.70710678118655));
#5458=DIRECTION('',(-1.42212182529309E-15,-0.70710678118655,-0.707106781186545));
#5459=DIRECTION('',(1.42212182529309E-15,0.70710678118655,0.707106781186545));
#5460=DIRECTION('',(-1.,-1.48029736616685E-15,3.49148133884313E-15));
#5461=DIRECTION('',(3.49148133884313E-15,1.48029736616685E-15,1.));
#5462=DIRECTION('',(-1.,-1.48029736616685E-15,3.49148133884313E-15));
#5463=DIRECTION('',(3.49148133884313E-15,1.48029736616685E-15,1.));
#5464=DIRECTION('',(-1.,-1.48029736616685E-15,3.49148133884313E-15));
#5465=DIRECTION('',(3.49148133884313E-15,1.48029736616685E-15,1.));
#5466=DIRECTION('',(3.70074341541718E-15,1.,1.13444793042836E-15));
#5467=DIRECTION('',(-1.,3.70074341541718E-15,0.));
#5468=DIRECTION('',(3.70074341541718E-15,1.,1.13444793042836E-15));
#5469=DIRECTION('',(-1.,3.70074341541718E-15,0.));
#5470=DIRECTION('',(3.70074341541718E-15,1.,1.13444793042836E-15));
#5471=DIRECTION('',(-1.,3.70074341541718E-15,0.));
#5472=DIRECTION('',(3.70074341541718E-15,1.,1.13444793042836E-15));
#5473=DIRECTION('',(-1.,3.70074341541718E-15,0.));
#5474=CARTESIAN_POINT('',(0.,0.,0.));
#5475=CARTESIAN_POINT('',(0.,0.,3.));
#5476=CARTESIAN_POINT('',(-105.58401047519,-105.942389959713,3.));
#5477=CARTESIAN_POINT('',(-103.08401047519,-105.942389959713,3.));
#5478=CARTESIAN_POINT('',(-97.2894244897566,-165.366289556847,3.));
#5479=CARTESIAN_POINT('',(-94.7894244897566,-165.366289556847,3.));
#5480=CARTESIAN_POINT('',(-88.9948385043233,-224.790189153981,3.));
#5481=CARTESIAN_POINT('',(-86.4948385043233,-224.790189153981,3.));
#5482=CARTESIAN_POINT('',(-80.70025251889,-284.214088751115,3.));
#5483=CARTESIAN_POINT('',(-78.20025251889,-284.214088751115,3.));
#5484=CARTESIAN_POINT('',(80.70025251889,-284.214088751115,3.));
#5485=CARTESIAN_POINT('',(78.20025251889,-284.214088751115,3.));
#5486=CARTESIAN_POINT('',(97.2894244897566,-165.366289556847,3.));
#5487=CARTESIAN_POINT('',(94.7894244897566,-165.366289556847,3.));
#5488=CARTESIAN_POINT('',(105.58401047519,-105.942389959713,3.));
#5489=CARTESIAN_POINT('',(103.08401047519,-105.942389959713,3.));
#5490=CARTESIAN_POINT('',(88.9948385043233,-224.790189153981,3.));
#5491=CARTESIAN_POINT('',(86.4948385043233,-224.790189153981,3.));
#5492=CARTESIAN_POINT('',(65.,-145.,3.));
#5493=CARTESIAN_POINT('',(60.5,-145.,3.));
#5494=CARTESIAN_POINT('',(-65.,-145.,3.));
#5495=CARTESIAN_POINT('',(-60.5,-145.,3.));
#5496=CARTESIAN_POINT('',(-65.,-200.,3.));
#5497=CARTESIAN_POINT('',(-69.5,-200.,3.));
#5498=CARTESIAN_POINT('',(65.,-200.,3.));
#5499=CARTESIAN_POINT('',(69.5,-200.,3.));
#5500=CARTESIAN_POINT('',(-50.,-165.,3.));
#5501=CARTESIAN_POINT('',(-50.,-180.,3.));
#5502=CARTESIAN_POINT('',(-50.,-165.,3.));
#5503=CARTESIAN_POINT('',(-45.,-165.,3.));
#5504=CARTESIAN_POINT('',(-45.,-160.,3.));
#5505=CARTESIAN_POINT('',(45.,-160.,3.));
#5506=CARTESIAN_POINT('',(45.,-160.,3.));
#5507=CARTESIAN_POINT('',(45.,-165.,3.));
#5508=CARTESIAN_POINT('',(50.,-165.,3.));
#5509=CARTESIAN_POINT('',(50.,-165.,3.));
#5510=CARTESIAN_POINT('',(50.,-180.,3.));
#5511=CARTESIAN_POINT('',(45.,-180.,3.));
#5512=CARTESIAN_POINT('',(45.,-185.,3.));
#5513=CARTESIAN_POINT('',(45.,-185.,3.));
#5514=CARTESIAN_POINT('',(-45.,-185.,3.));
#5515=CARTESIAN_POINT('',(-45.,-180.,3.));
#5516=CARTESIAN_POINT('',(25.,22.75,3.));
#5517=CARTESIAN_POINT('',(25.,24.35,3.));
#5518=CARTESIAN_POINT('',(-25.,22.75,3.));
#5519=CARTESIAN_POINT('',(-25.,24.35,3.));
#5520=CARTESIAN_POINT('',(-25.,-127.75,3.));
#5521=CARTESIAN_POINT('',(-25.,-126.15,3.));
#5522=CARTESIAN_POINT('',(25.,-127.75,3.));
#5523=CARTESIAN_POINT('',(25.,-126.15,3.));
#5524=CARTESIAN_POINT('',(-52.,-255.,3.));
#5525=CARTESIAN_POINT('',(-50.4,-255.,3.));
#5526=CARTESIAN_POINT('',(52.,-289.,3.));
#5527=CARTESIAN_POINT('',(53.6,-289.,3.));
#5528=CARTESIAN_POINT('',(-52.,-289.,3.));
#5529=CARTESIAN_POINT('',(-50.4,-289.,3.));
#5530=CARTESIAN_POINT('',(52.,-255.,3.));
#5531=CARTESIAN_POINT('',(53.6,-255.,3.));
#5532=CARTESIAN_POINT('',(-120.,-75.,3.));
#5533=CARTESIAN_POINT('',(-118.273344237448,-87.3700711347043,3.));
#5534=CARTESIAN_POINT('',(-87.6070184503294,-307.069121549879,3.));
#5535=CARTESIAN_POINT('',(-87.11181928702,-307.,3.));
#5536=CARTESIAN_POINT('',(-87.11181928702,-307.5,3.));
#5537=CARTESIAN_POINT('',(-86.5,-307.5,3.));
#5538=CARTESIAN_POINT('',(-87.,-307.5,3.));
#5539=CARTESIAN_POINT('',(-87.,-308.,3.));
#5540=CARTESIAN_POINT('',(-86.5,-308.,3.));
#5541=CARTESIAN_POINT('',(-86.5,-309.,3.));
#5542=CARTESIAN_POINT('',(-86.5,-309.,3.));
#5543=CARTESIAN_POINT('',(86.5,-309.,3.));
#5544=CARTESIAN_POINT('',(86.5,-309.,3.));
#5545=CARTESIAN_POINT('',(86.5,-307.5,3.));
#5546=CARTESIAN_POINT('',(86.5,-308.,3.));
#5547=CARTESIAN_POINT('',(87.,-308.,3.));
#5548=CARTESIAN_POINT('',(87.,-307.5,3.));
#5549=CARTESIAN_POINT('',(88.,-307.5,3.));
#5550=CARTESIAN_POINT('',(87.11181928702,-307.5,3.));
#5551=CARTESIAN_POINT('',(87.11181928702,-307.,3.));
#5552=CARTESIAN_POINT('',(87.6070184503294,-307.069121549879,3.));
#5553=CARTESIAN_POINT('',(86.5,-315.,3.));
#5554=CARTESIAN_POINT('',(118.273344237448,-87.3700711347044,3.));
#5555=CARTESIAN_POINT('',(108.369360971259,-85.9876401371321,3.));
#5556=CARTESIAN_POINT('',(115.638510364222,-79.1203650514246,3.));
#5557=CARTESIAN_POINT('',(120.,-75.,3.));
#5558=CARTESIAN_POINT('',(117.962557234604,-69.3564274451586,2.99999975));
#5559=CARTESIAN_POINT('',(120.000403457232,-75.0000280762125,3.));
#5560=CARTESIAN_POINT('',(120.,-69.,3.));
#5561=CARTESIAN_POINT('',(120.,0.,3.));
#5562=CARTESIAN_POINT('',(120.,75.0449101394376,3.));
#5563=CARTESIAN_POINT('',(119.792893218813,75.5,3.));
#5564=CARTESIAN_POINT('',(119.792893218813,75.,3.));
#5565=CARTESIAN_POINT('',(-120.,75.,3.));
#5566=CARTESIAN_POINT('',(-119.792893218813,75.,3.));
#5567=CARTESIAN_POINT('',(-119.792893218813,75.5,3.));
#5568=CARTESIAN_POINT('',(-120.,75.0449101394366,3.));
#5569=CARTESIAN_POINT('',(-120.,-1.77635683940021E-13,3.));
#5570=CARTESIAN_POINT('',(-120.,-69.,3.));
#5571=CARTESIAN_POINT('',(-120.,-75.,3.));
#5572=CARTESIAN_POINT('',(-119.308609310582,-69.0398518682961,3.));
#5573=CARTESIAN_POINT('',(-120.000205097989,-74.9999190324113,3.));
#5574=CARTESIAN_POINT('',(-117.325828114274,-69.6288048618948,2.99999975));
#5575=CARTESIAN_POINT('',(-120.,-75.,3.));
#5576=CARTESIAN_POINT('',(-115.638510364222,-79.1203650514245,3.));
#5577=CARTESIAN_POINT('',(-108.369360971259,-85.9876401371321,3.));
#5578=CARTESIAN_POINT('',(0.,0.,0.));
#5579=CARTESIAN_POINT('',(-105.58401047519,-105.942389959713,0.));
#5580=CARTESIAN_POINT('',(-103.08401047519,-105.942389959713,0.));
#5581=CARTESIAN_POINT('',(-97.2894244897566,-165.366289556847,0.));
#5582=CARTESIAN_POINT('',(-94.7894244897566,-165.366289556847,0.));
#5583=CARTESIAN_POINT('',(-88.9948385043233,-224.790189153981,0.));
#5584=CARTESIAN_POINT('',(-86.4948385043233,-224.790189153981,0.));
#5585=CARTESIAN_POINT('',(-80.70025251889,-284.214088751115,0.));
#5586=CARTESIAN_POINT('',(-78.20025251889,-284.214088751115,0.));
#5587=CARTESIAN_POINT('',(80.70025251889,-284.214088751115,0.));
#5588=CARTESIAN_POINT('',(78.20025251889,-284.214088751115,0.));
#5589=CARTESIAN_POINT('',(97.2894244897566,-165.366289556847,0.));
#5590=CARTESIAN_POINT('',(94.7894244897566,-165.366289556847,0.));
#5591=CARTESIAN_POINT('',(105.58401047519,-105.942389959713,0.));
#5592=CARTESIAN_POINT('',(103.08401047519,-105.942389959713,0.));
#5593=CARTESIAN_POINT('',(88.9948385043233,-224.790189153981,0.));
#5594=CARTESIAN_POINT('',(86.4948385043233,-224.790189153981,0.));
#5595=CARTESIAN_POINT('',(52.,-255.,0.));
#5596=CARTESIAN_POINT('',(53.6,-255.,0.));
#5597=CARTESIAN_POINT('',(-52.,-289.,0.));
#5598=CARTESIAN_POINT('',(-50.4,-289.,0.));
#5599=CARTESIAN_POINT('',(52.,-289.,0.));
#5600=CARTESIAN_POINT('',(53.6,-289.,0.));
#5601=CARTESIAN_POINT('',(-52.,-255.,0.));
#5602=CARTESIAN_POINT('',(-50.4,-255.,0.));
#5603=CARTESIAN_POINT('',(25.,-127.75,-5.21663879812914E-30));
#5604=CARTESIAN_POINT('',(25.,-126.15,-5.15130320457136E-30));
#5605=CARTESIAN_POINT('',(-25.,-127.75,-5.21663879812914E-30));
#5606=CARTESIAN_POINT('',(-25.,-126.15,-5.15130320457136E-30));
#5607=CARTESIAN_POINT('',(-25.,22.75,9.28990470899707E-31));
#5608=CARTESIAN_POINT('',(-25.,24.35,9.94326064457489E-31));
#5609=CARTESIAN_POINT('',(25.,22.75,9.28990470899706E-31));
#5610=CARTESIAN_POINT('',(25.,24.35,9.94326064457488E-31));
#5611=CARTESIAN_POINT('',(-45.,-165.,0.));
#5612=CARTESIAN_POINT('',(-50.,-165.,0.));
#5613=CARTESIAN_POINT('',(-45.,-160.,0.));
#5614=CARTESIAN_POINT('',(-50.,-165.,0.));
#5615=CARTESIAN_POINT('',(-50.,-180.,0.));
#5616=CARTESIAN_POINT('',(-45.,-180.,0.));
#5617=CARTESIAN_POINT('',(-45.,-185.,0.));
#5618=CARTESIAN_POINT('',(45.,-185.,0.));
#5619=CARTESIAN_POINT('',(45.,-185.,0.));
#5620=CARTESIAN_POINT('',(45.,-180.,0.));
#5621=CARTESIAN_POINT('',(50.,-180.,0.));
#5622=CARTESIAN_POINT('',(50.,-165.,0.));
#5623=CARTESIAN_POINT('',(50.,-165.,0.));
#5624=CARTESIAN_POINT('',(45.,-165.,0.));
#5625=CARTESIAN_POINT('',(45.,-160.,0.));
#5626=CARTESIAN_POINT('',(45.,-160.,0.));
#5627=CARTESIAN_POINT('',(65.,-200.,0.));
#5628=CARTESIAN_POINT('',(69.5,-200.,0.));
#5629=CARTESIAN_POINT('',(-65.,-200.,0.));
#5630=CARTESIAN_POINT('',(-69.5,-200.,0.));
#5631=CARTESIAN_POINT('',(-65.,-145.,0.));
#5632=CARTESIAN_POINT('',(-60.5,-145.,0.));
#5633=CARTESIAN_POINT('',(65.,-145.,0.));
#5634=CARTESIAN_POINT('',(60.5,-145.,0.));
#5635=CARTESIAN_POINT('',(0.,-307.5,0.));
#5636=CARTESIAN_POINT('',(-87.,-307.5,0.));
#5637=CARTESIAN_POINT('',(-87.11181928702,-307.5,0.));
#5638=CARTESIAN_POINT('',(-87.11181928702,-307.,0.));
#5639=CARTESIAN_POINT('',(-87.6070184503294,-307.069121549879,0.));
#5640=CARTESIAN_POINT('',(-120.,-75.,0.));
#5641=CARTESIAN_POINT('',(-118.273344237448,-87.3700711347043,0.));
#5642=CARTESIAN_POINT('',(-108.369360971259,-85.9876401371321,0.));
#5643=CARTESIAN_POINT('',(-115.638510364222,-79.1203650514245,0.));
#5644=CARTESIAN_POINT('',(-120.,-75.,0.));
#5645=CARTESIAN_POINT('',(-117.325828114274,-69.6288048618948,2.49999999896673E-7));
#5646=CARTESIAN_POINT('',(-120.000205097989,-74.9999190324113,0.));
#5647=CARTESIAN_POINT('',(-119.308609310582,-69.0398518682961,2.499999999777E-7));
#5648=CARTESIAN_POINT('',(-120.,-75.,0.));
#5649=CARTESIAN_POINT('',(-120.,-69.,0.));
#5650=CARTESIAN_POINT('',(-120.,-1.77635683940021E-13,0.));
#5651=CARTESIAN_POINT('',(-120.,75.0449101394366,0.));
#5652=CARTESIAN_POINT('',(-119.792893218813,75.5,0.));
#5653=CARTESIAN_POINT('',(-119.792893218813,75.,0.));
#5654=CARTESIAN_POINT('',(-120.,75.,0.));
#5655=CARTESIAN_POINT('',(119.792893218813,75.,0.));
#5656=CARTESIAN_POINT('',(119.792893218813,75.5,0.));
#5657=CARTESIAN_POINT('',(120.,75.0449101394366,0.));
#5658=CARTESIAN_POINT('',(120.,0.,0.));
#5659=CARTESIAN_POINT('',(120.,-69.,0.));
#5660=CARTESIAN_POINT('',(120.000403457232,-75.0000280762125,0.));
#5661=CARTESIAN_POINT('',(117.962557234604,-69.3564274451586,2.49999999950089E-7));
#5662=CARTESIAN_POINT('',(120.,-75.,0.));
#5663=CARTESIAN_POINT('',(117.724224921148,-69.4483472919791,0.));
#5664=CARTESIAN_POINT('',(120.,-75.,0.));
#5665=CARTESIAN_POINT('',(115.638510364222,-79.1203650514246,0.));
#5666=CARTESIAN_POINT('',(108.369360971259,-85.9876401371321,0.));
#5667=CARTESIAN_POINT('',(118.273344237448,-87.3700711347044,0.));
#5668=CARTESIAN_POINT('',(86.5,-315.,0.));
#5669=CARTESIAN_POINT('',(87.6070184503294,-307.069121549879,0.));
#5670=CARTESIAN_POINT('',(87.11181928702,-307.,0.));
#5671=CARTESIAN_POINT('',(87.11181928702,-307.5,0.));
#5672=CARTESIAN_POINT('',(0.,-307.5,0.));
#5673=CARTESIAN_POINT('',(87.,-307.5,0.));
#5674=CARTESIAN_POINT('',(87.,-308.,0.));
#5675=CARTESIAN_POINT('',(86.5,-308.,0.));
#5676=CARTESIAN_POINT('',(86.5,0.,0.));
#5677=CARTESIAN_POINT('',(86.5,-309.,1.30104260698261E-14));
#5678=CARTESIAN_POINT('',(86.5,-309.,1.30104260698261E-14));
#5679=CARTESIAN_POINT('',(-86.5,-309.,1.30104260698261E-14));
#5680=CARTESIAN_POINT('',(-86.5,0.,0.));
#5681=CARTESIAN_POINT('',(-86.5,-308.,0.));
#5682=CARTESIAN_POINT('',(-87.,-308.,0.));
#5683=CARTESIAN_POINT('',(-120.,-75.,3.));
#5684=CARTESIAN_POINT('',(-87.6070184503294,-307.069121549879,3.));
#5685=CARTESIAN_POINT('',(-118.273344237448,-87.3700711347043,0.));
#5686=CARTESIAN_POINT('',(86.5,-315.,3.));
#5687=CARTESIAN_POINT('',(87.6070184503294,-307.069121549879,3.90312782094782E-15));
#5688=CARTESIAN_POINT('',(118.273344237448,-87.3700711347044,3.));
#5689=CARTESIAN_POINT('',(-120.,75.,3.));
#5690=CARTESIAN_POINT('',(119.792893218813,75.,3.));
#5691=CARTESIAN_POINT('',(-119.792893218813,75.,3.));
#5692=CARTESIAN_POINT('',(120.000403457232,-75.0000280762125,0.));
#5693=CARTESIAN_POINT('',(117.962526549451,-69.3563424658574,2.99999975));
#5694=CARTESIAN_POINT('',(117.962526549451,-69.3563424658574,1.99999991666667));
#5695=CARTESIAN_POINT('',(117.962526549451,-69.3563424658574,1.00000008333333));
#5696=CARTESIAN_POINT('',(117.962526549451,-69.3563424658574,2.49999998702677E-7));
#5697=CARTESIAN_POINT('',(119.999999978749,-68.9996839696634,0.));
#5698=CARTESIAN_POINT('',(119.999999978749,-68.9996839696634,1.));
#5699=CARTESIAN_POINT('',(119.999999978749,-68.9996839696634,2.));
#5700=CARTESIAN_POINT('',(119.999999978749,-68.9996839696634,3.));
#5701=CARTESIAN_POINT('',(120.,-75.,0.));
#5702=CARTESIAN_POINT('',(115.638510364222,-79.1203650514246,0.));
#5703=CARTESIAN_POINT('',(-120.000205097989,-74.9999190324113,0.));
#5704=CARTESIAN_POINT('',(-117.32579347868,-69.6287353011208,2.49999999896672E-7));
#5705=CARTESIAN_POINT('',(-117.32579347868,-69.6287353011208,1.00000008333333));
#5706=CARTESIAN_POINT('',(-117.32579347868,-69.6287353011208,1.99999991666667));
#5707=CARTESIAN_POINT('',(-117.32579347868,-69.6287353011208,2.99999975));
#5708=CARTESIAN_POINT('',(-119.30859598958,-69.0397370699255,3.));
#5709=CARTESIAN_POINT('',(-119.30859598958,-69.0397370699255,2.00000008333333));
#5710=CARTESIAN_POINT('',(-119.30859598958,-69.0397370699255,1.00000016666667));
#5711=CARTESIAN_POINT('',(-119.30859598958,-69.0397370699255,2.49999999035744E-7));
#5712=CARTESIAN_POINT('',(-120.,-75.,3.));
#5713=CARTESIAN_POINT('',(-115.638510364222,-79.1203650514245,3.));
#5714=CARTESIAN_POINT('',(-120.,-75.,3.));
#5715=CARTESIAN_POINT('',(-120.,-69.,3.));
#5716=CARTESIAN_POINT('',(-120.,-69.,2.));
#5717=CARTESIAN_POINT('',(-120.,-69.,1.));
#5718=CARTESIAN_POINT('',(-120.,-69.,0.));
#5719=CARTESIAN_POINT('',(65.,-145.,3.));
#5720=CARTESIAN_POINT('',(-65.,-145.,3.));
#5721=CARTESIAN_POINT('',(-65.,-200.,3.));
#5722=CARTESIAN_POINT('',(65.,-200.,3.));
#5723=CARTESIAN_POINT('',(-45.,-165.,3.));
#5724=CARTESIAN_POINT('',(-45.,-160.,3.));
#5725=CARTESIAN_POINT('',(-50.,-165.,3.));
#5726=CARTESIAN_POINT('',(-50.,-165.,3.));
#5727=CARTESIAN_POINT('',(-50.,-180.,3.));
#5728=CARTESIAN_POINT('',(-45.,-180.,3.));
#5729=CARTESIAN_POINT('',(-45.,-185.,3.));
#5730=CARTESIAN_POINT('',(45.,-185.,3.));
#5731=CARTESIAN_POINT('',(45.,-185.,3.));
#5732=CARTESIAN_POINT('',(45.,-180.,3.));
#5733=CARTESIAN_POINT('',(50.,-180.,3.));
#5734=CARTESIAN_POINT('',(50.,-165.,3.));
#5735=CARTESIAN_POINT('',(50.,-165.,3.));
#5736=CARTESIAN_POINT('',(45.,-165.,3.));
#5737=CARTESIAN_POINT('',(45.,-160.,3.));
#5738=CARTESIAN_POINT('',(45.,-160.,3.));
#5739=CARTESIAN_POINT('',(25.,22.75,3.));
#5740=CARTESIAN_POINT('',(-25.,22.75,3.));
#5741=CARTESIAN_POINT('',(-25.,-127.75,3.));
#5742=CARTESIAN_POINT('',(25.,-127.75,3.));
#5743=CARTESIAN_POINT('',(-52.,-255.,0.));
#5744=CARTESIAN_POINT('',(52.,-289.,0.));
#5745=CARTESIAN_POINT('',(-52.,-289.,0.));
#5746=CARTESIAN_POINT('',(52.,-255.,0.));
#5747=CARTESIAN_POINT('',(88.,-307.5,3.));
#5748=CARTESIAN_POINT('',(87.,-307.5,2.2034386889668E-17));
#5749=CARTESIAN_POINT('',(87.11181928702,-307.5,3.));
#5750=CARTESIAN_POINT('',(86.5,-307.5,3.));
#5751=CARTESIAN_POINT('',(86.5,-308.,3.));
#5752=CARTESIAN_POINT('',(86.5,-309.,3.));
#5753=CARTESIAN_POINT('',(-86.5,-309.,3.));
#5754=CARTESIAN_POINT('',(-86.5,-308.,-3.46944695195361E-15));
#5755=CARTESIAN_POINT('',(-86.5,-309.,3.));
#5756=CARTESIAN_POINT('',(-86.5,-307.5,3.));
#5757=CARTESIAN_POINT('',(-87.11181928702,-307.5,4.11646482104827E-16));
#5758=CARTESIAN_POINT('',(-87.,-307.5,3.));
#5759=CARTESIAN_POINT('',(88.9948385043233,-224.790189153981,0.));
#5760=CARTESIAN_POINT('',(105.58401047519,-105.942389959713,0.));
#5761=CARTESIAN_POINT('',(97.2894244897566,-165.366289556847,0.));
#5762=CARTESIAN_POINT('',(80.70025251889,-284.214088751115,0.));
#5763=CARTESIAN_POINT('',(-80.70025251889,-284.214088751115,0.));
#5764=CARTESIAN_POINT('',(-88.9948385043233,-224.790189153981,0.));
#5765=CARTESIAN_POINT('',(-97.2894244897566,-165.366289556847,0.));
#5766=CARTESIAN_POINT('',(-105.58401047519,-105.942389959713,0.));
#5767=CARTESIAN_POINT('',(108.369360971259,-85.9876401371321,0.));
#5768=CARTESIAN_POINT('',(-108.369360971259,-85.9876401371321,3.));
#5769=CARTESIAN_POINT('',(-87.11181928702,-307.,3.));
#5770=CARTESIAN_POINT('',(-87.,-308.,3.));
#5771=CARTESIAN_POINT('',(87.,-308.,3.));
#5772=CARTESIAN_POINT('',(87.11181928702,-307.,3.));
#5773=CARTESIAN_POINT('',(119.792893218813,75.5,3.));
#5774=CARTESIAN_POINT('',(119.999999999999,75.0449101394376,3.));
#5775=CARTESIAN_POINT('',(119.999999999999,75.0449101394376,2.));
#5776=CARTESIAN_POINT('',(119.999999999999,75.0449101394376,1.));
#5777=CARTESIAN_POINT('',(119.999999999999,75.0449101394376,0.));
#5778=CARTESIAN_POINT('',(-119.792893218813,75.5,3.));
#5779=CARTESIAN_POINT('',(-119.999999999999,75.0449101394376,0.));
#5780=CARTESIAN_POINT('',(-119.999999999999,75.0449101394376,1.));
#5781=CARTESIAN_POINT('',(-119.999999999999,75.0449101394376,2.));
#5782=CARTESIAN_POINT('',(-119.999999999999,75.0449101394376,3.));
#5783=CARTESIAN_POINT('',(86.5,-309.,6.));
#5784=CARTESIAN_POINT('',(86.5,-312.,6.));
#5785=CARTESIAN_POINT('',(86.5,-312.,6.));
#5786=CARTESIAN_POINT('',(86.5,-315.,6.));
#5787=CARTESIAN_POINT('',(86.5,-309.,6.));
#5788=CARTESIAN_POINT('',(86.5,-309.,6.));
#5789=CARTESIAN_POINT('',(-86.5,-309.,6.));
#5790=CARTESIAN_POINT('',(-86.5,-309.,6.));
#5791=CARTESIAN_POINT('',(-86.5,-315.,6.));
#5792=CARTESIAN_POINT('',(-86.5,-315.,6.));
#5793=CARTESIAN_POINT('',(-86.5,-312.,6.));
#5794=CARTESIAN_POINT('',(-86.5,-309.,6.));
#5795=CARTESIAN_POINT('',(-173.160877213416,-309.,6.));
#5796=CARTESIAN_POINT('',(-86.5,-312.,6.));
#5797=CARTESIAN_POINT('',(-173.160877213416,-309.,6.));
#5798=CARTESIAN_POINT('',(0.,-315.,6.));
#5799=CARTESIAN_POINT('',(-76.5,-315.,86.));
#5800=CARTESIAN_POINT('',(-76.5,-315.,86.));
#5801=CARTESIAN_POINT('',(-76.5,-315.,96.));
#5802=CARTESIAN_POINT('',(-86.5,-315.,86.));
#5803=CARTESIAN_POINT('',(-76.5,-315.,96.));
#5804=CARTESIAN_POINT('',(-76.5,-312.,96.));
#5805=CARTESIAN_POINT('',(-76.5,-312.,86.));
#5806=CARTESIAN_POINT('',(-86.5,-312.,86.));
#5807=CARTESIAN_POINT('',(-86.5,-315.,86.));
#5808=CARTESIAN_POINT('',(76.5,-315.,86.));
#5809=CARTESIAN_POINT('',(76.5,-315.,86.));
#5810=CARTESIAN_POINT('',(86.5,-315.,86.));
#5811=CARTESIAN_POINT('',(76.5,-315.,96.));
#5812=CARTESIAN_POINT('',(86.5,-315.,86.));
#5813=CARTESIAN_POINT('',(86.5,-312.,86.));
#5814=CARTESIAN_POINT('',(76.5,-312.,86.));
#5815=CARTESIAN_POINT('',(76.5,-312.,96.));
#5816=CARTESIAN_POINT('',(76.5,-315.,96.));
#5817=CARTESIAN_POINT('',(86.5,-315.,96.));
#5818=CARTESIAN_POINT('',(86.5,-315.,96.));
#5819=CARTESIAN_POINT('',(0.,-312.,96.));
#5820=CARTESIAN_POINT('',(-5.25,-312.,61.));
#5821=CARTESIAN_POINT('',(-5.25,-312.,61.));
#5822=CARTESIAN_POINT('',(-5.25,-312.,58.5));
#5823=CARTESIAN_POINT('',(-5.25,-315.,61.));
#5824=CARTESIAN_POINT('',(-5.25,-315.,58.5));
#5825=CARTESIAN_POINT('',(5.25,-312.,41.));
#5826=CARTESIAN_POINT('',(5.25,-312.,41.));
#5827=CARTESIAN_POINT('',(5.25,-312.,43.5));
#5828=CARTESIAN_POINT('',(5.25,-315.,41.));
#5829=CARTESIAN_POINT('',(5.25,-315.,43.5));
#5830=CARTESIAN_POINT('',(5.25,-312.,61.));
#5831=CARTESIAN_POINT('',(5.25,-312.,61.));
#5832=CARTESIAN_POINT('',(5.25,-312.,63.5));
#5833=CARTESIAN_POINT('',(5.25,-315.,61.));
#5834=CARTESIAN_POINT('',(5.25,-315.,63.5));
#5835=CARTESIAN_POINT('',(81.25,-312.,61.));
#5836=CARTESIAN_POINT('',(81.25,-312.,61.));
#5837=CARTESIAN_POINT('',(81.25,-312.,58.5));
#5838=CARTESIAN_POINT('',(81.25,-315.,61.));
#5839=CARTESIAN_POINT('',(81.25,-315.,58.5));
#5840=CARTESIAN_POINT('',(-5.25,-312.,41.));
#5841=CARTESIAN_POINT('',(-5.25,-312.,41.));
#5842=CARTESIAN_POINT('',(-5.25,-312.,38.5));
#5843=CARTESIAN_POINT('',(-5.25,-315.,41.));
#5844=CARTESIAN_POINT('',(-5.25,-315.,38.5));
#5845=CARTESIAN_POINT('',(-81.25,-312.,61.));
#5846=CARTESIAN_POINT('',(-81.25,-312.,61.));
#5847=CARTESIAN_POINT('',(-81.25,-312.,63.5));
#5848=CARTESIAN_POINT('',(-81.25,-315.,61.));
#5849=CARTESIAN_POINT('',(-81.25,-315.,63.5));
#5850=CARTESIAN_POINT('',(-81.25,-312.,41.));
#5851=CARTESIAN_POINT('',(-81.25,-312.,41.));
#5852=CARTESIAN_POINT('',(-81.25,-312.,43.5));
#5853=CARTESIAN_POINT('',(-81.25,-315.,41.));
#5854=CARTESIAN_POINT('',(-81.25,-315.,43.5));
#5855=CARTESIAN_POINT('',(81.25,-312.,41.));
#5856=CARTESIAN_POINT('',(81.25,-312.,41.));
#5857=CARTESIAN_POINT('',(81.25,-312.,38.5));
#5858=CARTESIAN_POINT('',(81.25,-315.,41.));
#5859=CARTESIAN_POINT('',(81.25,-315.,38.5));
#5860=CARTESIAN_POINT('',(0.,-312.,-1.11022302462516E-12));
#5861=CARTESIAN_POINT('',(86.5,-312.,-1.11022302462516E-12));
#5862=CARTESIAN_POINT('',(-86.5,-312.,-1.11022302462516E-12));
#5863=CARTESIAN_POINT('',(-86.5,-315.,96.));
#5864=CARTESIAN_POINT('',(-86.5,-315.,96.));
#5865=CARTESIAN_POINT('',(0.,-315.,-1.11022302462516E-12));
#5866=CARTESIAN_POINT('',(86.5,-315.,3.));
#5867=CARTESIAN_POINT('',(86.5,-315.,3.));
#5868=CARTESIAN_POINT('',(124.090606901734,-70.621314425098,1.61058828822253));
#5869=CARTESIAN_POINT('',(124.525249360447,-71.0809394649738,2.01564289648061));
#5870=CARTESIAN_POINT('',(124.899090433137,-71.5403749601242,2.48547354106874));
#5871=CARTESIAN_POINT('',(125.196152422707,-72.,3.));
#5872=CARTESIAN_POINT('',(122.045303450867,-70.621314425098,3.80529414411127));
#5873=CARTESIAN_POINT('',(122.26260946859,-71.0809072930238,4.00780727212341));
#5874=CARTESIAN_POINT('',(122.449555613156,-71.5404071320742,4.24275477795133));
#5875=CARTESIAN_POINT('',(122.598076211353,-72.,4.5));
#5876=CARTESIAN_POINT('',(122.045303450867,-70.621314425098,3.80529414411127));
#5877=CARTESIAN_POINT('',(122.727071267823,-70.621314425098,3.07372552548169));
#5878=CARTESIAN_POINT('',(123.408839084778,-70.621314425098,2.34215690685211));
#5879=CARTESIAN_POINT('',(124.090606901734,-70.621314425098,1.61058828822253));
#5880=CARTESIAN_POINT('',(124.090610300087,-70.6213180187847,1.61059145523877));
#5881=CARTESIAN_POINT('',(122.045303450867,-70.621314425098,3.80529414411127));
#5882=CARTESIAN_POINT('',(124.090610300087,-70.6213180187847,1.61059145523876));
#5883=CARTESIAN_POINT('',(124.525190426702,-71.0808774753878,2.01558860326409));
#5884=CARTESIAN_POINT('',(124.899130086145,-71.5404369319909,2.48554314646042));
#5885=CARTESIAN_POINT('',(125.196150088604,-71.9999963885939,2.99999595721859));
#5886=CARTESIAN_POINT('',(125.196150088604,-71.9999963885939,2.99999595721862));
#5887=CARTESIAN_POINT('',(125.196152422707,-72.,3.));
#5888=CARTESIAN_POINT('',(124.330127018922,-72.,3.5));
#5889=CARTESIAN_POINT('',(123.464101615138,-72.,4.));
#5890=CARTESIAN_POINT('',(122.598076211353,-72.,4.5));
#5891=CARTESIAN_POINT('',(122.598076211353,-72.,4.5));
#5892=CARTESIAN_POINT('',(122.045303450867,-70.621314425098,3.80529414411126));
#5893=CARTESIAN_POINT('',(122.26259480653,-71.0808762833987,4.00779360816857));
#5894=CARTESIAN_POINT('',(122.44956563413,-71.5404381416993,4.24277213478706));
#5895=CARTESIAN_POINT('',(122.598076211353,-72.,4.49999999999999));
#5896=CARTESIAN_POINT('',(125.196152422707,-72.,3.));
#5897=CARTESIAN_POINT('',(125.751262898812,-72.7399732604485,3.96147954842854));
#5898=CARTESIAN_POINT('',(126.,-73.3179958643058,5.01432958853733));
#5899=CARTESIAN_POINT('',(126.,-73.7374884757113,6.));
#5900=CARTESIAN_POINT('',(122.598076211353,-72.,4.5));
#5901=CARTESIAN_POINT('',(122.875338564795,-72.7391924184724,4.98023248318724));
#5902=CARTESIAN_POINT('',(123.,-73.3180211381545,5.50719448690707));
#5903=CARTESIAN_POINT('',(123.,-73.7374884757113,6.));
#5904=CARTESIAN_POINT('',(125.196152422707,-72.,2.99999999999998));
#5905=CARTESIAN_POINT('',(125.750218094669,-72.7385805158294,3.95966989456816));
#5906=CARTESIAN_POINT('',(126.,-73.3177433410665,5.01373624153104));
#5907=CARTESIAN_POINT('',(126.,-73.7374884757112,6.00000000000004));
#5908=CARTESIAN_POINT('',(126.,-73.7374884757112,6.));
#5909=CARTESIAN_POINT('',(123.,-73.7374884757112,5.99999999999991));
#5910=CARTESIAN_POINT('',(124.,-73.7374884757112,5.99999999999992));
#5911=CARTESIAN_POINT('',(125.,-73.7374884757112,5.99999999999992));
#5912=CARTESIAN_POINT('',(126.,-73.7374884757112,5.99999999999992));
#5913=CARTESIAN_POINT('',(123.,-73.7374884757112,6.));
#5914=CARTESIAN_POINT('',(122.598076211353,-72.,4.49999999999999));
#5915=CARTESIAN_POINT('',(122.875109047334,-72.7385805158294,4.97983494728408));
#5916=CARTESIAN_POINT('',(123.,-73.3177433410665,5.50686812076552));
#5917=CARTESIAN_POINT('',(123.,-73.7374884757112,6.00000000000002));
#5918=CARTESIAN_POINT('',(126.,81.8329640215578,6.));
#5919=CARTESIAN_POINT('',(126.,81.2756938302553,5.23135146027241));
#5920=CARTESIAN_POINT('',(125.850536315086,80.7185444528659,4.46314694166034));
#5921=CARTESIAN_POINT('',(125.27427508377,79.6041248841741,3.03812308868428));
#5922=CARTESIAN_POINT('',(124.847685514582,79.0469150998282,2.38190137658177));
#5923=CARTESIAN_POINT('',(123.779219262106,77.9324955311363,1.27684488228503));
#5924=CARTESIAN_POINT('',(123.137728196696,77.3752857467904,0.828408923674726));
#5925=CARTESIAN_POINT('',(121.732908503871,76.2608661780986,0.204508595962024));
#5926=CARTESIAN_POINT('',(120.970170159665,75.7037168007093,0.0292722019069201));
#5927=CARTESIAN_POINT('',(120.201957168836,75.1464466094067,0.00339985475471391));
#5928=CARTESIAN_POINT('',(123.,81.8329640215578,6.));
#5929=CARTESIAN_POINT('',(123.,81.2757245326629,5.61569690421045));
#5930=CARTESIAN_POINT('',(122.925268157543,80.7185444528659,5.23157347083017));
#5931=CARTESIAN_POINT('',(122.637137541885,79.6041248841741,4.51906154434214));
#5932=CARTESIAN_POINT('',(122.423842757291,79.0469150998282,4.19095068829088));
#5933=CARTESIAN_POINT('',(121.889609631053,77.9324955311363,3.63842244114251));
#5934=CARTESIAN_POINT('',(121.568864098348,77.3752857467904,3.41420446183736));
#5935=CARTESIAN_POINT('',(120.866454251936,76.2608661780986,3.10225429798101));
#5936=CARTESIAN_POINT('',(120.485063917756,75.7036860983016,3.01463538824411));
#5937=CARTESIAN_POINT('',(120.100978584418,75.1464466094067,3.00169992737736));
#5938=CARTESIAN_POINT('',(126.,81.8329640215579,6.00000000000005));
#5939=CARTESIAN_POINT('',(125.,81.8329640215579,6.00000000000005));
#5940=CARTESIAN_POINT('',(124.,81.8329640215579,6.00000000000004));
#5941=CARTESIAN_POINT('',(123.,81.8329640215579,6.00000000000004));
#5942=CARTESIAN_POINT('',(126.,81.8329640215578,6.));
#5943=CARTESIAN_POINT('',(123.,81.8329640215578,6.));
#5944=CARTESIAN_POINT('',(126.,81.832964021558,6.00000000000004));
#5945=CARTESIAN_POINT('',(126.,80.7185447246075,4.46286993524066));
#5946=CARTESIAN_POINT('',(124.757797110572,78.4897061307065,1.39974311852869));
#5947=CARTESIAN_POINT('',(121.738218458662,76.2608675368054,0.0551395789342259));
#5948=CARTESIAN_POINT('',(120.201959416455,75.1464482398548,0.00339993045182958));
#5949=CARTESIAN_POINT('',(120.201959416455,75.1464482398546,0.00339993045183045));
#5950=CARTESIAN_POINT('',(120.201957168836,75.1464466094067,0.00339985475471391));
#5951=CARTESIAN_POINT('',(120.168297640697,75.1464466094067,1.0028332122956));
#5952=CARTESIAN_POINT('',(120.134638112557,75.1464466094067,2.00226656983648));
#5953=CARTESIAN_POINT('',(120.100978584418,75.1464466094067,3.00169992737736));
#5954=CARTESIAN_POINT('',(120.100978584418,75.1464466094067,3.00169992737736));
#5955=CARTESIAN_POINT('',(123.,81.832964021558,6.00000000000002));
#5956=CARTESIAN_POINT('',(123.,80.7185444528662,5.23143478021254));
#5957=CARTESIAN_POINT('',(122.378898237084,78.4897053154825,3.69987100431728));
#5958=CARTESIAN_POINT('',(120.869108302519,76.2608661780988,3.02756947001969));
#5959=CARTESIAN_POINT('',(120.100978584418,75.146446609407,3.00169992737736));
#5960=CARTESIAN_POINT('',(120.201957168836,75.1464466094067,0.00339985475471391));
#5961=CARTESIAN_POINT('',(120.134663545321,75.1126011183521,0.00113349892696969));
#5962=CARTESIAN_POINT('',(120.067331776558,75.0787556304922,-7.15101272725273E-15));
#5963=CARTESIAN_POINT('',(120.,75.0449101394376,0.));
#5964=CARTESIAN_POINT('',(120.100978584418,75.1464466094067,3.00169992737736));
#5965=CARTESIAN_POINT('',(120.067331773059,75.1126011187533,3.00056674947692));
#5966=CARTESIAN_POINT('',(120.03366588788,75.078755630091,3.));
#5967=CARTESIAN_POINT('',(120.,75.0449101394376,3.));
#5968=CARTESIAN_POINT('',(120.201957168836,75.146446609407,0.00339985475471347));
#5969=CARTESIAN_POINT('',(120.134663547438,75.1126011194173,0.00113349899827765));
#5970=CARTESIAN_POINT('',(120.067331774439,75.0787556294277,-7.1979710324395E-15));
#5971=CARTESIAN_POINT('',(119.999999999999,75.044910139438,0.));
#5972=CARTESIAN_POINT('',(120.100978584418,75.146446609407,3.00169992737736));
#5973=CARTESIAN_POINT('',(120.067331773719,75.1126011194173,3.00056674949914));
#5974=CARTESIAN_POINT('',(120.03366588722,75.0787556294277,3.));
#5975=CARTESIAN_POINT('',(120.,75.044910139438,3.));
#5976=CARTESIAN_POINT('',(120.,-69.,0.));
#5977=CARTESIAN_POINT('',(120.723730931493,-69.082025623443,4.4315738434862E-17));
#5978=CARTESIAN_POINT('',(121.416077069296,-69.2302400582,0.131504805832836));
#5979=CARTESIAN_POINT('',(122.669832665651,-69.6595119271576,0.58552831316194));
#5980=CARTESIAN_POINT('',(123.23106738021,-69.9407030512887,0.90762131606282));
#5981=CARTESIAN_POINT('',(123.710451031628,-70.287815606873,1.28485915990917));
#5982=CARTESIAN_POINT('',(120.,-69.,3.));
#5983=CARTESIAN_POINT('',(120.361852924032,-69.0820227805578,3.));
#5984=CARTESIAN_POINT('',(120.708038534648,-69.2302400582,3.06575240291642));
#5985=CARTESIAN_POINT('',(121.334916332826,-69.6595119271576,3.29276415658097));
#5986=CARTESIAN_POINT('',(121.615471951627,-69.9406136439811,3.45376207462609));
#5987=CARTESIAN_POINT('',(121.855225515814,-70.287815606873,3.64242957995458));
#5988=CARTESIAN_POINT('',(120.,-69.,0.));
#5989=CARTESIAN_POINT('',(121.446091117854,-69.1638958904969,4.67244931916896E-15));
#5990=CARTESIAN_POINT('',(122.751096622987,-69.593166781315,0.529922800526621));
#5991=CARTESIAN_POINT('',(123.710446979012,-70.2878126724544,1.28485597081711));
#5992=CARTESIAN_POINT('',(123.710446979012,-70.2878126724545,1.28485597081725));
#5993=CARTESIAN_POINT('',(123.710451031628,-70.287815606873,1.28485915990917));
#5994=CARTESIAN_POINT('',(123.092042526357,-70.287815606873,2.07071596659097));
#5995=CARTESIAN_POINT('',(122.473634021085,-70.287815606873,2.85657277327278));
#5996=CARTESIAN_POINT('',(121.855225515814,-70.287815606873,3.64242957995458));
#5997=CARTESIAN_POINT('',(121.855225515814,-70.287815606873,3.64242957995458));
#5998=CARTESIAN_POINT('',(120.,-69.,3.));
#5999=CARTESIAN_POINT('',(120.723046577056,-69.1638961212807,3.));
#6000=CARTESIAN_POINT('',(121.375550111462,-69.5931679902383,3.26496214912201));
#6001=CARTESIAN_POINT('',(121.855225515814,-70.287815606873,3.64242957995459));
#6002=CARTESIAN_POINT('',(123.710451031643,-70.2878156068576,1.28485915992127));
#6003=CARTESIAN_POINT('',(123.841627142791,-70.3989819935352,1.38808461032559));
#6004=CARTESIAN_POINT('',(123.968492636623,-70.5101480384203,1.49678682951643));
#6005=CARTESIAN_POINT('',(124.090606901734,-70.621314425098,1.61058828822253));
#6006=CARTESIAN_POINT('',(121.855225515822,-70.2878156068576,3.64242957996063));
#6007=CARTESIAN_POINT('',(121.920813539276,-70.3989819390951,3.69404227988713));
#6008=CARTESIAN_POINT('',(121.984246348212,-70.5101480928605,3.7483934426235));
#6009=CARTESIAN_POINT('',(122.045303450867,-70.621314425098,3.80529414411127));
#6010=CARTESIAN_POINT('',(123.710451031643,-70.2878156068576,1.28485915992128));
#6011=CARTESIAN_POINT('',(123.841627008353,-70.3989818796044,1.38808450453316));
#6012=CARTESIAN_POINT('',(123.968492761774,-70.5101481523512,1.49678694614788));
#6013=CARTESIAN_POINT('',(124.090606901734,-70.621314425098,1.61058828822252));
#6014=CARTESIAN_POINT('',(121.855225515822,-70.2878156068576,3.64242957996064));
#6015=CARTESIAN_POINT('',(121.920813504177,-70.3989818796044,3.69404225226658));
#6016=CARTESIAN_POINT('',(121.984246380887,-70.5101481523512,3.74839347307394));
#6017=CARTESIAN_POINT('',(122.045303450867,-70.621314425098,3.80529414411126));
#6018=CARTESIAN_POINT('',(120.,-152.727196858784,6.));
#6019=CARTESIAN_POINT('',(123.,0.,6.));
#6020=CARTESIAN_POINT('',(120.,-152.727196858784,6.));
#6021=CARTESIAN_POINT('',(126.,0.,6.));
#6022=CARTESIAN_POINT('',(103.,98.,111.208107965668));
#6023=CARTESIAN_POINT('',(103.,98.,111.208107965668));
#6024=CARTESIAN_POINT('',(93.,98.,111.208107965668));
#6025=CARTESIAN_POINT('',(103.,98.,121.208107965668));
#6026=CARTESIAN_POINT('',(93.,98.,111.208107965668));
#6027=CARTESIAN_POINT('',(93.,95.,111.208107965668));
#6028=CARTESIAN_POINT('',(103.,95.,111.208107965668));
#6029=CARTESIAN_POINT('',(103.,95.,121.208107965668));
#6030=CARTESIAN_POINT('',(103.,98.,121.208107965668));
#6031=CARTESIAN_POINT('',(123.,98.,21.2081079656685));
#6032=CARTESIAN_POINT('',(123.,95.,21.2081079656685));
#6033=CARTESIAN_POINT('',(103.,95.,21.2081079656684));
#6034=CARTESIAN_POINT('',(120.,95.,21.2081079656684));
#6035=CARTESIAN_POINT('',(103.,98.,21.2081079656684));
#6036=CARTESIAN_POINT('',(103.,98.,21.2081079656684));
#6037=CARTESIAN_POINT('',(123.,98.,21.2081079656685));
#6038=CARTESIAN_POINT('',(120.,98.,21.2081079656684));
#6039=CARTESIAN_POINT('',(120.,95.,21.2081079656684));
#6040=CARTESIAN_POINT('',(103.,98.,31.2081079656684));
#6041=CARTESIAN_POINT('',(103.,98.,31.2081079656684));
#6042=CARTESIAN_POINT('',(93.,98.,31.2081079656684));
#6043=CARTESIAN_POINT('',(103.,95.,31.2081079656684));
#6044=CARTESIAN_POINT('',(93.,95.,31.2081079656684));
#6045=CARTESIAN_POINT('',(93.,98.,31.2081079656684));
#6046=CARTESIAN_POINT('',(93.,98.,21.2081079656684));
#6047=CARTESIAN_POINT('',(93.,98.,21.2081079656684));
#6048=CARTESIAN_POINT('',(93.,95.,21.2081079656684));
#6049=CARTESIAN_POINT('',(93.,98.,121.208107965668));
#6050=CARTESIAN_POINT('',(93.,98.,121.208107965668));
#6051=CARTESIAN_POINT('',(120.,98.,121.208107965668));
#6052=CARTESIAN_POINT('',(93.,95.,121.208107965668));
#6053=CARTESIAN_POINT('',(120.,95.,121.208107965668));
#6054=CARTESIAN_POINT('',(120.,95.,121.208107965668));
#6055=CARTESIAN_POINT('',(106.,-25.1519224698779,167.430554201772));
#6056=CARTESIAN_POINT('',(106.,-25.1519224698779,167.430554201772));
#6057=CARTESIAN_POINT('',(96.,-25.1519224698779,167.430554201772));
#6058=CARTESIAN_POINT('',(106.,-35.,169.167035978441));
#6059=CARTESIAN_POINT('',(96.,-25.1519224698779,167.430554201772));
#6060=CARTESIAN_POINT('',(96.,-25.6728670028787,164.476130942735));
#6061=CARTESIAN_POINT('',(106.,-25.6728670028787,164.476130942735));
#6062=CARTESIAN_POINT('',(106.,-35.5209445330008,166.212612719404));
#6063=CARTESIAN_POINT('',(106.,-35.,169.167035978441));
#6064=CARTESIAN_POINT('',(96.,75.,149.77106810051));
#6065=CARTESIAN_POINT('',(96.,74.4790554669993,146.816644841473));
#6066=CARTESIAN_POINT('',(120.,74.4790554669992,146.816644841474));
#6067=CARTESIAN_POINT('',(106.,74.4790554669992,146.816644841473));
#6068=CARTESIAN_POINT('',(106.,75.,149.77106810051));
#6069=CARTESIAN_POINT('',(106.,75.,149.77106810051));
#6070=CARTESIAN_POINT('',(4.16333634234434E-13,75.,149.77106810051));
#6071=CARTESIAN_POINT('',(120.,75.,149.77106810051));
#6072=CARTESIAN_POINT('',(120.,74.4790554669992,146.816644841473));
#6073=CARTESIAN_POINT('',(106.,65.1519224698779,151.507549877179));
#6074=CARTESIAN_POINT('',(106.,65.1519224698779,151.507549877179));
#6075=CARTESIAN_POINT('',(96.,65.1519224698779,151.507549877179));
#6076=CARTESIAN_POINT('',(106.,64.6309779368772,148.553126618143));
#6077=CARTESIAN_POINT('',(96.,64.6309779368772,148.553126618143));
#6078=CARTESIAN_POINT('',(96.,65.1519224698779,151.507549877179));
#6079=CARTESIAN_POINT('',(96.,-35.,169.167035978441));
#6080=CARTESIAN_POINT('',(96.,27.8738878094156,158.080673175604));
#6081=CARTESIAN_POINT('',(96.,-35.5209445330008,166.212612719404));
#6082=CARTESIAN_POINT('',(110.,53.9473268224266,150.436942562096));
#6083=CARTESIAN_POINT('',(110.,53.9473268224266,150.436942562096));
#6084=CARTESIAN_POINT('',(110.,49.5156919338717,151.218359361597));
#6085=CARTESIAN_POINT('',(110.,54.4682713554274,153.391365821133));
#6086=CARTESIAN_POINT('',(110.,50.0366364668725,154.172782620634));
#6087=CARTESIAN_POINT('',(110.,19.4790554669993,156.514628780439));
#6088=CARTESIAN_POINT('',(110.,19.4790554669993,156.514628780439));
#6089=CARTESIAN_POINT('',(110.,15.0474205784444,157.29604557994));
#6090=CARTESIAN_POINT('',(110.,20.,159.469052039475));
#6091=CARTESIAN_POINT('',(110.,15.5683651114451,160.250468838976));
#6092=CARTESIAN_POINT('',(110.,-14.989215888428,162.592314998781));
#6093=CARTESIAN_POINT('',(110.,-14.989215888428,162.592314998781));
#6094=CARTESIAN_POINT('',(110.,-19.4208507769829,163.373731798282));
#6095=CARTESIAN_POINT('',(110.,-14.4682713554273,165.546738257818));
#6096=CARTESIAN_POINT('',(110.,-18.8999062439822,166.328155057319));
#6097=CARTESIAN_POINT('',(123.,-35.,169.167035978441));
#6098=CARTESIAN_POINT('',(4.16333634234434E-13,-35.,169.167035978441));
#6099=CARTESIAN_POINT('',(120.,-35.,169.167035978441));
#6100=CARTESIAN_POINT('',(123.,-35.5209445330008,166.212612719404));
#6101=CARTESIAN_POINT('',(120.,-35.5209445330008,166.212612719404));
#6102=CARTESIAN_POINT('',(120.,-35.,169.167035978441));
#6103=CARTESIAN_POINT('',(2.22044604925031E-13,27.8738878094156,158.080673175604));
#6104=CARTESIAN_POINT('',(120.,27.8738878094156,158.080673175604));
#6105=CARTESIAN_POINT('',(2.4980018054066E-13,98.,9.71445146547012E-14));
#6106=CARTESIAN_POINT('',(103.,98.,111.208107965668));
#6107=CARTESIAN_POINT('',(98.5,98.,111.208107965668));
#6108=CARTESIAN_POINT('',(103.,98.,31.2081079656684));
#6109=CARTESIAN_POINT('',(98.5,98.,31.2081079656684));
#6110=CARTESIAN_POINT('',(120.,98.,5.13478148889135E-13));
#6111=CARTESIAN_POINT('',(120.,92.,21.2081079656684));
#6112=CARTESIAN_POINT('',(120.,92.,21.2081079656684));
#6113=CARTESIAN_POINT('',(126.,92.,21.2081079656684));
#6114=CARTESIAN_POINT('',(123.,92.,21.2081079656684));
#6115=CARTESIAN_POINT('',(123.,92.,21.2081079656684));
#6116=CARTESIAN_POINT('',(120.,92.,21.2081079656684));
#6117=CARTESIAN_POINT('',(2.4980018054066E-13,95.,9.71445146547012E-14));
#6118=CARTESIAN_POINT('',(103.,95.,111.208107965668));
#6119=CARTESIAN_POINT('',(98.5,95.,111.208107965668));
#6120=CARTESIAN_POINT('',(103.,95.,31.2081079656684));
#6121=CARTESIAN_POINT('',(98.5,95.,31.2081079656684));
#6122=CARTESIAN_POINT('',(120.,95.,121.208107965668));
#6123=CARTESIAN_POINT('',(120.,92.,121.208107965668));
#6124=CARTESIAN_POINT('',(120.,92.,121.208107965668));
#6125=CARTESIAN_POINT('',(126.,92.,121.208107965668));
#6126=CARTESIAN_POINT('',(120.,92.,121.208107965668));
#6127=CARTESIAN_POINT('',(123.,92.,121.208107965668));
#6128=CARTESIAN_POINT('',(123.,92.,121.208107965668));
#6129=CARTESIAN_POINT('',(120.,73.9581109339985,143.862221582437));
#6130=CARTESIAN_POINT('',(120.,73.9581109339985,143.862221582437));
#6131=CARTESIAN_POINT('',(126.,73.9581109339984,143.862221582437));
#6132=CARTESIAN_POINT('',(123.,73.9581109339984,143.862221582437));
#6133=CARTESIAN_POINT('',(123.,73.9581109339985,143.862221582437));
#6134=CARTESIAN_POINT('',(120.,73.9581109339985,143.862221582437));
#6135=CARTESIAN_POINT('',(2.22044604925031E-13,27.3529432764148,155.126249916567));
#6136=CARTESIAN_POINT('',(120.,-35.5209445330008,166.212612719404));
#6137=CARTESIAN_POINT('',(120.,-36.0418890660015,163.258189460368));
#6138=CARTESIAN_POINT('',(120.,-36.0418890660015,163.258189460368));
#6139=CARTESIAN_POINT('',(126.,-36.0418890660015,163.258189460368));
#6140=CARTESIAN_POINT('',(120.,-36.0418890660015,163.258189460368));
#6141=CARTESIAN_POINT('',(123.,-36.0418890660015,163.258189460368));
#6142=CARTESIAN_POINT('',(123.,-36.0418890660015,163.258189460368));
#6143=CARTESIAN_POINT('',(120.,-93.560072797562,173.400197133589));
#6144=CARTESIAN_POINT('',(126.,73.9581109339984,143.862221582437));
#6145=CARTESIAN_POINT('',(120.,92.,171.486168364341));
#6146=CARTESIAN_POINT('',(126.,92.,21.2081079656684));
#6147=CARTESIAN_POINT('',(123.,89.5,20.7081079656684));
#6148=CARTESIAN_POINT('',(123.,89.5,20.7081079656684));
#6149=CARTESIAN_POINT('',(123.,89.5,21.2081079656684));
#6150=CARTESIAN_POINT('',(123.,89.,20.7081079656684));
#6151=CARTESIAN_POINT('',(123.,89.5,21.2081079656684));
#6152=CARTESIAN_POINT('',(126.,89.5,21.2081079656684));
#6153=CARTESIAN_POINT('',(126.,89.5,20.7081079656684));
#6154=CARTESIAN_POINT('',(126.,89.,20.7081079656684));
#6155=CARTESIAN_POINT('',(126.,89.,20.7081079656684));
#6156=CARTESIAN_POINT('',(123.,89.,21.2081079656684));
#6157=CARTESIAN_POINT('',(126.,0.,21.2081079656684));
#6158=CARTESIAN_POINT('',(123.,89.,21.2081079656684));
#6159=CARTESIAN_POINT('',(120.,92.,171.486168364341));
#6160=CARTESIAN_POINT('',(123.,92.,21.2081079656684));
#6161=CARTESIAN_POINT('',(123.,92.,121.208107965668));
#6162=CARTESIAN_POINT('',(123.,92.,121.208107965668));
#6163=CARTESIAN_POINT('',(123.,89.5,121.208107965668));
#6164=CARTESIAN_POINT('',(126.,89.5,121.208107965668));
#6165=CARTESIAN_POINT('',(126.,89.5,121.208107965668));
#6166=CARTESIAN_POINT('',(126.,0.,121.208107965668));
#6167=CARTESIAN_POINT('',(123.,89.5,121.708107965668));
#6168=CARTESIAN_POINT('',(123.,89.5,121.708107965668));
#6169=CARTESIAN_POINT('',(123.,89.,121.708107965668));
#6170=CARTESIAN_POINT('',(123.,89.,121.708107965668));
#6171=CARTESIAN_POINT('',(126.,89.,121.708107965668));
#6172=CARTESIAN_POINT('',(126.,89.5,121.708107965668));
#6173=CARTESIAN_POINT('',(123.,89.,121.208107965668));
#6174=CARTESIAN_POINT('',(126.,89.,-120.832964021558));
#6175=CARTESIAN_POINT('',(126.,89.,124.208107965668));
#6176=CARTESIAN_POINT('',(123.,89.,121.208107965668));
#6177=CARTESIAN_POINT('',(123.,89.,124.208107965668));
#6178=CARTESIAN_POINT('',(123.,89.,124.208107965668));
#6179=CARTESIAN_POINT('',(123.,79.2225659959452,126.306150933854));
#6180=CARTESIAN_POINT('',(123.,79.2225659959452,126.306150933854));
#6181=CARTESIAN_POINT('',(123.,87.4140864388351,132.041915297364));
#6182=CARTESIAN_POINT('',(-126.007525,87.4140864388351,132.041915297363));
#6183=CARTESIAN_POINT('',(126.,87.4140864388351,132.041915297364));
#6184=CARTESIAN_POINT('',(126.,79.2225659959452,126.306150933854));
#6185=CARTESIAN_POINT('',(-126.007525,120.695139125349,84.5116462408385));
#6186=CARTESIAN_POINT('',(126.,120.695139125349,84.5116462408394));
#6187=CARTESIAN_POINT('',(126.,83.3399837977272,137.860336863525));
#6188=CARTESIAN_POINT('',(123.,177.468061444723,3.43151039350066));
#6189=CARTESIAN_POINT('',(123.,83.3399837977272,137.860336863525));
#6190=CARTESIAN_POINT('',(-126.007525,83.3399837977272,137.860336863524));
#6191=CARTESIAN_POINT('',(123.,75.1484633548373,132.124572500015));
#6192=CARTESIAN_POINT('',(123.,75.1484633548373,132.124572500015));
#6193=CARTESIAN_POINT('',(123.,75.1748502970163,142.124537686418));
#6194=CARTESIAN_POINT('',(123.,75.1748502970163,142.124537686418));
#6195=CARTESIAN_POINT('',(126.,75.1748502970163,142.124537686418));
#6196=CARTESIAN_POINT('',(126.,75.1484633548373,132.124572500015));
#6197=CARTESIAN_POINT('',(123.,75.1748502970163,142.124537686418));
#6198=CARTESIAN_POINT('',(123.,75.1748502970163,142.124537686418));
#6199=CARTESIAN_POINT('',(123.,74.1900425440041,142.298185864085));
#6200=CARTESIAN_POINT('',(126.,74.1900425440041,142.298185864085));
#6201=CARTESIAN_POINT('',(126.,74.1900425440041,142.298185864085));
#6202=CARTESIAN_POINT('',(126.,47.2351803134719,147.051055336607));
#6203=CARTESIAN_POINT('',(123.,74.2768666328376,142.790589740591));
#6204=CARTESIAN_POINT('',(123.,74.2768666328376,142.790589740591));
#6205=CARTESIAN_POINT('',(123.,73.7844627563315,142.877413829425));
#6206=CARTESIAN_POINT('',(123.,73.7844627563315,142.877413829425));
#6207=CARTESIAN_POINT('',(126.,73.7844627563315,142.877413829425));
#6208=CARTESIAN_POINT('',(126.,74.2768666328376,142.790589740591));
#6209=CARTESIAN_POINT('',(123.,73.697638667498,142.385009952919));
#6210=CARTESIAN_POINT('',(126.,26.4624583540232,-125.499009405246));
#6211=CARTESIAN_POINT('',(123.,73.697638667498,142.385009952919));
#6212=CARTESIAN_POINT('',(120.,-93.560072797562,173.400197133589));
#6213=CARTESIAN_POINT('',(123.,73.9581109339984,143.862221582437));
#6214=CARTESIAN_POINT('',(123.,-36.0418890660015,163.258189460368));
#6215=CARTESIAN_POINT('',(123.,-36.0418890660015,163.258189460368));
#6216=CARTESIAN_POINT('',(123.,-36.2155372436684,162.273381707356));
#6217=CARTESIAN_POINT('',(126.,-36.2155372436684,162.273381707356));
#6218=CARTESIAN_POINT('',(126.,-36.2155372436684,162.273381707356));
#6219=CARTESIAN_POINT('',(126.,-83.5375416459754,-106.103041527315));
#6220=CARTESIAN_POINT('',(123.,-36.7079411201745,162.360205796189));
#6221=CARTESIAN_POINT('',(123.,-36.7079411201745,162.360205796189));
#6222=CARTESIAN_POINT('',(123.,-36.794765209008,161.867801919683));
#6223=CARTESIAN_POINT('',(123.,-36.794765209008,161.867801919683));
#6224=CARTESIAN_POINT('',(126.,-36.794765209008,161.867801919683));
#6225=CARTESIAN_POINT('',(126.,-36.7079411201745,162.360205796189));
#6226=CARTESIAN_POINT('',(123.,-36.3023613325019,161.78097783085));
#6227=CARTESIAN_POINT('',(126.,47.2351803134722,147.051055336608));
#6228=CARTESIAN_POINT('',(126.,-37.7795729620202,162.04145009735));
#6229=CARTESIAN_POINT('',(123.,-36.3023613325019,161.78097783085));
#6230=CARTESIAN_POINT('',(123.,-37.7795729620202,162.04145009735));
#6231=CARTESIAN_POINT('',(123.,-37.7795729620202,162.04145009735));
#6232=CARTESIAN_POINT('',(123.,-41.1749668734754,152.635531737825));
#6233=CARTESIAN_POINT('',(123.,-41.1749668734754,152.635531737825));
#6234=CARTESIAN_POINT('',(123.,-46.9107312369858,160.827052180715));
#6235=CARTESIAN_POINT('',(123.,-46.9107312369858,160.827052180715));
#6236=CARTESIAN_POINT('',(126.,-46.9107312369858,160.827052180715));
#6237=CARTESIAN_POINT('',(126.,-41.1749668734754,152.635531737825));
#6238=CARTESIAN_POINT('',(-126.007525,-90.9971551863833,129.957405798637));
#6239=CARTESIAN_POINT('',(126.,-90.9971551863833,129.957405798638));
#6240=CARTESIAN_POINT('',(126.,-70.7357643635105,144.144584387427));
#6241=CARTESIAN_POINT('',(123.,-147.770077505757,90.2045776244189));
#6242=CARTESIAN_POINT('',(123.,-70.7357643635105,144.144584387427));
#6243=CARTESIAN_POINT('',(126.,-70.7357643635104,144.144584387427));
#6244=CARTESIAN_POINT('',(-126.007525,-65.,135.953063944536));
#6245=CARTESIAN_POINT('',(123.,-65.,135.953063944537));
#6246=CARTESIAN_POINT('',(123.,-75.,135.953063944537));
#6247=CARTESIAN_POINT('',(123.,-75.,135.953063944537));
#6248=CARTESIAN_POINT('',(126.,-75.,135.953063944537));
#6249=CARTESIAN_POINT('',(126.,-65.,135.953063944537));
#6250=CARTESIAN_POINT('',(123.,-75.,-0.832964021557858));
#6251=CARTESIAN_POINT('',(126.,-75.,-0.832964021557844));
#6252=CARTESIAN_POINT('',(126.,-75.,10.8637737546902));
#6253=CARTESIAN_POINT('',(123.,-75.,-0.832964021557858));
#6254=CARTESIAN_POINT('',(123.,-75.,10.8637737546902));
#6255=CARTESIAN_POINT('',(123.,-75.,10.8637737546902));
#6256=CARTESIAN_POINT('',(124.,-75.,10.8637737546902));
#6257=CARTESIAN_POINT('',(125.,-75.,10.8637737546902));
#6258=CARTESIAN_POINT('',(126.,-75.,10.8637737546903));
#6259=CARTESIAN_POINT('',(123.,79.037198771318,17.3463703734911));
#6260=CARTESIAN_POINT('',(126.,79.037198771318,17.3463703734911));
#6261=CARTESIAN_POINT('',(126.,86.1082665831835,10.2753025616256));
#6262=CARTESIAN_POINT('',(126.,89.,18.2081079656684));
#6263=CARTESIAN_POINT('',(123.,86.1082665831835,10.2753025616256));
#6264=CARTESIAN_POINT('',(123.,86.1082665831835,10.2753025616256));
#6265=CARTESIAN_POINT('',(123.,79.037198771318,17.3463703734911));
#6266=CARTESIAN_POINT('',(123.,89.,18.2081079656684));
#6267=CARTESIAN_POINT('',(123.,89.,18.2081079656684));
#6268=CARTESIAN_POINT('',(123.,89.,18.2081079656684));
#6269=CARTESIAN_POINT('',(123.,89.,18.2081079656684));
#6270=CARTESIAN_POINT('',(126.,89.,-120.832964021558));
#6271=CARTESIAN_POINT('',(-126.007525,8.5,71.2081079656675));
#6272=CARTESIAN_POINT('',(126.,8.5,71.2081079656684));
#6273=CARTESIAN_POINT('',(126.,8.5,58.2081079656684));
#6274=CARTESIAN_POINT('',(123.,8.5,71.2081079656684));
#6275=CARTESIAN_POINT('',(123.,8.5,58.2081079656684));
#6276=CARTESIAN_POINT('',(-126.007525,8.5,89.8981079656676));
#6277=CARTESIAN_POINT('',(126.,8.5,89.8981079656684));
#6278=CARTESIAN_POINT('',(126.,8.5,88.2981079656684));
#6279=CARTESIAN_POINT('',(123.,8.5,89.8981079656685));
#6280=CARTESIAN_POINT('',(123.,8.5,88.2981079656685));
#6281=CARTESIAN_POINT('',(-126.007525,-1.49999999999998,28.5181079656676));
#6282=CARTESIAN_POINT('',(126.,-1.49999999999998,28.5181079656684));
#6283=CARTESIAN_POINT('',(126.,-1.49999999999998,26.9181079656684));
#6284=CARTESIAN_POINT('',(123.,-1.49999999999998,28.5181079656684));
#6285=CARTESIAN_POINT('',(123.,-1.49999999999998,26.9181079656684));
#6286=CARTESIAN_POINT('',(-126.007525,8.5,28.5181079656676));
#6287=CARTESIAN_POINT('',(126.,8.5,28.5181079656684));
#6288=CARTESIAN_POINT('',(126.,8.5,26.9181079656684));
#6289=CARTESIAN_POINT('',(123.,8.5,28.5181079656684));
#6290=CARTESIAN_POINT('',(123.,8.5,26.9181079656684));
#6291=CARTESIAN_POINT('',(-126.007525,18.5,89.8981079656676));
#6292=CARTESIAN_POINT('',(126.,18.5,89.8981079656684));
#6293=CARTESIAN_POINT('',(126.,18.5,88.2981079656684));
#6294=CARTESIAN_POINT('',(123.,18.5,89.8981079656685));
#6295=CARTESIAN_POINT('',(123.,18.5,88.2981079656685));
#6296=CARTESIAN_POINT('',(-126.007525,-1.49999999999998,89.8981079656676));
#6297=CARTESIAN_POINT('',(126.,-1.49999999999998,89.8981079656684));
#6298=CARTESIAN_POINT('',(126.,-1.49999999999998,88.2981079656684));
#6299=CARTESIAN_POINT('',(123.,-1.49999999999998,89.8981079656685));
#6300=CARTESIAN_POINT('',(123.,-1.49999999999998,88.2981079656685));
#6301=CARTESIAN_POINT('',(-126.007525,18.5,28.5181079656676));
#6302=CARTESIAN_POINT('',(126.,18.5,28.5181079656684));
#6303=CARTESIAN_POINT('',(126.,18.5,26.9181079656684));
#6304=CARTESIAN_POINT('',(123.,18.5,28.5181079656684));
#6305=CARTESIAN_POINT('',(123.,18.5,26.9181079656684));
#6306=CARTESIAN_POINT('',(-126.007525,37.25,21.4116472480624));
#6307=CARTESIAN_POINT('',(126.,37.25,21.4116472480632));
#6308=CARTESIAN_POINT('',(126.,37.25,18.8366472480632));
#6309=CARTESIAN_POINT('',(123.,37.25,21.4116472480632));
#6310=CARTESIAN_POINT('',(123.,37.25,18.8366472480632));
#6311=CARTESIAN_POINT('',(-126.007525,-20.25,21.4116472480623));
#6312=CARTESIAN_POINT('',(126.,-20.25,21.4116472480632));
#6313=CARTESIAN_POINT('',(126.,-20.25,18.8366472480632));
#6314=CARTESIAN_POINT('',(123.,-20.25,21.4116472480632));
#6315=CARTESIAN_POINT('',(123.,-20.25,18.8366472480632));
#6316=CARTESIAN_POINT('',(-126.007525,-49.,71.2081079656675));
#6317=CARTESIAN_POINT('',(126.,-49.,71.2081079656684));
#6318=CARTESIAN_POINT('',(126.,-49.,68.6331079656684));
#6319=CARTESIAN_POINT('',(123.,-49.,71.2081079656684));
#6320=CARTESIAN_POINT('',(123.,-49.,68.6331079656684));
#6321=CARTESIAN_POINT('',(-126.007525,-20.25,121.004568683273));
#6322=CARTESIAN_POINT('',(126.,-20.25,121.004568683274));
#6323=CARTESIAN_POINT('',(126.,-20.25,118.429568683274));
#6324=CARTESIAN_POINT('',(123.,-20.25,121.004568683274));
#6325=CARTESIAN_POINT('',(123.,-20.25,118.429568683274));
#6326=CARTESIAN_POINT('',(-126.007525,37.25,121.004568683273));
#6327=CARTESIAN_POINT('',(126.,37.25,121.004568683274));
#6328=CARTESIAN_POINT('',(126.,37.25,118.429568683274));
#6329=CARTESIAN_POINT('',(123.,37.25,121.004568683274));
#6330=CARTESIAN_POINT('',(123.,37.25,118.429568683274));
#6331=CARTESIAN_POINT('',(-126.007525,66.,71.2081079656676));
#6332=CARTESIAN_POINT('',(126.,66.,71.2081079656684));
#6333=CARTESIAN_POINT('',(126.,66.,68.6331079656684));
#6334=CARTESIAN_POINT('',(123.,66.,71.2081079656685));
#6335=CARTESIAN_POINT('',(123.,66.,68.6331079656685));
#6336=CARTESIAN_POINT('',(123.,0.,-120.832964021558));
#6337=CARTESIAN_POINT('',(123.,95.,19.1670359784421));
#6338=CARTESIAN_POINT('',(123.,-65.,10.8637737546902));
#6339=CARTESIAN_POINT('',(123.,-65.,10.8637737546902));
#6340=CARTESIAN_POINT('',(126.,-65.,10.8637737546902));
#6341=CARTESIAN_POINT('',(126.,0.,-120.832964021558));
#6342=CARTESIAN_POINT('',(126.,95.,19.1670359784421));
#6343=CARTESIAN_POINT('',(123.,95.,19.1670359784421));
#6344=CARTESIAN_POINT('',(-126.,-73.7374884757113,6.0000000000002));
#6345=CARTESIAN_POINT('',(-126.,-73.4405536704173,5.35231610007019));
#6346=CARTESIAN_POINT('',(-125.895985001057,-73.1478439222264,4.77056250865886));
#6347=CARTESIAN_POINT('',(-125.59390714685,-72.5686810969892,3.7678802652585));
#6348=CARTESIAN_POINT('',(-125.396094841282,-72.2822927131757,3.34631042756203));
#6349=CARTESIAN_POINT('',(-125.196152422706,-72.,2.9999999999997));
#6350=CARTESIAN_POINT('',(-123.,-73.7374884757113,6.0000000000001));
#6351=CARTESIAN_POINT('',(-123.,-73.4406788987323,5.67629462608151));
#6352=CARTESIAN_POINT('',(-122.947992500528,-73.1478439222264,5.38528125432943));
#6353=CARTESIAN_POINT('',(-122.796953573425,-72.5686810969892,4.88394013262925));
#6354=CARTESIAN_POINT('',(-122.698100638668,-72.2824429870538,4.6732473901082));
#6355=CARTESIAN_POINT('',(-122.598076211353,-72.,4.49999999999985));
#6356=CARTESIAN_POINT('',(-126.,-73.7374884757113,6.));
#6357=CARTESIAN_POINT('',(-125.,-73.7374884757113,6.));
#6358=CARTESIAN_POINT('',(-124.,-73.7374884757113,6.));
#6359=CARTESIAN_POINT('',(-123.,-73.7374884757113,5.99999999999999));
#6360=CARTESIAN_POINT('',(-123.,-73.7374884757113,6.0000000000001));
#6361=CARTESIAN_POINT('',(-126.,-73.7374884757113,6.));
#6362=CARTESIAN_POINT('',(-126.,-73.737488475711,6.0000000000002));
#6363=CARTESIAN_POINT('',(-126.,-73.144351483675,4.70623021166454));
#6364=CARTESIAN_POINT('',(-125.596465384133,-72.5651900599892,3.69336397766612));
#6365=CARTESIAN_POINT('',(-125.19615540078,-72.0000042046536,3.00000515818033));
#6366=CARTESIAN_POINT('',(-125.19615540078,-72.0000042046533,3.00000515818035));
#6367=CARTESIAN_POINT('',(-125.196152422706,-72.,2.9999999999997));
#6368=CARTESIAN_POINT('',(-124.330127018922,-72.,3.49999999999975));
#6369=CARTESIAN_POINT('',(-123.464101615137,-72.,3.9999999999998));
#6370=CARTESIAN_POINT('',(-122.598076211353,-72.,4.49999999999985));
#6371=CARTESIAN_POINT('',(-122.598076211353,-72.,4.49999999999985));
#6372=CARTESIAN_POINT('',(-123.,-73.737488475711,6.0000000000001));
#6373=CARTESIAN_POINT('',(-123.,-73.1443500128103,5.35311350168324));
#6374=CARTESIAN_POINT('',(-122.798231737793,-72.5651871875733,4.84667954120954));
#6375=CARTESIAN_POINT('',(-122.598076211353,-72.,4.49999999999985));
#6376=CARTESIAN_POINT('',(-125.196152422706,-72.,2.99999999999976));
#6377=CARTESIAN_POINT('',(-124.962521793585,-71.6309182735427,2.59533988015705));
#6378=CARTESIAN_POINT('',(-124.715589778181,-71.3232037452818,2.27471073938392));
#6379=CARTESIAN_POINT('',(-124.378919074236,-70.9526847540612,1.89467303383479));
#6380=CARTESIAN_POINT('',(-124.272065484366,-70.8444093347452,1.7847590250325));
#6381=CARTESIAN_POINT('',(-124.161245194017,-70.7397342629919,1.67746229803028));
#6382=CARTESIAN_POINT('',(-124.149061077721,-70.7283416824496,1.66576777635075));
#6383=CARTESIAN_POINT('',(-124.130986033506,-70.7116097861148,1.64856074502074));
#6384=CARTESIAN_POINT('',(-124.124994537265,-70.7060919830829,1.64288086067647));
#6385=CARTESIAN_POINT('',(-124.113079753064,-70.6951753685122,1.63163164652277));
#6386=CARTESIAN_POINT('',(-124.100984842784,-70.6841475653806,1.62025965915902));
#6387=CARTESIAN_POINT('',(-124.048979637204,-70.6371716175582,1.57179516728656));
#6388=CARTESIAN_POINT('',(-124.006713480413,-70.600132527175,1.53351192359096));
#6389=CARTESIAN_POINT('',(-123.877954505378,-70.4906402596496,1.42020268379276));
#6390=CARTESIAN_POINT('',(-123.789500210626,-70.4198120861317,1.34671717844407));
#6391=CARTESIAN_POINT('',(-122.970591487938,-69.8018585679611,0.70564739652502));
#6392=CARTESIAN_POINT('',(-122.076601725318,-69.3917375856963,0.28202370646709));
#6393=CARTESIAN_POINT('',(-121.089532881556,-69.1192754634607,0.0997527085715871));
#6394=CARTESIAN_POINT('',(-122.598076211353,-72.,4.49999999999988));
#6395=CARTESIAN_POINT('',(-122.481298481494,-71.6310370236113,4.29773503869159));
#6396=CARTESIAN_POINT('',(-122.35779488909,-71.3232037452818,4.13735536969196));
#6397=CARTESIAN_POINT('',(-122.189459537118,-70.9526847540612,3.9473365169174));
#6398=CARTESIAN_POINT('',(-122.136032742183,-70.8444093347452,3.89237951251625));
#6399=CARTESIAN_POINT('',(-122.080622597008,-70.7397342629919,3.83873114901514));
#6400=CARTESIAN_POINT('',(-122.07453053886,-70.7283416824496,3.83288388817537));
#6401=CARTESIAN_POINT('',(-122.065493016753,-70.7116097861148,3.82428037251037));
#6402=CARTESIAN_POINT('',(-122.062497268632,-70.7060919830829,3.82144043033824));
#6403=CARTESIAN_POINT('',(-122.056539876532,-70.6951753685122,3.81581582326139));
#6404=CARTESIAN_POINT('',(-122.050492421392,-70.6841475653806,3.81012982957951));
#6405=CARTESIAN_POINT('',(-122.024489818602,-70.6371716175582,3.78589758364328));
#6406=CARTESIAN_POINT('',(-122.003356740206,-70.600132527175,3.76675596179548));
#6407=CARTESIAN_POINT('',(-121.938977252689,-70.4906402596496,3.71010134189638));
#6408=CARTESIAN_POINT('',(-121.894750105313,-70.4198120861317,3.67335858922203));
#6409=CARTESIAN_POINT('',(-121.485295743969,-69.8018585679611,3.35282369826251));
#6410=CARTESIAN_POINT('',(-121.038144982372,-69.3916515299484,3.14098306855899));
#6411=CARTESIAN_POINT('',(-120.544766440778,-69.1192754634607,3.04987635428579));
#6412=CARTESIAN_POINT('',(-125.196152422706,-71.999999999999,2.99999999999975));
#6413=CARTESIAN_POINT('',(-125.079407369587,-71.8155701334086,2.79779163646594));
#6414=CARTESIAN_POINT('',(-124.838616457571,-71.4772022417865,2.43497760730156));
#6415=CARTESIAN_POINT('',(-124.544435806917,-71.1302465678119,2.0762220499078));
#6416=CARTESIAN_POINT('',(-124.32572136756,-70.8986902869822,1.83986293325613));
#6417=CARTESIAN_POINT('',(-124.196382384033,-70.7722924190718,1.7109796902106));
#6418=CARTESIAN_POINT('',(-124.102044674137,-70.6842315414004,1.62041795119981));
#6419=CARTESIAN_POINT('',(-123.916027598369,-70.5203442166254,1.45105378436815));
#6420=CARTESIAN_POINT('',(-123.617020970097,-70.2822604739634,1.20398040177051));
#6421=CARTESIAN_POINT('',(-123.130771616129,-69.9551480954604,0.864749555903421));
#6422=CARTESIAN_POINT('',(-122.289984542433,-69.5120450118472,0.41824864108635));
#6423=CARTESIAN_POINT('',(-121.582157339622,-69.25525553564,0.190720474022554));
#6424=CARTESIAN_POINT('',(-121.089536348998,-69.1192764205851,0.0997533488665591));
#6425=CARTESIAN_POINT('',(-121.089536348998,-69.1192764205848,0.0997533488665574));
#6426=CARTESIAN_POINT('',(-121.089532881556,-69.1192754634607,0.0997527085715871));
#6427=CARTESIAN_POINT('',(-120.907944067963,-69.1192754634607,1.08312725714299));
#6428=CARTESIAN_POINT('',(-120.726355254371,-69.1192754634607,2.06650180571439));
#6429=CARTESIAN_POINT('',(-120.544766440778,-69.1192754634607,3.04987635428579));
#6430=CARTESIAN_POINT('',(-120.544766440778,-69.1192754634607,3.04987635428579));
#6431=CARTESIAN_POINT('',(-122.598076211353,-71.999999999999,4.49999999999988));
#6432=CARTESIAN_POINT('',(-122.481331089756,-71.6311400504586,4.29779151785802));
#6433=CARTESIAN_POINT('',(-122.326850597193,-71.2460443255977,4.09718842478714));
#6434=CARTESIAN_POINT('',(-122.162865917593,-70.898687319115,3.91993264853516));
#6435=CARTESIAN_POINT('',(-122.098190402233,-70.7722924983854,3.85548955303351));
#6436=CARTESIAN_POINT('',(-122.051021931878,-70.6842305186439,3.8102085097118));
#6437=CARTESIAN_POINT('',(-121.958013213167,-70.5203433962814,3.72552643183388));
#6438=CARTESIAN_POINT('',(-121.808509837389,-70.2822594158341,3.60198967658837));
#6439=CARTESIAN_POINT('',(-121.565384916222,-69.9551470517448,3.43237423213878));
#6440=CARTESIAN_POINT('',(-121.144991032887,-69.5120438951374,3.20912378468544));
#6441=CARTESIAN_POINT('',(-120.791077129637,-69.2552544956024,3.09535980291699));
#6442=CARTESIAN_POINT('',(-120.544766440778,-69.119275463461,3.04987635428579));
#6443=CARTESIAN_POINT('',(-121.089532880717,-69.1192754663965,0.0997527084166333));
#6444=CARTESIAN_POINT('',(-120.922670955616,-69.0973508501722,0.0689401771865427));
#6445=CARTESIAN_POINT('',(-120.754502082914,-69.0754263358059,0.0452104217691512));
#6446=CARTESIAN_POINT('',(-120.585629296439,-69.0535017195816,0.0286485342803453));
#6447=CARTESIAN_POINT('',(-120.544766440358,-69.1192754663965,3.04987635420832));
#6448=CARTESIAN_POINT('',(-120.461335483812,-69.0973508517501,3.0344700897021));
#6449=CARTESIAN_POINT('',(-120.37725103538,-69.0754263342279,3.02260521028857));
#6450=CARTESIAN_POINT('',(-120.292814648219,-69.0535017195816,3.01432426714017));
#6451=CARTESIAN_POINT('',(-121.089532880717,-69.119275466396,0.0997527084166333));
#6452=CARTESIAN_POINT('',(-120.922671214019,-69.0973508841243,0.0689402249031108));
#6453=CARTESIAN_POINT('',(-120.754501821396,-69.0754263018527,0.0452103961212606));
#6454=CARTESIAN_POINT('',(-120.585629296439,-69.053501719581,0.0286485342803466));
#6455=CARTESIAN_POINT('',(-120.585629296439,-69.0535017195816,0.0286485342803457));
#6456=CARTESIAN_POINT('',(-120.585629296439,-69.0535017195816,0.0286485342803453));
#6457=CARTESIAN_POINT('',(-120.488024413699,-69.0535017195816,1.02387377856695));
#6458=CARTESIAN_POINT('',(-120.390419530959,-69.0535017195816,2.01909902285356));
#6459=CARTESIAN_POINT('',(-120.292814648219,-69.0535017195816,3.01432426714017));
#6460=CARTESIAN_POINT('',(-120.292814648219,-69.0535017195816,3.01432426714017));
#6461=CARTESIAN_POINT('',(-120.544766440358,-69.119275466396,3.04987635420832));
#6462=CARTESIAN_POINT('',(-120.46133560701,-69.0973508841243,3.03447011245156));
#6463=CARTESIAN_POINT('',(-120.377250910698,-69.0754263018527,3.02260519806063));
#6464=CARTESIAN_POINT('',(-120.292814648219,-69.053501719581,3.01432426714017));
#6465=CARTESIAN_POINT('',(-120.585629296439,-69.0535017195816,0.0286485342803453));
#6466=CARTESIAN_POINT('',(-120.391041274973,-69.0356677641445,0.0095646724844551));
#6467=CARTESIAN_POINT('',(-120.195521589291,-69.017833955437,3.25322958307664E-16));
#6468=CARTESIAN_POINT('',(-120.,-69.,0.));
#6469=CARTESIAN_POINT('',(-120.292814648219,-69.0535017195816,3.01432426714017));
#6470=CARTESIAN_POINT('',(-120.195520643843,-69.0356677653097,3.00478233686565));
#6471=CARTESIAN_POINT('',(-120.097760788258,-69.0178339542719,3.));
#6472=CARTESIAN_POINT('',(-120.,-69.,3.));
#6473=CARTESIAN_POINT('',(-120.585629296439,-69.053501719581,0.0286485342803466));
#6474=CARTESIAN_POINT('',(-120.391041808633,-69.035667813054,0.00956472482219931));
#6475=CARTESIAN_POINT('',(-120.19552105307,-69.017833906527,3.59166347713613E-17));
#6476=CARTESIAN_POINT('',(-120.,-69.,0.));
#6477=CARTESIAN_POINT('',(-120.292814648219,-69.053501719581,3.01432426714017));
#6478=CARTESIAN_POINT('',(-120.195520904316,-69.035667813054,3.0047823624111));
#6479=CARTESIAN_POINT('',(-120.097760526535,-69.017833906527,3.));
#6480=CARTESIAN_POINT('',(-120.,-69.,3.));
#6481=CARTESIAN_POINT('',(-120.,75.0449101394376,0.));
#6482=CARTESIAN_POINT('',(-120.067331776558,75.0787556304921,-6.86942583092125E-15));
#6483=CARTESIAN_POINT('',(-120.134663545321,75.1126011183522,0.00113349892697746));
#6484=CARTESIAN_POINT('',(-120.201957168836,75.1464466094067,0.00339985475471434));
#6485=CARTESIAN_POINT('',(-120.,75.0449101394376,3.));
#6486=CARTESIAN_POINT('',(-120.03366588788,75.0787556300911,3.));
#6487=CARTESIAN_POINT('',(-120.067331773059,75.1126011187532,3.00056674947691));
#6488=CARTESIAN_POINT('',(-120.100978584418,75.1464466094067,3.00169992737736));
#6489=CARTESIAN_POINT('',(-119.999999999999,75.0449101394378,0.));
#6490=CARTESIAN_POINT('',(-120.067331024804,75.0787552526105,-6.7452533339357E-15));
#6491=CARTESIAN_POINT('',(-120.134662048168,75.1126003657832,0.0011334737565298));
#6492=CARTESIAN_POINT('',(-120.201954921206,75.1464454789558,0.00339977905806921));
#6493=CARTESIAN_POINT('',(-120.201954921206,75.1464454789556,0.00339977905806921));
#6494=CARTESIAN_POINT('',(-120.201957168836,75.1464466094067,0.00339985475471434));
#6495=CARTESIAN_POINT('',(-120.168297640697,75.1464466094067,1.0028332122956));
#6496=CARTESIAN_POINT('',(-120.134638112557,75.1464466094067,2.00226656983648));
#6497=CARTESIAN_POINT('',(-120.100978584418,75.1464466094067,3.00169992737736));
#6498=CARTESIAN_POINT('',(-120.100978584418,75.1464466094067,3.00169992737736));
#6499=CARTESIAN_POINT('',(-120.,75.0449101394378,3.));
#6500=CARTESIAN_POINT('',(-120.03366588722,75.0787556294275,3.));
#6501=CARTESIAN_POINT('',(-120.067331773719,75.1126011194172,3.00056674949914));
#6502=CARTESIAN_POINT('',(-120.100978584418,75.1464466094069,3.00169992737736));
#6503=CARTESIAN_POINT('',(-120.201957168836,75.1464466094067,0.00339985475471564));
#6504=CARTESIAN_POINT('',(-120.970170159665,75.7037168007092,0.0292722019069271));
#6505=CARTESIAN_POINT('',(-121.732908503871,76.2608661780986,0.204508595962039));
#6506=CARTESIAN_POINT('',(-123.137728196696,77.3752857467904,0.828408923674752));
#6507=CARTESIAN_POINT('',(-123.779219262106,77.9324955311363,1.27684488228505));
#6508=CARTESIAN_POINT('',(-124.847685514582,79.0469150998282,2.3819013765818));
#6509=CARTESIAN_POINT('',(-125.27427508377,79.6041248841741,3.03812308868433));
#6510=CARTESIAN_POINT('',(-125.850536315086,80.718544452866,4.46314694166039));
#6511=CARTESIAN_POINT('',(-126.,81.2756938302553,5.23135146027245));
#6512=CARTESIAN_POINT('',(-126.,81.8329640215578,6.00000000000009));
#6513=CARTESIAN_POINT('',(-120.100978584418,75.1464466094067,3.00169992737736));
#6514=CARTESIAN_POINT('',(-120.485063917756,75.7036860983016,3.01463538824412));
#6515=CARTESIAN_POINT('',(-120.866454251936,76.2608661780986,3.10225429798102));
#6516=CARTESIAN_POINT('',(-121.568864098348,77.3752857467904,3.41420446183738));
#6517=CARTESIAN_POINT('',(-121.889609631053,77.9324955311363,3.63842244114253));
#6518=CARTESIAN_POINT('',(-122.423842757291,79.0469150998282,4.1909506882909));
#6519=CARTESIAN_POINT('',(-122.637137541885,79.6041248841741,4.51906154434216));
#6520=CARTESIAN_POINT('',(-122.925268157543,80.718544452866,5.23157347083019));
#6521=CARTESIAN_POINT('',(-123.,81.2757245326629,5.61569690421047));
#6522=CARTESIAN_POINT('',(-123.,81.8329640215578,6.));
#6523=CARTESIAN_POINT('',(-120.201957168836,75.1464466094069,0.00339985475471434));
#6524=CARTESIAN_POINT('',(-121.738216605038,76.2608661780988,0.0551389400393938));
#6525=CARTESIAN_POINT('',(-124.757796474168,78.4897053154825,1.39974200863458));
#6526=CARTESIAN_POINT('',(-126.,80.7185444528662,4.46286956042511));
#6527=CARTESIAN_POINT('',(-126.,81.832964021558,6.00000000000008));
#6528=CARTESIAN_POINT('',(-126.,81.8329640215578,5.99999999999989));
#6529=CARTESIAN_POINT('',(-123.,81.8329640215578,5.99999999999989));
#6530=CARTESIAN_POINT('',(-124.,81.8329640215578,5.99999999999989));
#6531=CARTESIAN_POINT('',(-125.,81.8329640215578,5.99999999999989));
#6532=CARTESIAN_POINT('',(-126.,81.8329640215578,5.9999999999999));
#6533=CARTESIAN_POINT('',(-123.,81.8329640215578,5.99999999999992));
#6534=CARTESIAN_POINT('',(-120.100978584418,75.1464466094069,3.00169992737736));
#6535=CARTESIAN_POINT('',(-120.869108302519,76.2608661780988,3.0275694700197));
#6536=CARTESIAN_POINT('',(-122.378898237084,78.4897053154825,3.69987100431729));
#6537=CARTESIAN_POINT('',(-123.,80.7185444528662,5.23143478021255));
#6538=CARTESIAN_POINT('',(-123.,81.832964021558,6.00000000000004));
#6539=CARTESIAN_POINT('',(-120.,158.771789217653,6.));
#6540=CARTESIAN_POINT('',(-123.,-9.58877122608505E-14,6.));
#6541=CARTESIAN_POINT('',(-120.,158.771789217653,6.));
#6542=CARTESIAN_POINT('',(-126.,-1.00328604359351E-13,5.99999999999992));
#6543=CARTESIAN_POINT('',(-103.,98.,31.2081079656684));
#6544=CARTESIAN_POINT('',(-103.,98.,31.2081079656684));
#6545=CARTESIAN_POINT('',(-93.,98.,31.2081079656684));
#6546=CARTESIAN_POINT('',(-103.,98.,21.2081079656684));
#6547=CARTESIAN_POINT('',(-93.,98.,31.2081079656684));
#6548=CARTESIAN_POINT('',(-93.,95.,31.2081079656684));
#6549=CARTESIAN_POINT('',(-103.,95.,31.2081079656684));
#6550=CARTESIAN_POINT('',(-103.,95.,21.2081079656684));
#6551=CARTESIAN_POINT('',(-103.,98.,21.2081079656684));
#6552=CARTESIAN_POINT('',(-93.,98.,121.208107965668));
#6553=CARTESIAN_POINT('',(-93.,95.,121.208107965668));
#6554=CARTESIAN_POINT('',(-120.,95.,121.208107965668));
#6555=CARTESIAN_POINT('',(-103.,95.,121.208107965668));
#6556=CARTESIAN_POINT('',(-103.,98.,121.208107965668));
#6557=CARTESIAN_POINT('',(-103.,98.,121.208107965668));
#6558=CARTESIAN_POINT('',(-93.,98.,121.208107965668));
#6559=CARTESIAN_POINT('',(-120.,98.,121.208107965668));
#6560=CARTESIAN_POINT('',(-120.,95.,121.208107965668));
#6561=CARTESIAN_POINT('',(-103.,98.,111.208107965668));
#6562=CARTESIAN_POINT('',(-103.,98.,111.208107965668));
#6563=CARTESIAN_POINT('',(-93.,98.,111.208107965668));
#6564=CARTESIAN_POINT('',(-103.,95.,111.208107965668));
#6565=CARTESIAN_POINT('',(-93.,95.,111.208107965668));
#6566=CARTESIAN_POINT('',(-93.,98.,111.208107965668));
#6567=CARTESIAN_POINT('',(-93.,98.,21.2081079656684));
#6568=CARTESIAN_POINT('',(-93.,98.,21.2081079656684));
#6569=CARTESIAN_POINT('',(-93.,95.,21.2081079656684));
#6570=CARTESIAN_POINT('',(-123.,98.,21.2081079656685));
#6571=CARTESIAN_POINT('',(-123.,98.,21.2081079656685));
#6572=CARTESIAN_POINT('',(-120.,98.,21.2081079656684));
#6573=CARTESIAN_POINT('',(-123.,95.,21.2081079656685));
#6574=CARTESIAN_POINT('',(-120.,95.,21.2081079656684));
#6575=CARTESIAN_POINT('',(-120.,95.,21.2081079656684));
#6576=CARTESIAN_POINT('',(-106.,65.151922469878,151.50754987718));
#6577=CARTESIAN_POINT('',(-106.,65.1519224698781,151.50754987718));
#6578=CARTESIAN_POINT('',(-96.,65.1519224698781,151.50754987718));
#6579=CARTESIAN_POINT('',(-106.,75.,149.771068100511));
#6580=CARTESIAN_POINT('',(-96.,65.1519224698781,151.50754987718));
#6581=CARTESIAN_POINT('',(-96.,64.6309779368773,148.553126618143));
#6582=CARTESIAN_POINT('',(-106.,64.6309779368773,148.553126618143));
#6583=CARTESIAN_POINT('',(-106.,74.4790554669993,146.816644841474));
#6584=CARTESIAN_POINT('',(-106.,75.,149.771068100511));
#6585=CARTESIAN_POINT('',(-123.,-35.,169.167035978442));
#6586=CARTESIAN_POINT('',(2.22044604925031E-13,-35.5209445330007,166.212612719405));
#6587=CARTESIAN_POINT('',(-106.,-35.5209445330006,166.212612719405));
#6588=CARTESIAN_POINT('',(-120.,-35.5209445330007,166.212612719405));
#6589=CARTESIAN_POINT('',(-106.,-35.,169.167035978442));
#6590=CARTESIAN_POINT('',(-106.,-35.,169.167035978442));
#6591=CARTESIAN_POINT('',(-123.,-35.,169.167035978442));
#6592=CARTESIAN_POINT('',(-120.,-35.,169.167035978442));
#6593=CARTESIAN_POINT('',(-120.,-35.5209445330007,166.212612719405));
#6594=CARTESIAN_POINT('',(-106.,-25.1519224698778,167.430554201772));
#6595=CARTESIAN_POINT('',(-106.,-25.1519224698778,167.430554201772));
#6596=CARTESIAN_POINT('',(-96.,-25.1519224698778,167.430554201772));
#6597=CARTESIAN_POINT('',(-106.,-25.6728670028786,164.476130942736));
#6598=CARTESIAN_POINT('',(-96.,-25.6728670028786,164.476130942736));
#6599=CARTESIAN_POINT('',(-96.,-25.1519224698778,167.430554201772));
#6600=CARTESIAN_POINT('',(-96.,-35.,169.167035978442));
#6601=CARTESIAN_POINT('',(-96.,-35.,169.167035978442));
#6602=CARTESIAN_POINT('',(-96.,27.352943276415,155.126249916568));
#6603=CARTESIAN_POINT('',(-110.,-14.9892158884279,162.592314998782));
#6604=CARTESIAN_POINT('',(-110.,-14.9892158884279,162.592314998782));
#6605=CARTESIAN_POINT('',(-110.,-10.557580999873,161.810898199281));
#6606=CARTESIAN_POINT('',(-110.,-14.4682713554271,165.546738257819));
#6607=CARTESIAN_POINT('',(-110.,-10.0366364668722,164.765321458318));
#6608=CARTESIAN_POINT('',(-110.,19.4790554669994,156.514628780439));
#6609=CARTESIAN_POINT('',(-110.,19.4790554669994,156.514628780439));
#6610=CARTESIAN_POINT('',(-110.,23.9106903555543,155.733211980938));
#6611=CARTESIAN_POINT('',(-110.,20.,159.469052039476));
#6612=CARTESIAN_POINT('',(-110.,24.4316348885549,158.687635239975));
#6613=CARTESIAN_POINT('',(-110.,53.9473268224267,150.436942562097));
#6614=CARTESIAN_POINT('',(-110.,53.9473268224267,150.436942562097));
#6615=CARTESIAN_POINT('',(-110.,58.3789617109816,149.655525762596));
#6616=CARTESIAN_POINT('',(-110.,54.4682713554275,153.391365821134));
#6617=CARTESIAN_POINT('',(-110.,58.8999062439824,152.609949021633));
#6618=CARTESIAN_POINT('',(-96.,75.,149.771068100511));
#6619=CARTESIAN_POINT('',(-96.,75.,149.771068100511));
#6620=CARTESIAN_POINT('',(-120.,75.,149.771068100511));
#6621=CARTESIAN_POINT('',(1.11022302462516E-13,74.4790554669998,146.816644841474));
#6622=CARTESIAN_POINT('',(-120.,74.4790554669993,146.816644841474));
#6623=CARTESIAN_POINT('',(-120.,75.,149.771068100511));
#6624=CARTESIAN_POINT('',(2.77555756156289E-13,27.8738878094159,158.080673175605));
#6625=CARTESIAN_POINT('',(-120.,27.8738878094157,158.080673175605));
#6626=CARTESIAN_POINT('',(-3.05311331771918E-13,98.,1.11022302462516E-13));
#6627=CARTESIAN_POINT('',(-103.,98.,31.2081079656684));
#6628=CARTESIAN_POINT('',(-98.5,98.,31.2081079656684));
#6629=CARTESIAN_POINT('',(-103.,98.,111.208107965668));
#6630=CARTESIAN_POINT('',(-98.5,98.,111.208107965668));
#6631=CARTESIAN_POINT('',(-120.,98.,5.27355936696949E-13));
#6632=CARTESIAN_POINT('',(-120.,92.,121.208107965668));
#6633=CARTESIAN_POINT('',(-120.,92.,121.208107965668));
#6634=CARTESIAN_POINT('',(-126.,92.,121.208107965668));
#6635=CARTESIAN_POINT('',(-123.,92.,121.208107965668));
#6636=CARTESIAN_POINT('',(-123.,92.,121.208107965668));
#6637=CARTESIAN_POINT('',(-120.,92.,121.208107965668));
#6638=CARTESIAN_POINT('',(-3.05311331771918E-13,95.,1.11022302462516E-13));
#6639=CARTESIAN_POINT('',(-103.,95.,31.2081079656684));
#6640=CARTESIAN_POINT('',(-98.5,95.,31.2081079656684));
#6641=CARTESIAN_POINT('',(-103.,95.,111.208107965668));
#6642=CARTESIAN_POINT('',(-98.5,95.,111.208107965668));
#6643=CARTESIAN_POINT('',(-120.,95.,21.2081079656684));
#6644=CARTESIAN_POINT('',(-120.,92.,21.2081079656684));
#6645=CARTESIAN_POINT('',(-120.,92.,21.2081079656684));
#6646=CARTESIAN_POINT('',(-126.,92.,21.2081079656685));
#6647=CARTESIAN_POINT('',(-120.,92.,21.2081079656684));
#6648=CARTESIAN_POINT('',(-123.,92.,21.2081079656685));
#6649=CARTESIAN_POINT('',(-123.,92.,21.2081079656685));
#6650=CARTESIAN_POINT('',(-120.,-36.0418890660015,163.258189460368));
#6651=CARTESIAN_POINT('',(-120.,-36.0418890660015,163.258189460368));
#6652=CARTESIAN_POINT('',(-126.,-36.0418890660015,163.258189460368));
#6653=CARTESIAN_POINT('',(-123.,-36.0418890660015,163.258189460368));
#6654=CARTESIAN_POINT('',(-123.,-36.0418890660013,163.258189460368));
#6655=CARTESIAN_POINT('',(-120.,-36.0418890660015,163.258189460368));
#6656=CARTESIAN_POINT('',(2.4980018054066E-13,27.3529432764151,155.126249916568));
#6657=CARTESIAN_POINT('',(-120.,74.4790554669994,146.816644841474));
#6658=CARTESIAN_POINT('',(-120.,73.9581109339985,143.862221582437));
#6659=CARTESIAN_POINT('',(-120.,73.9581109339985,143.862221582437));
#6660=CARTESIAN_POINT('',(-126.,73.9581109339985,143.862221582437));
#6661=CARTESIAN_POINT('',(-120.,73.9581109339985,143.862221582437));
#6662=CARTESIAN_POINT('',(-123.,73.9581109339984,143.862221582437));
#6663=CARTESIAN_POINT('',(-123.,73.9581109339985,143.862221582437));
#6664=CARTESIAN_POINT('',(-120.,131.476294665559,133.720213909216));
#6665=CARTESIAN_POINT('',(-126.,-36.0418890660015,163.258189460368));
#6666=CARTESIAN_POINT('',(-120.,92.,-29.0699524330046));
#6667=CARTESIAN_POINT('',(-126.,92.,121.208107965668));
#6668=CARTESIAN_POINT('',(-123.,79.222565995945,126.306150933853));
#6669=CARTESIAN_POINT('',(-123.,79.222565995945,126.306150933853));
#6670=CARTESIAN_POINT('',(-123.,89.,124.208107965668));
#6671=CARTESIAN_POINT('',(-123.,87.414086438835,132.041915297364));
#6672=CARTESIAN_POINT('',(-123.,89.,124.208107965668));
#6673=CARTESIAN_POINT('',(-126.,89.,124.208107965668));
#6674=CARTESIAN_POINT('',(-126.,79.222565995945,126.306150933853));
#6675=CARTESIAN_POINT('',(-126.,87.4140864388349,132.041915297363));
#6676=CARTESIAN_POINT('',(-126.007525,87.4140864388349,132.041915297364));
#6677=CARTESIAN_POINT('',(-123.,89.,124.208107965668));
#6678=CARTESIAN_POINT('',(-123.,89.,124.208107965668));
#6679=CARTESIAN_POINT('',(-123.,89.,121.708107965668));
#6680=CARTESIAN_POINT('',(-126.,89.,121.708107965668));
#6681=CARTESIAN_POINT('',(-126.,89.,121.708107965668));
#6682=CARTESIAN_POINT('',(-126.,89.,-120.832964021558));
#6683=CARTESIAN_POINT('',(-123.,89.5,121.708107965668));
#6684=CARTESIAN_POINT('',(-123.,89.5,121.708107965668));
#6685=CARTESIAN_POINT('',(-123.,89.5,121.208107965668));
#6686=CARTESIAN_POINT('',(-123.,89.5,121.208107965668));
#6687=CARTESIAN_POINT('',(-126.,89.5,121.208107965668));
#6688=CARTESIAN_POINT('',(-126.,89.5,121.708107965668));
#6689=CARTESIAN_POINT('',(-123.,89.,121.208107965668));
#6690=CARTESIAN_POINT('',(-126.,-1.75847537980494E-13,121.208107965668));
#6691=CARTESIAN_POINT('',(-123.,89.,121.208107965668));
#6692=CARTESIAN_POINT('',(-120.,92.,-29.0699524330046));
#6693=CARTESIAN_POINT('',(-123.,92.,121.208107965668));
#6694=CARTESIAN_POINT('',(-123.,92.,21.2081079656685));
#6695=CARTESIAN_POINT('',(-123.,92.,21.2081079656685));
#6696=CARTESIAN_POINT('',(-123.,89.5,21.2081079656685));
#6697=CARTESIAN_POINT('',(-126.,89.5,21.2081079656685));
#6698=CARTESIAN_POINT('',(-126.,89.5,21.2081079656685));
#6699=CARTESIAN_POINT('',(-126.,-1.15795498943924E-14,21.2081079656686));
#6700=CARTESIAN_POINT('',(-123.,89.5,20.7081079656685));
#6701=CARTESIAN_POINT('',(-123.,89.5,20.7081079656685));
#6702=CARTESIAN_POINT('',(-123.,89.,20.7081079656685));
#6703=CARTESIAN_POINT('',(-123.,89.,20.7081079656685));
#6704=CARTESIAN_POINT('',(-126.,89.,20.7081079656685));
#6705=CARTESIAN_POINT('',(-126.,89.5,20.7081079656685));
#6706=CARTESIAN_POINT('',(-123.,89.,21.2081079656685));
#6707=CARTESIAN_POINT('',(-126.,89.,-120.832964021558));
#6708=CARTESIAN_POINT('',(-126.,89.,18.2081079656685));
#6709=CARTESIAN_POINT('',(-123.,89.,21.2081079656685));
#6710=CARTESIAN_POINT('',(-123.,89.,18.2081079656685));
#6711=CARTESIAN_POINT('',(-123.,89.,18.2081079656685));
#6712=CARTESIAN_POINT('',(-123.,79.0371987713178,17.3463703734908));
#6713=CARTESIAN_POINT('',(-123.,79.0371987713178,17.3463703734908));
#6714=CARTESIAN_POINT('',(-123.,86.1082665831832,10.2753025616253));
#6715=CARTESIAN_POINT('',(-123.,86.1082665831832,10.2753025616253));
#6716=CARTESIAN_POINT('',(-126.,86.1082665831832,10.2753025616253));
#6717=CARTESIAN_POINT('',(-126.,79.0371987713178,17.3463703734908));
#6718=CARTESIAN_POINT('',(-123.,-75.,169.167035978442));
#6719=CARTESIAN_POINT('',(-123.,-75.,169.167035978442));
#6720=CARTESIAN_POINT('',(-123.,-75.,135.953063944536));
#6721=CARTESIAN_POINT('',(-123.,-75.,10.8637737546901));
#6722=CARTESIAN_POINT('',(-126.,-75.,135.953063944536));
#6723=CARTESIAN_POINT('',(-126.,-75.,135.953063944536));
#6724=CARTESIAN_POINT('',(-126.,-75.,169.167035978442));
#6725=CARTESIAN_POINT('',(-126.,-75.,10.8637737546901));
#6726=CARTESIAN_POINT('',(-126.000000000001,-75.0000000000002,10.86377375469));
#6727=CARTESIAN_POINT('',(-125.000000000001,-75.0000000000002,10.86377375469));
#6728=CARTESIAN_POINT('',(-124.000000000001,-75.0000000000002,10.86377375469));
#6729=CARTESIAN_POINT('',(-123.000000000001,-75.0000000000002,10.86377375469));
#6730=CARTESIAN_POINT('',(-126.007525000001,-65.,135.953063944536));
#6731=CARTESIAN_POINT('',(-126.,-65.,135.953063944536));
#6732=CARTESIAN_POINT('',(-126.,-70.7357643635103,144.144584387426));
#6733=CARTESIAN_POINT('',(-123.,-65.,135.953063944536));
#6734=CARTESIAN_POINT('',(-123.,-70.7357643635102,144.144584387426));
#6735=CARTESIAN_POINT('',(-123.,-70.7357643635103,144.144584387426));
#6736=CARTESIAN_POINT('',(-126.007525000001,-90.9971551863833,129.957405798637));
#6737=CARTESIAN_POINT('',(-126.,-147.770077505756,90.2045776244183));
#6738=CARTESIAN_POINT('',(-126.,-46.9107312369849,160.827052180715));
#6739=CARTESIAN_POINT('',(-123.,-147.770077505756,90.2045776244183));
#6740=CARTESIAN_POINT('',(-123.,-46.9107312369849,160.827052180715));
#6741=CARTESIAN_POINT('',(-126.,-46.9107312369849,160.827052180715));
#6742=CARTESIAN_POINT('',(-123.,-41.1749668734745,152.635531737825));
#6743=CARTESIAN_POINT('',(-123.,-41.1749668734745,152.635531737825));
#6744=CARTESIAN_POINT('',(-123.,-37.7795729620202,162.04145009735));
#6745=CARTESIAN_POINT('',(-123.,-37.7795729620202,162.04145009735));
#6746=CARTESIAN_POINT('',(-126.,-37.7795729620202,162.04145009735));
#6747=CARTESIAN_POINT('',(-126.,-41.1749668734745,152.635531737825));
#6748=CARTESIAN_POINT('',(-123.,-37.7795729620202,162.04145009735));
#6749=CARTESIAN_POINT('',(-123.,-37.7795729620202,162.04145009735));
#6750=CARTESIAN_POINT('',(-123.,-36.794765209008,161.867801919683));
#6751=CARTESIAN_POINT('',(-126.,-36.794765209008,161.867801919683));
#6752=CARTESIAN_POINT('',(-126.,-36.794765209008,161.867801919683));
#6753=CARTESIAN_POINT('',(-126.,47.235180313472,147.051055336608));
#6754=CARTESIAN_POINT('',(-123.,-36.7079411201745,162.360205796189));
#6755=CARTESIAN_POINT('',(-123.,-36.7079411201745,162.360205796189));
#6756=CARTESIAN_POINT('',(-123.,-36.2155372436684,162.273381707356));
#6757=CARTESIAN_POINT('',(-123.,-36.2155372436684,162.273381707356));
#6758=CARTESIAN_POINT('',(-126.,-36.2155372436684,162.273381707356));
#6759=CARTESIAN_POINT('',(-126.,-36.7079411201745,162.360205796189));
#6760=CARTESIAN_POINT('',(-123.,-36.3023613325019,161.78097783085));
#6761=CARTESIAN_POINT('',(-126.,-83.5375416459754,-106.103041527315));
#6762=CARTESIAN_POINT('',(-123.,-36.3023613325019,161.78097783085));
#6763=CARTESIAN_POINT('',(-120.,131.476294665559,133.720213909216));
#6764=CARTESIAN_POINT('',(-123.,-36.0418890660015,163.258189460368));
#6765=CARTESIAN_POINT('',(-123.,73.9581109339985,143.862221582437));
#6766=CARTESIAN_POINT('',(-123.,73.9581109339985,143.862221582437));
#6767=CARTESIAN_POINT('',(-123.,73.7844627563315,142.877413829425));
#6768=CARTESIAN_POINT('',(-126.,73.7844627563315,142.877413829425));
#6769=CARTESIAN_POINT('',(-126.,73.7844627563316,142.877413829425));
#6770=CARTESIAN_POINT('',(-126.,26.4624583540233,-125.499009405246));
#6771=CARTESIAN_POINT('',(-123.,74.2768666328377,142.790589740591));
#6772=CARTESIAN_POINT('',(-123.,74.2768666328377,142.790589740591));
#6773=CARTESIAN_POINT('',(-123.,74.1900425440042,142.298185864085));
#6774=CARTESIAN_POINT('',(-123.,74.1900425440042,142.298185864085));
#6775=CARTESIAN_POINT('',(-126.,74.1900425440042,142.298185864085));
#6776=CARTESIAN_POINT('',(-126.,74.2768666328377,142.790589740591));
#6777=CARTESIAN_POINT('',(-123.,73.6976386674981,142.385009952919));
#6778=CARTESIAN_POINT('',(-126.,47.2351803134717,147.051055336608));
#6779=CARTESIAN_POINT('',(-126.,75.1748502970164,142.124537686418));
#6780=CARTESIAN_POINT('',(-123.,73.6976386674981,142.385009952919));
#6781=CARTESIAN_POINT('',(-123.,75.1748502970164,142.124537686418));
#6782=CARTESIAN_POINT('',(-123.,75.1748502970164,142.124537686418));
#6783=CARTESIAN_POINT('',(-123.,75.1484633548366,132.124572500015));
#6784=CARTESIAN_POINT('',(-123.,75.1484633548366,132.124572500015));
#6785=CARTESIAN_POINT('',(-123.,83.3399837977265,137.860336863525));
#6786=CARTESIAN_POINT('',(-126.007525,83.3399837977265,137.860336863525));
#6787=CARTESIAN_POINT('',(-126.,83.3399837977265,137.860336863525));
#6788=CARTESIAN_POINT('',(-126.,75.1484633548366,132.124572500015));
#6789=CARTESIAN_POINT('',(-126.007525,120.695139125349,84.5116462408385));
#6790=CARTESIAN_POINT('',(-126.,177.468061444722,3.43151039350054));
#6791=CARTESIAN_POINT('',(-123.,177.468061444722,3.43151039350052));
#6792=CARTESIAN_POINT('',(-126.007525,8.5,71.2081079656676));
#6793=CARTESIAN_POINT('',(-126.,8.5,71.2081079656676));
#6794=CARTESIAN_POINT('',(-126.,8.5,84.2081079656676));
#6795=CARTESIAN_POINT('',(-123.,8.5,71.2081079656676));
#6796=CARTESIAN_POINT('',(-123.,8.5,84.2081079656676));
#6797=CARTESIAN_POINT('',(-126.007525,8.5,89.8981079656676));
#6798=CARTESIAN_POINT('',(-126.,8.5,89.8981079656676));
#6799=CARTESIAN_POINT('',(-126.,8.5,91.4981079656676));
#6800=CARTESIAN_POINT('',(-123.,8.5,89.8981079656676));
#6801=CARTESIAN_POINT('',(-123.,8.5,91.4981079656676));
#6802=CARTESIAN_POINT('',(-126.007525,-1.49999999999997,28.5181079656676));
#6803=CARTESIAN_POINT('',(-126.,-1.49999999999997,28.5181079656676));
#6804=CARTESIAN_POINT('',(-126.,-1.49999999999997,30.1181079656676));
#6805=CARTESIAN_POINT('',(-123.,-1.49999999999997,28.5181079656676));
#6806=CARTESIAN_POINT('',(-123.,-1.49999999999997,30.1181079656676));
#6807=CARTESIAN_POINT('',(-126.007525,8.5,28.5181079656676));
#6808=CARTESIAN_POINT('',(-126.,8.5,28.5181079656676));
#6809=CARTESIAN_POINT('',(-126.,8.5,30.1181079656676));
#6810=CARTESIAN_POINT('',(-123.,8.5,28.5181079656676));
#6811=CARTESIAN_POINT('',(-123.,8.5,30.1181079656676));
#6812=CARTESIAN_POINT('',(-126.007525,18.5,89.8981079656676));
#6813=CARTESIAN_POINT('',(-126.,18.5,89.8981079656676));
#6814=CARTESIAN_POINT('',(-126.,18.5,91.4981079656676));
#6815=CARTESIAN_POINT('',(-123.,18.5,89.8981079656676));
#6816=CARTESIAN_POINT('',(-123.,18.5,91.4981079656676));
#6817=CARTESIAN_POINT('',(-126.007525,-1.49999999999997,89.8981079656676));
#6818=CARTESIAN_POINT('',(-126.,-1.49999999999997,89.8981079656676));
#6819=CARTESIAN_POINT('',(-126.,-1.49999999999997,91.4981079656676));
#6820=CARTESIAN_POINT('',(-123.,-1.49999999999997,89.8981079656676));
#6821=CARTESIAN_POINT('',(-123.,-1.49999999999997,91.4981079656676));
#6822=CARTESIAN_POINT('',(-126.007525,18.5,28.5181079656676));
#6823=CARTESIAN_POINT('',(-126.,18.5,28.5181079656676));
#6824=CARTESIAN_POINT('',(-126.,18.5,30.1181079656676));
#6825=CARTESIAN_POINT('',(-123.,18.5,28.5181079656676));
#6826=CARTESIAN_POINT('',(-123.,18.5,30.1181079656676));
#6827=CARTESIAN_POINT('',(-126.007525,37.25,21.4116472480624));
#6828=CARTESIAN_POINT('',(-126.,37.25,21.4116472480624));
#6829=CARTESIAN_POINT('',(-126.,37.25,23.9866472480624));
#6830=CARTESIAN_POINT('',(-123.,37.25,21.4116472480624));
#6831=CARTESIAN_POINT('',(-123.,37.25,23.9866472480624));
#6832=CARTESIAN_POINT('',(-126.007525,-20.25,21.4116472480623));
#6833=CARTESIAN_POINT('',(-126.,-20.25,21.4116472480623));
#6834=CARTESIAN_POINT('',(-126.,-20.25,23.9866472480623));
#6835=CARTESIAN_POINT('',(-123.,-20.25,21.4116472480624));
#6836=CARTESIAN_POINT('',(-123.,-20.25,23.9866472480624));
#6837=CARTESIAN_POINT('',(-126.007525,-49.,71.2081079656676));
#6838=CARTESIAN_POINT('',(-126.,-49.,71.2081079656676));
#6839=CARTESIAN_POINT('',(-126.,-49.,73.7831079656676));
#6840=CARTESIAN_POINT('',(-123.,-49.,71.2081079656676));
#6841=CARTESIAN_POINT('',(-123.,-49.,73.7831079656676));
#6842=CARTESIAN_POINT('',(-126.007525,-20.25,121.004568683273));
#6843=CARTESIAN_POINT('',(-126.,-20.25,121.004568683273));
#6844=CARTESIAN_POINT('',(-126.,-20.25,123.579568683273));
#6845=CARTESIAN_POINT('',(-123.,-20.25,121.004568683273));
#6846=CARTESIAN_POINT('',(-123.,-20.25,123.579568683273));
#6847=CARTESIAN_POINT('',(-126.007525,37.25,121.004568683273));
#6848=CARTESIAN_POINT('',(-126.,37.25,121.004568683273));
#6849=CARTESIAN_POINT('',(-126.,37.25,123.579568683273));
#6850=CARTESIAN_POINT('',(-123.,37.25,121.004568683273));
#6851=CARTESIAN_POINT('',(-123.,37.25,123.579568683273));
#6852=CARTESIAN_POINT('',(-126.007525,66.,71.2081079656676));
#6853=CARTESIAN_POINT('',(-126.,66.,71.2081079656676));
#6854=CARTESIAN_POINT('',(-126.,66.,73.7831079656676));
#6855=CARTESIAN_POINT('',(-123.,66.,71.2081079656676));
#6856=CARTESIAN_POINT('',(-123.,66.,73.7831079656676));
#6857=CARTESIAN_POINT('',(-123.,-1.71406645881994E-13,-120.832964021558));
#6858=CARTESIAN_POINT('',(-123.,-65.,10.8637737546901));
#6859=CARTESIAN_POINT('',(-123.,95.,19.167035978442));
#6860=CARTESIAN_POINT('',(-123.,95.,19.167035978442));
#6861=CARTESIAN_POINT('',(-126.,95.,19.167035978442));
#6862=CARTESIAN_POINT('',(-126.,-1.75847537980494E-13,-120.832964021558));
#6863=CARTESIAN_POINT('',(-126.,-65.,10.8637737546901));
#6864=CARTESIAN_POINT('',(-124.5,-65.,10.8637737546901));
#6865=CARTESIAN_POINT('',(-103.,95.,111.208107965668));
#6866=CARTESIAN_POINT('',(-103.,95.,31.2081079656684));
#6867=CARTESIAN_POINT('',(103.,95.,31.2081079656684));
#6868=CARTESIAN_POINT('',(103.,95.,111.208107965668));
#6869=MECHANICAL_DESIGN_GEOMETRIC_PRESENTATION_REPRESENTATION('',(#3902),
#6870);
#6870=(
GEOMETRIC_REPRESENTATION_CONTEXT(3)
GLOBAL_UNCERTAINTY_ASSIGNED_CONTEXT((#6871))
GLOBAL_UNIT_ASSIGNED_CONTEXT((#6874,#6873,#6872))
REPRESENTATION_CONTEXT('Part 1','TOP_LEVEL_ASSEMBLY_PART')
);
#6871=UNCERTAINTY_MEASURE_WITH_UNIT(LENGTH_MEASURE(1.E-5),#6874,
'DISTANCE_ACCURACY_VALUE','Maximum Tolerance applied to model');
#6872=(
NAMED_UNIT(*)
SI_UNIT($,.STERADIAN.)
SOLID_ANGLE_UNIT()
);
#6873=(
NAMED_UNIT(*)
PLANE_ANGLE_UNIT()
SI_UNIT($,.RADIAN.)
);
#6874=(
LENGTH_UNIT()
NAMED_UNIT(*)
SI_UNIT(.MILLI.,.METRE.)
);
#6875=PRODUCT_DEFINITION_SHAPE('','',#6876);
#6876=PRODUCT_DEFINITION('','',#6878,#6877);
#6877=PRODUCT_DEFINITION_CONTEXT('',#6884,'design');
#6878=PRODUCT_DEFINITION_FORMATION_WITH_SPECIFIED_SOURCE('','',#6880,
 .NOT_KNOWN.);
#6879=PRODUCT_RELATED_PRODUCT_CATEGORY('','',(#6880));
#6880=PRODUCT('Part 1','Part 1','Part 1',(#6882));
#6881=PRODUCT_CATEGORY('','');
#6882=PRODUCT_CONTEXT('',#6884,'mechanical');
#6883=APPLICATION_PROTOCOL_DEFINITION('international standard',
'ap242_managed_model_based_3d_engineering',2020,#6884);
#6884=APPLICATION_CONTEXT('managed model based 3d engineering');
ENDSEC;
END-ISO-10303-21;
