t,y,v,target_y,tilt,u,acc,est_a,est_b,kp,kd,scenario
0.0,0.0491810576411573,-0.0409471179421351,0.0,1791.0,-1.78,-2.0473558971067547,0.5,-0.1,2.8,1.2,NOMINAL
0.02,0.04755338384149749,-0.08138368998299078,0.0,1791.2461351371796,-1.7775386486282037,-2.021828602042784,1.1974462850597578,-0.745713890152834,2.8,1.2,NOMINAL
0.04,0.04541499365963392,-0.10691950909317847,0.0,1854.940846943043,-1.1405915305695702,-1.2767909555093846,1.6906480841765328,-1.0,2.8,1.2,NOMINAL
0.06,0.04299817344236908,-0.12084101086324193,0.0,1904.277755454961,-0.6472224454503908,-0.696075088503173,1.9291992116506966,-1.0,2.8,1.2,NOMINAL
0.08,0.040474927372330625,-0.12616230350192267,0.0,1941.4842346200887,-0.2751576537991127,-0.26606463193403657,2.034291918459832,-1.0,2.8,1.2,NOMINAL
0.1,0.03797194986641218,-0.12514887529592206,0.0,1968.8135495632216,-0.0018645043677838658,0.05067141030003086,2.068780458534047,-1.0,2.8,1.2,NOMINAL
0.12000000000000001,0.03559411335455099,-0.1188918255930596,0.0,1991.469739678795,0.22469739678794895,0.31285248514312336,2.0689574318338617,-0.9920183533343027,2.8,1.2,PREEMPTIVE_BRAKING
0.14,0.03340390113187245,-0.10951061113392704,0.0,2005.2662643118488,0.3626626431184877,0.46906072295662743,2.0532169071083466,-0.9773745104375577,2.8,1.2,PREEMPTIVE_BRAKING
0.16,0.03143531557211248,-0.09842927798799851,0.0,2013.2047716212548,0.4420477162125485,0.5540666572964268,2.0354678686831518,-0.9632306028792667,2.8,1.2,PREEMPTIVE_BRAKING
0.18,0.02970023428042033,-0.08675406458460765,0.0,2016.6817362957743,0.47681736295774274,0.5837606701695431,2.021402232158281,-0.9526121131750601,2.8,1.2,PREEMPTIVE_BRAKING
0.19999999999999998,0.028199885429219095,-0.0750174425600617,0.0,2016.8966971898503,0.4789669718985033,0.5868311012272976,2.012616238556854,-0.9461313170814128,2.8,1.2,PREEMPTIVE_BRAKING
0.21999999999999997,0.026854488919272047,-0.0672698254973524,0.0,1999.796524551431,0.3079652455143105,0.3873808531354648,2.0087230397681437,-0.9432839276737908,2.8,1.2,PREEMPTIVE_BRAKING
0.23999999999999996,0.02571760833196367,-0.05684402936541875,0.0,2011.8676286623115,0.4286762866231152,0.5212898065966827,2.0089885903219895,-0.9435729915132839,2.8,1.2,PREEMPTIVE_BRAKING
0.25999999999999995,0.024769219399209685,-0.04741944663769925,0.0,2007.8012296394584,0.3880122963945837,0.47122913638597486,2.0100262655939947,-0.9443364347658445,2.8,1.2,PREEMPTIVE_BRAKING
0.27999999999999997,0.023986041819936087,-0.039158878963679915,0.0,2003.1248681876493,0.34124868187649327,0.41302838370096695,2.0125684252616014,-0.9462297872467057,2.8,1.2,PREEMPTIVE_BRAKING
0.3,0.023342523741284753,-0.03217590393256676,0.0,1998.242568934833,0.2924256893483289,0.34914875155565767,2.0156719619886903,-0.9485870499911596,2.8,1.2,PREEMPTIVE_BRAKING
0.32,0.022802479258822294,-0.027002224123122982,0.0,1990.127223300439,0.21127223300439027,0.25868399047218876,2.018697292168593,-0.9509502549357909,2.8,1.2,NOMINAL
0.34,0.022345651820404905,-0.02284137192086947,0.0,1986.2305982731143,0.17230598273114311,0.20804261011267552,2.0210494854895233,-0.9531603465778024,2.8,1.2,NOMINAL
0.36000000000000004,0.021955537850635042,-0.019505698488493095,0.0,1982.7777572758198,0.13777757275819794,0.1667836716188188,2.0228285321085515,-0.9549296136665019,2.8,1.2,NOMINAL
0.38000000000000006,0.021618879051152635,-0.01683293997412042,0.0,1979.7798390536802,0.10779839053680235,0.1336379257186336,2.024111208191341,-0.9563015073889692,2.8,1.2,NOMINAL
0.4000000000000001,0.02132211151027447,-0.01483837704390827,0.0,1977.2162915084878,0.08216291508487757,0.09972814651060759,2.024999234845506,-0.957344084415299,2.8,1.2,NOMINAL
0.4200000000000001,0.021056051107333024,-0.013303020147072285,0.0,1975.0766380721677,0.060766380721677254,0.07676784484179922,2.0255797573584817,-0.9581127485939119,2.8,1.2,NOMINAL
0.4400000000000001,0.020811216801451145,-0.012241715294093899,0.0,1973.314562011712,0.04314562011712041,0.053065242648919285,2.0259426283492363,-0.9586738367559464,2.8,1.2,NOMINAL
0.46000000000000013,0.020581596790633035,-0.011481000540905423,0.0,1971.9011332188402,0.029011332188401864,0.038035737659423835,2.0261534560302157,-0.959073230879216,2.8,1.2,NOMINAL
0.48000000000000015,0.02036174364595369,-0.010992657233967256,0.0,1970.7851183342013,0.017851183342013428,0.024417165346908343,2.026267457582453,-0.9593557850055501,2.8,1.2,NOMINAL
0.5000000000000001,0.020147534852969502,-0.010710439649209423,0.0,1969.9259904883716,0.009259904883715536,0.014110879237891668,2.0263221957291613,-0.9595523712772626,2.8,1.2,NOMINAL
0.5200000000000001,0.019935613985177673,-0.010596043389591473,0.0,1969.2837037903253,0.0028370379032526217,0.005719812980897507,2.0263435749580307,-0.9596864398966133,2.8,1.2,NOMINAL
0.5400000000000001,0.019724616492511535,-0.010549874633306939,0.0,1968.8235572040767,-0.0017644279592332168,0.0023084378142267134,2.026348241320911,-0.9597744376943139,2.8,1.2,NOMINAL
0.5600000000000002,0.019513227873853664,-0.010569430932893507,0.0,1968.5032972377323,-0.004967027622676597,-0.0009778149793283745,2.0263462584580267,-0.9598308138195458,2.8,1.2,NOMINAL
0.5800000000000002,0.019301288690631888,-0.010596959161088812,0.0,1968.2930039695316,-0.007069960304684173,-0.0013764114097652709,2.0263427805846703,-0.9598642660605899,2.8,1.2,NOMINAL
0.6000000000000002,0.01908669779060536,-0.010729545001326486,0.0,1968.1612638592312,-0.008387361407687876,-0.006629292011883662,2.0263400095905952,-0.9598823447944527,2.8,1.2,NOMINAL
0.6200000000000002,0.018869840050627747,-0.01084288699888058,0.0,1968.1038898649238,-0.00896110135076242,-0.005667099877704755,2.0263393684745847,-0.9598857848882012,2.8,1.2,NOMINAL
0.6400000000000002,0.01865284986413524,-0.010849509324625365,0.0,1968.0953560613862,-0.009046439386138446,-0.00033111628723924823,2.026340622740749,-0.9598795732788589,2.8,1.2,NOMINAL
0.6600000000000003,0.018433942195819075,-0.010945383415808325,0.0,1968.1017345087673,-0.00898265491232678,-0.004793704559147984,2.026342495084203,-0.9598704507267948,2.8,1.2,NOMINAL
0.6800000000000003,0.01821337706856277,-0.011028256362815316,0.0,1968.1350006996258,-0.008649993003741656,-0.004143647350349609,2.0263455317969696,-0.9598556188216443,2.8,1.2,NOMINAL
0.7000000000000003,0.017991348815849465,-0.011101412635665131,0.0,1968.1849550984662,-0.00815044901533838,-0.003657813642490789,2.026349238609967,-0.95983682950571,2.8,1.2,NOMINAL
0.7200000000000003,0.017766008484931865,-0.011267016545880042,0.0,1968.245038297202,-0.007549617027980276,-0.008280195510745568,2.0263532539226845,-0.9598151894779464,2.8,1.2,NOMINAL
0.7400000000000003,0.01753923216929415,-0.011338815781885832,0.0,1968.3293618622881,-0.00670638137711876,-0.003589961800289511,2.0263580073505216,-0.9597874420439625,2.8,1.2,NOMINAL
0.7600000000000003,0.01730952471942179,-0.01148537249361809,0.0,1968.413836631583,-0.0058616336841691916,-0.007327835586612888,2.0263624119877504,-0.9597583010665972,2.8,1.2,NOMINAL
0.7800000000000004,0.017080364832952322,-0.01145799432347332,0.0,1968.5123256893312,-0.004876743106688081,0.0013689085072384499,2.026366820194859,-0.9597247109688186,2.8,1.2,NOMINAL
0.8000000000000004,0.01685294001077957,-0.011371241108637627,0.0,1968.5890949679854,-0.004109050320146253,0.0043376607417846234,2.0263701201449087,-0.9596942283050022,2.8,1.2,NOMINAL
0.8200000000000004,0.01662523996277682,-0.011385002400137413,0.0,1968.6398240145331,-0.0036017598546686713,-0.0006880645749892714,2.0263724720554777,-0.9596683094191778,2.8,1.2,NOMINAL
0.8400000000000004,0.016399793212430246,-0.011272337517328705,0.0,1968.6906824642397,-0.003093175357603286,0.005633244140435435,2.0263745877705426,-0.9596416739976481,2.8,1.2,NOMINAL
0.8600000000000004,0.016173824071342217,-0.011298457054401403,0.0,1968.7185792137261,-0.00281420786273884,-0.0013059768536348988,2.026376100493241,-0.9596194697750305,2.8,1.2,NOMINAL
0.8800000000000004,0.01594743748293604,-0.011319329420308739,0.0,1968.755727405118,-0.0024427259488197708,-0.001043618295366748,2.0263776224607803,-0.9595949661607285,2.8,1.2,NOMINAL
0.9000000000000005,0.01572257847901778,-0.011242950195912989,0.0,1968.798522875555,-0.0020147712444509125,0.0038189612197875285,2.026379034671107,-0.9595687918459809,2.8,1.2,NOMINAL
0.9200000000000005,0.015497999160857706,-0.011228965908003775,0.0,1968.8275763204645,-0.0017242367953554094,0.0006992143954606999,2.026380086744439,-0.9595451500778159,2.8,1.2,NOMINAL
0.9400000000000005,0.01527415830264623,-0.011192042910573765,0.0,1968.8584001141921,-0.0014159988580786376,0.0018461498715005066,2.0263810136491744,-0.9595208602679896,2.8,1.2,NOMINAL
0.9600000000000005,0.015052761023206105,-0.01106986397200625,0.0,1968.8863239128407,-0.0011367608715931966,0.00610894692837574,2.0263817650425717,-0.9594969262199099,2.8,1.2,NOMINAL
0.9800000000000005,0.014831773261855554,-0.011049388067527586,0.0,1968.896620917164,-0.0010337908283599973,0.001023795223933231,2.026382276985272,-0.9594766590192859,2.8,1.2,NOMINAL
1.0000000000000004,0.014611959883763403,-0.010990668904607554,0.0,1968.9130917132536,-0.0008690828674639306,0.002935958146001606,2.026382773986025,-0.9594551279262246,2.8,1.2,NOMINAL
1.0200000000000005,0.014393539593882444,-0.01092101449404803,0.0,1968.9269282576422,-0.0007307174235779712,0.003482720527976204,2.026383182521183,-0.9594341580981444,2.8,1.2,NOMINAL
1.0400000000000005,0.014177042334382658,-0.01082486297498925,0.0,1968.9369027564815,-0.0006309724351854129,0.004807575952938991,2.026383513128541,-0.9594140626993715,2.8,1.2,NOMINAL
1.0600000000000005,0.013962816558511377,-0.010711288793564042,0.0,1968.9392852177234,-0.0006071478227659099,0.005678709071260373,2.0263837750655918,-0.95939571551248,2.8,1.2,NOMINAL
1.0800000000000005,0.013749978882412616,-0.01064188380493807,0.0,1968.9330813673516,-0.0006691863264836683,0.0034702494312985476,2.026383999876484,-0.9593794504856348,2.8,1.2,NOMINAL
1.1000000000000005,0.013537403045748726,-0.010628791833194493,0.0,1968.9288498338694,-0.0007115016613056469,0.0006545985871788582,2.0263842503321308,-0.9593631314360258,2.8,1.2,NOMINAL
1.1200000000000006,0.013327329776740084,-0.010503663450432056,0.0,1968.9362815328245,-0.0006371846717547669,0.0062564191381218656,2.026384553844098,-0.9593446639641272,2.8,1.2,NOMINAL
1.1400000000000006,0.013121580969892266,-0.010287440342390878,0.0,1968.9314100807123,-0.0006858991928766045,0.010811155402058927,2.026384786603025,-0.9593289348453558,2.8,1.2,NOMINAL
1.1600000000000006,0.012917925843882844,-0.010182756300471137,0.0,1968.9011039602735,-0.000988960397264691,0.005234202095987051,2.026384947914442,-0.9593188818194522,2.8,1.2,NOMINAL
1.1800000000000006,0.012715958484691833,-0.010098367959550535,0.0,1968.8731417943475,-0.001268582056525247,0.004219417046030096,2.026385177928888,-0.9593090512996318,2.8,1.2,NOMINAL
1.2000000000000006,0.012514624032802305,-0.010066722594476381,0.0,1968.850439931215,-0.001495600687849219,0.0015822682537076837,2.0263854889440696,-0.9592988017925272,2.8,1.2,NOMINAL
1.2200000000000006,0.01231399737325035,-0.010031332977597805,0.0,1968.8410189652914,-0.0015898103470863133,0.0017694808439287903,2.0263859361825722,-0.9592864269840136,2.8,1.2,NOMINAL
1.2400000000000007,0.012112931436527707,-0.010053296836132099,0.0,1968.840233116576,-0.0015976688342402667,-0.0010981929267146816,2.0263864684372246,-0.9592726845718991,2.8,1.2,NOMINAL
1.2600000000000007,0.011913509470440902,-0.009971098304340181,0.0,1968.856018367503,-0.0014398163249688877,0.00410992658959587,2.0263871276187984,-0.9592558628850635,2.8,1.2,NOMINAL
1.2800000000000007,0.01171500325829556,-0.009925310607267146,0.0,1968.8644340161084,-0.001355659838916381,0.002289384853651752,2.0263876727944177,-0.9592404886189905,2.8,1.2,NOMINAL
1.3000000000000007,0.011518874182822396,-0.00980645377365819,0.0,1968.8742998985617,-0.001257001014382695,0.0059428416804478005,2.026388195302584,-0.9592249220348583,2.8,1.2,NOMINAL
1.3200000000000007,0.011322765840766297,-0.009805417102804977,0.0,1968.8717920827096,-0.0012820791729041049,5.1833542660657556e-05,2.0263886036130527,-0.9592118697911909,2.8,1.2,NOMINAL
1.3400000000000007,0.011129126727853636,-0.009681955645633022,0.0,1968.8820841157658,-0.0011791588423420763,0.006173072858597762,2.026389095333606,-0.9591965686906694,2.8,1.2,NOMINAL
1.3600000000000008,0.010936247531875953,-0.009643959798884189,0.0,1968.878979352853,-0.0012102064714690642,0.0018997923374416423,2.026389470406401,-0.9591839429267895,2.8,1.2,NOMINAL
1.3800000000000008,0.010743834701769598,-0.009620641505317693,0.0,1968.882021248705,-0.001179787512949133,0.001165914678324739,2.026389886625212,-0.9591703911328634,2.8,1.2,NOMINAL
1.4000000000000008,0.010552058535036792,-0.009588808336640296,0.0,1968.892065517024,-0.0010793448297590658,0.0015916584338698686,2.026390330399019,-0.9591556630179329,2.8,1.2,NOMINAL
1.4200000000000008,0.010360849542590936,-0.009560449622292782,0.0,1968.9054865595576,-0.0009451344044236976,0.0014179357173756753,2.026390754625214,-0.9591403527553626,2.8,1.2,NOMINAL
1.4400000000000008,0.010168799241206734,-0.009602515069210033,0.0,1968.9219284397298,-0.0007807156027024576,-0.0021032723458625654,2.026391141546801,-0.9591244793745529,2.8,1.2,NOMINAL
1.4600000000000009,0.009978787191674051,-0.009500602476634154,0.0,1968.9534146351612,-0.00046585364838847454,0.00509562962879393,2.026391520860101,-0.9591057184848181,2.8,1.2,NOMINAL
1.4800000000000009,0.009791003858083796,-0.009389166679512707,0.0,1968.9691979942797,-0.0003080200572026115,0.0055717898560723855,2.026391714933167,-0.959089657421397,2.8,1.2,NOMINAL
1.5000000000000009,0.009605948339567728,-0.009252775925803414,0.0,1968.9721447111199,-0.0002785528888011868,0.006819537685464639,2.0263918245523134,-0.9590759958344753,2.8,1.2,NOMINAL
1.520000000000001,0.009422975079361127,-0.009148663010330016,0.0,1968.9614165075193,-0.0003858349248071136,0.005205645773669944,2.0263919043679035,-0.9590650677618514,2.8,1.2,NOMINAL
1.540000000000001,0.00924195037156509,-0.009051235389801876,0.0,1968.9468694878256,-0.0005313051217444809,0.004871381026406995,2.026392004993986,-0.959055209417369,2.8,1.2,NOMINAL
1.560000000000001,0.009060449301893203,-0.00907505348359436,0.0,1968.9307679596554,-0.0006923204034455921,-0.001190904689624248,2.0263921350920757,-0.9590460420131763,2.8,1.2,NOMINAL
1.580000000000001,0.008880360162016297,-0.009004456993845358,0.0,1968.9356980309199,-0.0006430196908013385,0.003529824487450102,2.0263923700304085,-0.9590334628515857,2.8,1.2,NOMINAL
1.600000000000001,0.00870036609402432,-0.00899970339959884,0.0,1968.9381624343894,-0.0006183756561063091,0.00023767971232587903,2.026392579556529,-0.9590214592917323,2.8,1.2,NOMINAL
1.620000000000001,0.00852137909856295,-0.008949349773068532,0.0,1968.950914797927,-0.000490852020730017,0.0025176813265154205,2.026392810911922,-0.9590077689949746,2.8,1.2,NOMINAL
1.640000000000001,0.008345120062028873,-0.008812951826703865,0.0,1968.9625757100516,-0.000374242899483761,0.006819897318233367,2.0263929926066013,-0.9589942899175397,2.8,1.2,NOMINAL
1.660000000000001,0.008170179199220653,-0.008747043140410993,0.0,1968.9576909512828,-0.0004230904871724306,0.003295434314643579,2.0263931011000667,-0.958983787078662,2.8,1.2,NOMINAL
1.680000000000001,0.007993882467265673,-0.008814836597749018,0.0,1968.953975734182,-0.00046024265818005004,-0.0033896728669012685,2.026393224150954,-0.9589733355561536,2.8,1.2,NOMINAL
1.700000000000001,0.007817952500611824,-0.00879649833269247,0.0,1968.9755326919355,-0.0002446730806445885,0.0009169132528274154,2.026393413125139,-0.9589586971398455,2.8,1.2,NOMINAL
1.720000000000001,0.007642929076528909,-0.008751171204145786,0.0,1968.9991830124834,-8.169875166004203e-06,0.002266356427334291,2.0263935172136223,-0.958943580360412,2.8,1.2,NOMINAL
1.740000000000001,0.0074692393895638256,-0.008684484348254176,0.0,1969.019390953092,0.00019390953091942719,0.0033343427945804627,2.0263935205942087,-0.9589289200912878,2.8,1.2,NOMINAL
1.7600000000000011,0.007298099745680969,-0.008556982194142831,0.0,1969.033266501395,0.0003326650139501908,0.006375107705567231,2.026393445600367,-0.9589152671370164,2.8,1.2,NOMINAL
1.7800000000000011,0.0071293794527839465,-0.008436014644851112,0.0,1969.031520402454,0.00031520402453907083,0.006048377464586006,2.026393341858875,-0.9589043109733694,2.8,1.2,NOMINAL
1.8000000000000012,0.006962980032976943,-0.008319970990350185,0.0,1969.0198856857312,0.00019885685731196645,0.00580218272504638,2.0263932600260444,-0.9588952603154073,2.8,1.2,NOMINAL
1.8200000000000012,0.006798220291810418,-0.008237987058326252,0.0,1969.0020905523832,2.0905523831515894e-05,0.004099196601196656,2.02639321583313,-0.958887587398895,2.8,1.2,NOMINAL
1.8400000000000012,0.006634485441921796,-0.008186742494431087,0.0,1968.9860906794072,-0.00013909320592802031,0.002562228194758262,2.026393211196643,-0.9588800130068256,2.8,1.2,NOMINAL
1.8600000000000012,0.006471658047774348,-0.00814136970737242,0.0,1968.9769041318675,-0.0002309586813248643,0.0022686393529333026,2.026393245502433,-0.9588716785411378,2.8,1.2,NOMINAL
1.8800000000000012,0.00631050879916771,-0.008057462430331896,0.0,1968.9735392076811,-0.00026460792318857787,0.004195363852026195,2.0263933076415626,-0.9588626711626161,2.8,1.2,NOMINAL
1.9000000000000012,0.006151496167778916,-0.007950631569439703,0.0,1968.9671749960899,-0.00032825003910147643,0.005341543044609671,2.026393373846916,-0.9588543632957706,2.8,1.2,NOMINAL
1.9200000000000013,0.0059951622579805085,-0.007816695489920377,0.0,1968.9544307891326,-0.00045569210867370204,0.006696803975966351,2.026393443997218,-0.9588473296247095,2.8,1.2,NOMINAL
1.9400000000000013,0.005839922992675966,-0.0077619632652271234,0.0,1968.9321339661085,-0.0006786603389150514,0.002736611234662662,2.026393516637761,-0.9588421362511299,2.8,1.2,NOMINAL
1.9600000000000013,0.005685903039996436,-0.007700997633976509,0.0,1968.9174949926153,-0.000825050073847251,0.00304828156253075,2.0263936430729164,-0.9588361400469858,2.8,1.2,NOMINAL
1.9800000000000013,0.005534234676871876,-0.0075834181562279895,0.0,1968.9070415617819,-0.0009295843821814742,0.005878973887425951,2.0263938071469787,-0.9588298073224958,2.8,1.2,NOMINAL
2.0000000000000013,0.005382243307180298,-0.007599568484578922,0.0,1968.8891009425863,-0.0011089905741368967,-0.0008075164175466527,2.02639395178327,-0.9588249011556839,2.8,1.2,NOMINAL
2.0200000000000014,0.00523184511870086,-0.0075199094239718905,0.0,1968.8902806290625,-0.001097193709374551,0.0039829530303515815,2.026394218384105,-0.9588174072717917,2.8,1.2,NOMINAL
2.0400000000000014,0.005081404258105237,-0.007522043029781133,0.0,1968.8873765875019,-0.001126234124981238,-0.00010668029046215373,2.026394457560034,-0.9588106626296445,2.8,1.2,NOMINAL
2.0600000000000014,0.004933344919277891,-0.007402966941367325,0.0,1968.8965232363485,-0.0010347676365154257,0.005953804420690434,2.0263947654786154,-0.9588022739718691,2.8,1.2,NOMINAL
2.0800000000000014,0.0047874381942588215,-0.007295336250953457,0.0,1968.8919589129137,-0.0010804108708634885,0.005381534520693368,2.0263949792012994,-0.9587959736376831,2.8,1.2,NOMINAL
2.1000000000000014,0.004643077951262165,-0.007218012149832816,0.0,1968.7121976010421,-0.0028780239895786507,0.003866205056032062,2.0263951570900893,-0.958790995253022,2.8,1.2,FINE_TUNING
2.1200000000000014,0.0045001003123726,-0.007148881944478264,0.0,1968.7018215997505,-0.0029817840024952604,0.003456510267727589,2.026395465250689,-0.9587877916278135,2.8,1.2,FINE_TUNING
2.1400000000000015,0.004357751447590483,-0.007117443239105834,0.0,1968.6928596311463,-0.0030714036885365202,0.0015719352686214723,2.0263957870006184,-0.9587845970422112,2.8,1.2,FINE_TUNING
2.1600000000000015,0.004214156018071846,-0.007179771475931846,0.0,1968.6914780864686,-0.0030852191353142188,-0.003116411841300582,2.026396219146374,-0.9587804741873867,2.8,1.2,FINE_TUNING
2.1800000000000015,0.0040709365561442,-0.007160973096382313,0.0,1968.7119551480648,-0.0028804485193518305,0.0009399189774766377,2.0263969873342997,-0.958773240367328,2.8,1.2,FINE_TUNING
2.2000000000000015,0.003928590320969624,-0.007117311758728789,0.0,1968.7335762336922,-0.002664237663077529,0.0021830668826761917,2.026397734438254,-0.9587657309101899,2.8,1.2,FINE_TUNING
2.2200000000000015,0.003786774660102054,-0.00709078304337852,0.0,1968.7516334604131,-0.0024836653958686837,0.0013264357675134603,2.026398390240984,-0.9587586270167662,2.8,1.2,FINE_TUNING
2.2400000000000015,0.003644978644979471,-0.007089800756129143,0.0,1968.7702010253213,-0.0022979897467871524,4.9114362468865636e-05,2.0263990172405806,-0.9587513709252065,2.8,1.2,FINE_TUNING
2.2600000000000016,0.0035035813807009386,-0.007069863213926616,0.0,1968.7936449749184,-0.0020635502508162063,0.0009968771101263579,2.0263996634200563,-0.9587433206749367,2.8,1.2,FINE_TUNING
2.2800000000000016,0.003362918617498442,-0.007033138160124827,0.0,1968.8172103022307,-0.0018278969776929443,0.0018362526900894398,2.0264002565084063,-0.9587351156548879,2.8,1.2,FINE_TUNING
2.3000000000000016,0.0032216656206176574,-0.00706264984403924,0.0,1968.8379186289076,-0.001620813710924267,-0.001475584195720671,2.026400765550674,-0.9587271879000658,2.8,1.2,FINE_TUNING
2.3200000000000016,0.003081672519846284,-0.006999655038568679,0.0,1968.8683104423026,-0.0013168955769742752,0.003149740273528055,2.0264013044640152,-0.9587177560126965,2.8,1.2,FINE_TUNING
2.3400000000000016,0.0029429008591283384,-0.006938583035897276,0.0,1968.8892581815867,-0.0011074181841331666,0.0030536001335701537,2.026401689506288,-0.9587094721081905,2.8,1.2,FINE_TUNING
2.3600000000000017,0.0028047210187180562,-0.006908992020514119,0.0,1968.903881583395,-0.0009611841660489517,0.0014795507691578707,2.026401982809722,-0.9587019947622389,2.8,1.2,FINE_TUNING
2.3800000000000017,0.002667999871783386,-0.006836057346733514,0.0,1968.9195844642238,-0.0008041553577618288,0.00364673368903025,2.026402245065383,-0.9586943308569083,2.8,1.2,FINE_TUNING
2.4000000000000017,0.0025332614436839795,-0.006736921404970314,0.0,1968.9283959724635,-0.0007160402753652307,0.00495679708815998,2.0264024385308725,-0.9586876058881144,2.8,1.2,FINE_TUNING
2.4200000000000017,0.0023983055147309505,-0.006747796447651451,0.0,1968.9276877335778,-0.0007231226642215916,-0.0005437521340568427,2.026402576364493,-0.9586822602671088,2.8,1.2,FINE_TUNING
2.4400000000000017,0.002265676120695655,-0.006631469701764769,0.0,1968.939616692595,-0.0006038330740489073,0.005816337294334107,2.0264027600676107,-0.9586752681551174,2.8,1.2,FINE_TUNING
2.4600000000000017,0.0021348919852809956,-0.00653920677073298,0.0,1968.9380109968868,-0.0006198900311323996,0.004613146551589464,2.0264028727463894,-0.9586701619077855,2.8,1.2,FINE_TUNING
2.4800000000000018,0.0020058952929194692,-0.006449834618076311,0.0,1968.9310317226104,-0.0006896827738955835,0.004468607632833422,2.0264029694645656,-0.9586659316977224,2.8,1.2,FINE_TUNING
2.5000000000000018,0.0018786147012474033,-0.006364029583603299,0.0,1968.9206947883167,-0.0007930521168327686,0.004290251723650633,2.0264030617769158,-0.9586623411366382,2.8,1.2,FINE_TUNING
2.520000000000002,0.0017526969492960391,-0.006295887597568206,0.0,1968.9085349495906,-0.00091465050409397,0.003407099301754633,2.0264031556223245,-0.9586592031633728,2.8,1.2,FINE_TUNING
2.540000000000002,0.0016273689079065845,-0.006266402069472733,0.0,1968.8981199678315,-0.0010188003216853759,0.0014742764047736632,2.0264032657412216,-0.9586560489097983,2.8,1.2,FINE_TUNING
2.560000000000002,0.0015018804659079725,-0.006274422099930598,0.0,1968.8956823404092,-0.001043176595908335,-0.00040100152289323436,2.0264034235255504,-0.9586520385461565,2.8,1.2,FINE_TUNING
2.580000000000002,0.0013775236221363004,-0.006217842188583601,0.0,1968.905447392766,-0.0009455260723393622,0.002828995567349826,2.0264036464815938,-0.958646557301011,2.8,1.2,FINE_TUNING
2.600000000000002,0.0012539413908835655,-0.006179111562636751,0.0,1968.9124146663044,-0.0008758533369564248,0.0019365312973425326,2.0264038359754286,-0.9586414505416774,2.8,1.2,FINE_TUNING
2.620000000000002,0.0011303380173838902,-0.006180168674983772,0.0,1968.920525974479,-0.0007947402552099447,-5.285561735104581e-05,2.026404016591044,-0.9586362335856785,2.8,1.2,FINE_TUNING
2.640000000000002,0.001009240179029746,-0.006054891917707211,0.0,1968.9364430040564,-0.0006355699594359976,0.0062638378638280355,2.026404212418113,-0.9586300429787464,2.8,1.2,FINE_TUNING
2.660000000000002,0.0008897037377664684,-0.005976822063163876,0.0,1968.9355753613736,-0.000644246386264058,0.003903492727166791,2.0264043166286823,-0.9586259434077681,2.8,1.2,FINE_TUNING
2.680000000000002,0.0007705436840235977,-0.005958002687143537,0.0,1968.9311242556914,-0.0006887574430857057,0.0009409688010169406,2.0264044087109645,-0.9586224033283313,2.8,1.2,FINE_TUNING
2.700000000000002,0.0006505090153570486,-0.006001733433327452,0.0,1968.9345362229121,-0.0006546377708787077,-0.0021865373091957347,2.026404532009809,-0.9586180156901944,2.8,1.2,FINE_TUNING
2.720000000000002,0.0005304352988744196,-0.006003685824131451,0.0,1968.9545071796,-0.0004549282040011349,-9.761954019998605e-05,2.0264047036758073,-0.9586116418111376,2.8,1.2,FINE_TUNING
2.740000000000002,0.0004117613505050932,-0.00593369741846632,0.0,1968.978816716694,-0.00021183283306072553,0.0034994202832565983,2.026404835139919,-0.9586046437655296,2.8,1.2,FINE_TUNING
2.760000000000002,0.00029379670594547734,-0.00589823222798079,0.0,1968.9935154373788,-6.4845626211536e-05,0.0017732595242764544,2.0264048872776326,-0.9585986983258461,2.8,1.2,FINE_TUNING
2.780000000000002,0.00017554002037371128,-0.005912834278588303,0.0,1969.0075070238156,7.507023815605862e-05,-0.0007301025303756464,2.0264049031835705,-0.9585928041108155,2.8,1.2,FINE_TUNING
2.800000000000002,5.86807830858411e-05,-0.005842961864393509,0.0,1969.0298262873316,0.0002982628733161619,0.003493620709739723,2.0264048813924447,-0.9585858668999071,2.8,1.2,FINE_TUNING
2.820000000000002,-5.7157154229688965e-05,-0.005791896865776503,0.0,1969.043135706124,0.00043135706124076024,0.002553249930850289,2.0264048068867866,-0.9585799155866057,2.8,1.2,FINE_TUNING
2.840000000000002,-0.00017217910502958004,-0.005751097539994554,0.0,1969.0533842280684,0.0005338422806835297,0.00203996628909742,2.026404704878853,-0.9585743136574338,2.8,1.2,FINE_TUNING
2.860000000000002,-0.0002871887835719054,-0.005750483927116269,0.0,1969.063260134976,0.000632601349759625,3.068064391425996e-05,2.026404578998751,-0.9585687647272991,2.8,1.2,FINE_TUNING
2.880000000000002,-0.00040052997565903495,-0.005667059604356477,0.0,1969.0799434857108,0.000799434857108281,0.00417121613798963,2.026404407179669,-0.9585624161925436,2.8,1.2,FINE_TUNING
2.900000000000002,-0.000513592281058851,-0.005653115269990804,0.0,1969.0868192669172,0.0008681926691724584,0.0006972167182836058,2.026404227226234,-0.9585571798187215,2.8,1.2,FINE_TUNING
2.920000000000002,-0.0006254621359045985,-0.005593492742287375,0.0,1969.0989952654559,0.0009899526545586923,0.002981126385171478,2.0264040082863906,-0.9585513584923939,2.8,1.2,FINE_TUNING
2.940000000000002,-0.0007347402565272537,-0.005463906031132759,0.0,1969.1068392461984,0.001068392461984331,0.006479335557730809,2.0264037785977167,-0.9585460353490094,2.8,1.2,FINE_TUNING
2.960000000000002,-0.000841399440373563,-0.005332959192315468,0.0,1969.0992436295303,0.0009924362953029231,0.006547341940864545,2.026403614380241,-0.9585425351703556,2.8,1.2,FINE_TUNING
2.980000000000002,-0.0009469208290916188,-0.005276069435902792,0.0,1969.0804217675195,0.0008042176751951047,0.002844487820633816,2.0264035236246154,-0.9585404778707168,2.8,1.2,FINE_TUNING
3.000000000000002,-0.00105432878923433,-0.005370398007135557,0.0,1969.0666312549306,0.0006663125493059852,-0.004716428561638279,2.0264034366452424,-0.9585380825269616,2.8,1.2,FINE_TUNING
3.0200000000000022,-0.00115969750970759,-0.005268436023662999,0.0,1969.0829977284932,0.0008299772849318288,0.005098099173627919,2.0264032668845613,-0.9585325195998389,2.8,1.2,FINE_TUNING
3.0400000000000023,-0.0012647143266560257,-0.0052508408474217765,0.0,1969.0860304453602,0.0008603044536016569,0.0008797588120611085,2.026403108951713,-0.9585283849449717,2.8,1.2,FINE_TUNING
3.0600000000000023,-0.0013698077303146876,-0.0052546701829331,0.0,1969.0944879268748,0.000944879268747627,-0.00019146677556613687,2.026402922478423,-0.9585237177858253,2.8,1.2,FINE_TUNING
3.0800000000000023,-0.001472769961081061,-0.005148111538318664,0.0,1969.1105352377017,0.0011053523770169704,0.005327932230721763,2.026402680416502,-0.9585182422501162,2.8,1.2,FINE_TUNING
3.1000000000000023,-0.0015761997837301547,-0.005171491132454685,0.0,1969.112458807501,0.0011245880750107061,-0.001168979706801008,2.0264024730761614,-0.9585142530027309,2.8,1.2,FINE_TUNING
3.1200000000000023,-0.0016774627954045827,-0.005063150583721406,0.0,1969.1272890035725,0.0012728900357251406,0.005417027436663921,2.026402189869382,-0.9585089482484358,2.8,1.2,FINE_TUNING
3.1400000000000023,-0.0017763813876729533,-0.004945929613418524,0.0,1969.1279846657155,0.0012798466571553035,0.005861048515144079,2.0264019572338436,-0.9585051191947905,2.8,1.2,FINE_TUNING
3.1600000000000024,-0.0018734278745363789,-0.004852324343171275,0.0,1969.1170733700171,0.0011707337001712404,0.004680263512362461,2.0264018015953202,-0.9585025968758857,2.8,1.2,FINE_TUNING
3.1800000000000024,-0.001968980208920817,-0.004777616719221901,0.0,1969.1020441158598,0.0010204411585982597,0.0037353811974687153,2.02640169088354,-0.9585006626020542,2.8,1.2,FINE_TUNING
3.2000000000000024,-0.0020634402887003984,-0.004723003988979083,0.0,1969.0873459962775,0.000873459962774632,0.0027306365121409332,2.026401600285063,-0.9584988744356165,2.8,1.2,FINE_TUNING
3.2200000000000024,-0.0021572395648568523,-0.004689963807822698,0.0,1969.07633635441,0.0007633635440993203,0.0016520090578192295,2.026401512709874,-0.9584968860674098,2.8,1.2,FINE_TUNING
3.2400000000000024,-0.00225100326753116,-0.004688185133715399,0.0,1969.0716600014055,0.0007166000140546203,8.893370536491993e-05,2.0264014161052697,-0.9584944120215076,2.8,1.2,FINE_TUNING
3.2600000000000025,-0.0023412569717289645,-0.004512685209890228,0.0,1969.0769150093365,0.0007691500933651696,0.008774996191258534,2.0264012918184737,-0.9584910624203056,2.8,1.2,FINE_TUNING
3.2800000000000025,-0.0024309280879972806,-0.004483555813415812,0.0,1969.0584926604463,0.0005849266044629076,0.0014564698237208144,2.0264012514585232,-0.9584900578282746,2.8,1.2,FINE_TUNING
3.3000000000000025,-0.002520543718206083,-0.0044807815104401134,0.0,1969.049067234156,0.000490672341559275,0.0001387151487849637,2.0264011989406727,-0.9584883683762608,2.8,1.2,FINE_TUNING
3.3200000000000025,-0.0026092671738845124,-0.0044361727839214915,0.0,1969.0505767628035,0.0005057676280353007,0.00223043632593112,2.026401130160541,-0.9584857678639953,2.8,1.2,FINE_TUNING
3.3400000000000025,-0.0026964267923777277,-0.004357980924660765,0.0,1969.052386950281,0.0005238695028106122,0.003909592963036337,2.026401059245197,-0.9584831930936083,2.8,1.2,FINE_TUNING
3.3600000000000025,-0.0027816106818996525,-0.004259194476096249,0.0,1969.0484384741717,0.0004843847417168945,0.004939322428225753,2.026401001894949,-0.9584812031052535,2.8,1.2,FINE_TUNING
3.3800000000000026,-0.00286613811377219,-0.004226371593626866,0.0,1969.0367244619115,0.00036724461911489924,0.0016411441234691626,2.026400969689427,-0.9584800093923189,2.8,1.2,FINE_TUNING
3.4000000000000026,-0.0029500028250255507,-0.004193235562668031,0.0,1969.0310822315782,0.0003108223157823886,0.0016568015479417617,2.026400936145603,-0.9584783946252863,2.8,1.2,FINE_TUNING
3.4200000000000026,-0.0030338280171240545,-0.004191259604925199,0.0,1969.0296119458676,0.00029611945867600296,9.879788714160526e-05,2.0264009023702623,-0.9584764987775649,2.8,1.2,FINE_TUNING
3.4400000000000026,-0.0031170371020848107,-0.0041604542480377996,0.0,1969.0365381384445,0.000365381384444845,0.0015402678443699682,2.026400858243146,-0.9584739290156695,2.8,1.2,FINE_TUNING
3.4600000000000026,-0.0031984782371331177,-0.004072056752415349,0.0,1969.0442826247383,0.00044282624738343655,0.0044198747811225545,2.0264008020830557,-0.9584713005828109,2.8,1.2,FINE_TUNING
3.4800000000000026,-0.003279102294664219,-0.00403120287655508,0.0,1969.0424144561987,0.00042414456198685,0.0020426937930134626,2.02640075536592,-0.9584695110174751,2.8,1.2,FINE_TUNING
3.5000000000000027,-0.0033592225858115766,-0.0040060145573678815,0.0,1969.0420901193404,0.00042090119340400635,0.0012594159593599062,2.02640070836955,-0.9584676538948103,2.8,1.2,FINE_TUNING
3.5200000000000027,-0.003438289233493716,-0.0039533323841069576,0.0,1969.0455732760754,0.0004557327607540174,0.0026341086630461844,2.0264006544061495,-0.9584655294839105,2.8,1.2,FINE_TUNING
3.5400000000000027,-0.003517257860712818,-0.003948431360955103,0.0,1969.0468571237595,0.0004685712375953699,0.0002450511575927132,2.0264006013851765,-0.9584636207574838,2.8,1.2,FINE_TUNING
3.5600000000000027,-0.0035974674672197655,-0.0040104803253473665,0.0,1969.0549760749946,0.0005497607499455625,-0.003102448219613153,2.026400531203255,-0.9584611901073401,2.8,1.2,FINE_TUNING
3.5800000000000027,-0.003677123191376227,-0.003982786207823066,0.0,1969.0797191098354,0.000797191098354233,0.0013847058762150118,2.0264004017077624,-0.9584573982608375,2.8,1.2,FINE_TUNING
3.6000000000000028,-0.003758636812500559,-0.0040756810562165985,0.0,1969.1003959480636,0.0010039594806357855,-0.004644742419676604,2.026400224984353,-0.9584538333556187,2.8,1.2,FINE_TUNING
3.6200000000000028,-0.003839088491517151,-0.004022583950829578,0.0,1969.139494944249,0.0013949494424900877,0.002654855269351046,2.0263999026645148,-0.958448684978058,2.8,1.2,FINE_TUNING
3.640000000000003,-0.003917689639498481,-0.003930057399066513,0.0,1969.1659112641341,0.0016591126413413803,0.0046263275881532505,2.026399528400712,-0.9584443610395125,2.8,1.2,FINE_TUNING
3.660000000000003,-0.003993831399319707,-0.003807087991061314,0.0,1969.17643096924,0.0017643096924007296,0.006148470400259962,2.026399205401055,-0.9584412250258465,2.8,1.2,FINE_TUNING
3.680000000000003,-0.004068020194857711,-0.0037094397769001715,0.0,1969.170322501367,0.0017032250136708171,0.004882410708057116,2.026399008270639,-0.9584394382101709,2.8,1.2,FINE_TUNING
3.700000000000003,-0.004140827948386187,-0.003640387676423798,0.0,1969.1568635645258,0.0015686356452579275,0.0034526050238186663,2.0263988886359146,-0.9584383310251764,2.8,1.2,FINE_TUNING
3.720000000000003,-0.00421339120638455,-0.0036281628999181807,0.0,1969.1431690308254,0.001431690308254474,0.0006112388252808767,2.0263987906648357,-0.9584373638698456,2.8,1.2,FINE_TUNING
3.740000000000003,-0.004285803192767662,-0.0036205993191555804,0.0,1969.1392505351093,0.0013925053510934048,0.0003781790381300206,2.0263986393897313,-0.9584357569432077,2.8,1.2,FINE_TUNING
3.760000000000003,-0.004357159099536333,-0.0035677953384335506,0.0,1969.1430054391997,0.0014300543919966912,0.002640199036101478,2.0263984421934778,-0.958433632821015,2.8,1.2,FINE_TUNING
3.780000000000003,-0.004428117500590556,-0.003547920052711106,0.0,1969.144161858325,0.0014416185832510564,0.0009937642861222468,2.0263982592808585,-0.9584317341334084,2.8,1.2,FINE_TUNING
3.800000000000003,-0.004498755473299614,-0.003531898635452907,0.0,1969.1492491954275,0.0014924919542750104,0.0008010708629099242,2.0263980479556527,-0.9584295833190278,2.8,1.2,FINE_TUNING
3.820000000000003,-0.0045680297281979745,-0.0034637127449180308,0.0,1969.1577621725598,0.0015776217255984192,0.0034092945267438137,2.0263978030488943,-0.9584271993494917,2.8,1.2,FINE_TUNING
3.840000000000003,-0.00463684025239386,-0.0034405262097942793,0.0,1969.1594659714642,0.0015946597146421482,0.0011593267561875744,2.0263975969710577,-0.9584253172926049,2.8,1.2,FINE_TUNING
3.860000000000003,-0.004706133980685874,-0.0034646864146007164,0.0,1969.1642566936657,0.0016425669366572039,-0.0012080102403218473,2.0263973653811163,-0.9584232489389913,2.8,1.2,FINE_TUNING
3.880000000000003,-0.004774238038511891,-0.0034052028913008387,0.0,1969.1795525257285,0.0017955252572846802,0.0029741761649938847,2.0263970389111248,-0.9584204468612599,2.8,1.2,FINE_TUNING
3.900000000000003,-0.004841857150372064,-0.0033809555930086645,0.0,1969.1875065566849,0.0018750655668486615,0.001212364914608714,2.026396742663111,-0.9584181326317066,2.8,1.2,FINE_TUNING
3.920000000000003,-0.004907486954657148,-0.003281490214254181,0.0,1969.1964658136894,0.001964658136894286,0.004973268937724184,2.0263964216379686,-0.9584157520542138,2.8,1.2,FINE_TUNING
3.940000000000003,-0.004970384435555788,-0.0031448740449320305,0.0,1969.1928372919804,0.0019283729198036781,0.006830808466107532,2.0263962085235057,-0.9584142561540177,2.8,1.2,FINE_TUNING
3.960000000000003,-0.0050311945755498935,-0.003040506999705281,0.0,1969.1736958954195,0.0017369589541954156,0.0052183522613374785,2.0263961576145975,-0.9584138973508857,2.8,1.2,FINE_TUNING
3.980000000000003,-0.005090371239488278,-0.0029588331969192193,0.0,1969.1491791131928,0.0014917911319275844,0.004083690139303074,2.026396173995161,-0.9584140226608566,2.8,1.2,FINE_TUNING
4.000000000000003,-0.0051471113324986755,-0.0028370046505198803,0.0,1969.1247507202254,0.001247507202253928,0.0060914273199669505,2.026396202738721,-0.9584142721776369,2.8,1.2,FINE_TUNING
4.020000000000002,-0.005203926998033547,-0.0028407832767435716,0.0,1969.0931803899548,0.0009318038995479583,-0.00018893131118455668,2.026396284963003,-0.958415103679265,2.8,1.2,FINE_TUNING
4.040000000000002,-0.005260480392986313,-0.00282766974763835,0.0,1969.0785954123191,0.000785954123191459,0.0006556764552610775,2.0263962775221565,-0.9584150059753332,2.8,1.2,FINE_TUNING
4.060000000000001,-0.005316037672270334,-0.00277786396420103,0.0,1969.0729472192054,0.0007294721920538905,0.002490289171866007,2.0263962406931557,-0.9584144449028146,2.8,1.2,FINE_TUNING
4.080000000000001,-0.005371215384645699,-0.0027588856187682593,0.0,1969.0670780563569,0.0006707805635687692,0.0009489172716385256,2.0263962099039157,-0.9584139479192458,2.8,1.2,FINE_TUNING
4.1000000000000005,-0.0054254788390224185,-0.002713172718835949,0.0,1969.0664321411393,0.0006643214113933027,0.0022856449966155226,2.026396166132255,-0.9584131925449374,2.8,1.2,FINE_TUNING
4.12,-0.005479366909385216,-0.002694403518139851,0.0,1969.064712832237,0.0006471283223709179,0.0009384600348048892,2.0263961275672147,-0.9584125299594826,2.8,1.2,FINE_TUNING
4.14,-0.005532756633375198,-0.0026694861994991503,0.0,1969.0669410488729,0.0006694104887287721,0.0012458659320350317,2.026396078330336,-0.9584116743514847,2.8,1.2,FINE_TUNING
4.159999999999999,-0.005585799360561761,-0.0026521363593281127,0.0,1969.0708363497708,0.000708363497708433,0.0008674920085518824,2.02639602217047,-0.9584107426978131,2.8,1.2,FINE_TUNING
4.179999999999999,-0.005637297338838265,-0.002574898913825218,0.0,1969.0772126280533,0.0007721262805330298,0.0038618722751447344,2.026395953847556,-0.9584096839538427,2.8,1.2,FINE_TUNING
4.199999999999998,-0.00568820505751228,-0.0025453859337007338,0.0,1969.0747461566748,0.0007474615667479157,0.001475649006224213,2.0263959135788885,-0.958409117238347,2.8,1.2,FINE_TUNING
4.219999999999998,-0.0057396533501830075,-0.0025724146335364072,0.0,1969.0744017321492,0.0007440173214922651,-0.0013514349917836646,2.026395868240124,-0.9584084684289808,2.8,1.2,FINE_TUNING
4.2399999999999975,-0.005790398032271252,-0.002537234104412243,0.0,1969.0854921910498,0.0008549219104975236,0.001759026456208212,2.0263957808863577,-0.9584072307206699,2.8,1.2,FINE_TUNING
4.259999999999997,-0.005840894406690417,-0.0025248187209582287,0.0,1969.093672941978,0.0009367294197795673,0.0006207691727007159,2.0263956910714165,-0.9584061311759461,2.8,1.2,FINE_TUNING
4.279999999999997,-0.005889045262868397,-0.002407542808899007,0.0,1969.1037948545704,0.0010379485457042393,0.005863795602961077,2.02639558201876,-0.9584049237936026,2.8,1.2,FINE_TUNING
4.299999999999996,-0.005935984203929981,-0.002346947053079161,0.0,1969.0967655808079,0.000967655808078689,0.003029787790992303,2.026395549718455,-0.9584046035903041,2.8,1.2,FINE_TUNING
4.319999999999996,-0.00598085539366245,-0.0022435594866234607,0.0,1969.0875535703817,0.0008755357038171496,0.0051693783227850214,2.026395534130723,-0.9584044410253455,2.8,1.2,FINE_TUNING
4.339999999999995,-0.006024920404815365,-0.0022032505576457416,0.0,1969.0691755627906,0.0006917556279063319,0.0020154464488859624,2.026395565003069,-0.9584047894238454,2.8,1.2,FINE_TUNING
4.359999999999995,-0.0060674396966057835,-0.002125964589520946,0.0,1969.0553562357466,0.0005535623574655801,0.0038642984062397753,2.026395578740525,-0.9584049802403001,2.8,1.2,FINE_TUNING
4.379999999999995,-0.006108661451513266,-0.002061087745374095,0.0,1969.038149734135,0.00038149734135004107,0.003243842207342547,2.026395602733115,-0.9584053863543487,2.8,1.2,FINE_TUNING
4.399999999999994,-0.0061488839223331525,-0.0020111235409943366,0.0,1969.0206472278255,0.0002064722782552053,0.0024982102189879197,2.0263956226607243,-0.9584058622240059,2.8,1.2,FINE_TUNING
4.419999999999994,-0.006190483072358219,-0.0020799575012533434,0.0,1969.00547508521,5.475085210036923e-05,-0.003441698012950339,2.0263956325336547,-0.9584062854251755,2.8,1.2,FINE_TUNING
4.439999999999993,-0.006231474154698731,-0.0020495541170255918,0.0,1969.0128332338595,0.00012833233859510073,0.0015201692113875902,2.026395629224287,-0.9584057650844188,2.8,1.2,FINE_TUNING
4.459999999999993,-0.006270674666530497,-0.001960025591588299,0.0,1969.018580254073,0.00018580254072958269,0.004476426271864649,2.0263956223500856,-0.9584053085990186,2.8,1.2,FINE_TUNING
4.479999999999992,-0.006309473886464556,-0.0019399609967029373,0.0,1969.0127276605556,0.00012727660555583497,0.0010032297442680847,2.0263956232429083,-0.9584053490823204,2.8,1.2,FINE_TUNING
4.499999999999992,-0.006346727158867011,-0.0018626636201227544,0.0,1969.0108786904877,0.0001087869048774337,0.003864868829009142,2.026395621676574,-0.9584052475604216,2.8,1.2,FINE_TUNING
4.519999999999992,-0.0063841399507157445,-0.0018706395924366912,0.0,1969.0017112289656,1.7112289656324718e-05,-0.0003987986156968335,2.026395624601597,-0.9584054654189452,2.8,1.2,FINE_TUNING
4.539999999999991,-0.006421534467582773,-0.0018697258433514232,0.0,1969.0023547405974,2.3547405974113644e-05,4.56874542634001e-05,2.0263956242816676,-0.9584053175909166,2.8,1.2,FINE_TUNING
4.559999999999991,-0.006457888004123909,-0.0018176768270567853,0.0,1969.008325042269,8.325042269007099e-05,0.002602450814731899,2.0263956232246874,-0.9584049683829109,2.8,1.2,FINE_TUNING
4.57999999999999,-0.006495308258105654,-0.001871012699087269,0.0,1969.0090114405,9.011440499989476e-05,-0.002666793601524182,2.026395621654449,-0.958404823347773,2.8,1.2,FINE_TUNING
4.59999999999999,-0.006530628845671942,-0.0017660293783144001,0.0,1969.024525553679,0.0002452555367904097,0.005249166038643448,2.026395613226008,-0.9584041159008773,2.8,1.2,FINE_TUNING
4.6199999999999894,-0.00656582419461494,-0.001759767447149887,0.0,1969.0225803647734,0.0002258036477337555,0.0003130965582256554,2.02639561106751,-0.9584040495422145,2.8,1.2,FINE_TUNING
4.639999999999989,-0.006599292388992199,-0.0016734097188629729,0.0,1969.0256732554865,0.0002567325548648114,0.004317886414345702,2.0263956036980924,-0.9584038081257419,2.8,1.2,FINE_TUNING
4.659999999999989,-0.006632993887718345,-0.001685074936307304,0.0,1969.0181584564973,0.00018158456497303633,-0.0005832608722165501,2.026395609222748,-0.9584039649942127,2.8,1.2,FINE_TUNING
4.679999999999988,-0.006665566760034079,-0.0016286436157866683,0.0,1969.0203856390872,0.00020385639087180607,0.002821566026031779,2.026395604799226,-0.9584037917678655,2.8,1.2,FINE_TUNING
4.699999999999988,-0.006698201580003576,-0.0016317409984749106,0.0,1969.017445805698,0.00017445805697889228,-0.00015486913441211054,2.0263956052748737,-0.9584038080999584,2.8,1.2,FINE_TUNING
4.719999999999987,-0.006732002799233972,-0.001690060961519794,0.0,1969.0213126659992,0.00021312665999175806,-0.002915998152244174,2.0263956000034713,-0.9584036009950186,2.8,1.2,FINE_TUNING
4.739999999999987,-0.0067657608105496,-0.0016879005657813536,0.0,1969.0397093403667,0.00039709340366698596,0.00010801978692202537,2.026395577720041,-0.9584028946209211,2.8,1.2,FINE_TUNING
4.7599999999999865,-0.006799083313613294,-0.0016661251531847423,0.0,1969.057714414706,0.0005771441470596983,0.0010887706298305703,2.0263955348597777,-0.9584021652738612,2.8,1.2,FINE_TUNING
4.779999999999986,-0.006831314875779248,-0.001611578108297723,0.0,1969.071992680849,0.0007199268084900723,0.0027273522443509637,2.0263954805108364,-0.9584015291095052,2.8,1.2,FINE_TUNING
4.799999999999986,-0.006863707353653413,-0.0016196238937082298,0.0,1969.0778536384478,0.0007785363844777748,-0.00040228927052533836,2.0263954407915357,-0.9584011579029006,2.8,1.2,FINE_TUNING
4.819999999999985,-0.006894899638709264,-0.001559614252792548,0.0,1969.088790003221,0.0008879000322099273,0.003000482045784091,2.0263953769444445,-0.9584006130611216,2.8,1.2,FINE_TUNING
4.839999999999985,-0.006925669260697876,-0.0015384810994306052,0.0,1969.0912933211134,0.0009129332111342592,0.0010566576680971396,2.026395339864265,-0.9584003376797546,2.8,1.2,FINE_TUNING
4.859999999999984,-0.006957723951547163,-0.0016027345424643358,0.0,1969.0946652280452,0.0009466522804518718,-0.0032126721516865264,2.0263952978912454,-0.95840003941409,2.8,1.2,FINE_TUNING
4.879999999999984,-0.006988001840129594,-0.0015138944291215384,0.0,1969.1136923408808,0.0011369234088078883,0.004442005667139868,2.0263951787061285,-0.9583992352332299,2.8,1.2,FINE_TUNING
4.8999999999999835,-0.00701641020303835,-0.0014204181454378025,0.0,1969.1167782842906,0.0011677828429060356,0.004673814184186789,2.02639512158724,-0.9583989139772878,2.8,1.2,FINE_TUNING
4.919999999999983,-0.007044441579243897,-0.0014015688102773651,0.0,1969.1077473443631,0.0010774734436313337,0.0009424667580218711,2.0263951350622236,-0.9583989865893688,2.8,1.2,FINE_TUNING
4.939999999999983,-0.007071949838332656,-0.0013754129544379563,0.0,1969.1032582989976,0.0010325829899761629,0.00130779279197044,2.0263951271256113,-0.9583989415874875,2.8,1.2,FINE_TUNING
4.959999999999982,-0.007099288073503614,-0.0013669117585479135,0.0,1969.1006377103572,0.0010063771035720493,0.000425059794502139,2.0263951124057678,-0.9583988566469579,2.8,1.2,FINE_TUNING
4.979999999999982,-0.007125545156713158,-0.0013128541604771659,0.0,1969.1024073011642,0.0010240730116424857,0.0027028799035373825,2.026395077510135,-0.9583986547912563,2.8,1.2,FINE_TUNING
4.999999999999981,-0.007151715053598974,-0.0013084948442908158,0.0,1969.099205198133,0.0009920519813294958,0.00021796580931750394,2.0263950683795477,-0.9583986038338661,2.8,1.2,FINE_TUNING
5.019999999999981,-0.007176367825204226,-0.0012326385802625959,0.0,1969.101212972357,0.0010121297235696147,0.003792813201410994,2.026395035313422,-0.9583984179753695,2.8,1.2,FINE_TUNING
5.0399999999999805,-0.007200524442317457,-0.0012078308556615603,0.0,1969.0942507896507,0.0009425078965068679,0.0012403862300517823,2.0263950481768496,-0.958398487539426,2.8,1.2,FINE_TUNING
5.05999999999998,-0.007225362640000485,-0.0012419098841513919,0.0,1969.0899002143874,0.000899002143873986,-0.0017039514244915838,2.0263950508590463,-0.9583985026524022,2.8,1.2,FINE_TUNING
5.07999999999998,-0.007248856296029867,-0.0011746828014691224,0.0,1969.0977387286782,0.000977387286782232,0.0033613541341134734,2.026394999806798,-0.9583982092404527,2.8,1.2,FINE_TUNING
5.099999999999979,-0.0072712390662804955,-0.0011191385125314424,0.0,1969.0962962949177,0.0009629629491769264,0.0027772144468840012,2.026394988809459,-0.9583981517768819,2.8,1.2,FINE_TUNING
5.119999999999979,-0.007294866272144589,-0.0011813602932046533,0.0,1969.0903137538369,0.0009031375383688101,-0.003111089033660544,2.0263950016889325,-0.958398218444662,2.8,1.2,FINE_TUNING
5.139999999999978,-0.007317640658891012,-0.001138719337321171,0.0,1969.101853526238,0.0010185352623807375,0.0021320477941741125,2.02639493584455,-0.9583978661496934,2.8,1.2,FINE_TUNING
5.159999999999978,-0.00733916915690361,-0.0010764249006298902,0.0,1969.107265380866,0.0010726538086601068,0.0031147218345640446,2.0263948902340596,-0.9583976511968558,2.8,1.2,FINE_TUNING
5.1799999999999775,-0.007360127950698308,-0.0010479396897348794,0.0,1969.1048548723095,0.001048548723094882,0.0014242605447505425,2.026394883950097,-0.9583976235070614,2.8,1.2,FINE_TUNING
5.199999999999977,-0.007380917186897758,-0.0010394618099725226,0.0,1969.1028383625373,0.001028383625373408,0.0004238939881178376,2.026394877572497,-0.9583975955265687,2.8,1.2,FINE_TUNING
5.219999999999977,-0.007399822128503137,-0.0009452470802689509,0.0,1969.104588644063,0.0010458864406291469,0.004710736485178591,2.0263948532468623,-0.9583974896089815,2.8,1.2,FINE_TUNING
5.239999999999976,-0.007418797970390243,-0.0009487920943552926,0.0,1969.0938362556005,0.0009383625560053588,-0.0001772507043170913,2.0263948954941493,-0.9583976666052921,2.8,1.2,FINE_TUNING
5.259999999999976,-0.007435450584707465,-0.0008326307158611126,0.0,1969.091433822082,0.0009143382208208096,0.005808068924709005,2.0263948978490522,-0.9583976771494186,2.8,1.2,FINE_TUNING
5.279999999999975,-0.007452345796360867,-0.0008447605826700958,0.0,1969.0737609088683,0.0007376090886828024,-0.0006064933404491641,2.026394972923271,-0.9583980121182606,2.8,1.2,FINE_TUNING
5.299999999999975,-0.0074678468572551724,-0.0007750530447152808,0.0,1969.0678511576186,0.000678511576186338,0.00348537689774075,2.026394994482738,-0.9583981247924411,2.8,1.2,FINE_TUNING
5.3199999999999745,-0.007481156677957426,-0.0006654910351126779,0.0,1969.0557581094645,0.0005575810946447746,0.005478100480130144,2.026395037699923,-0.9583983612338469,2.8,1.2,FINE_TUNING
5.339999999999974,-0.007495489148763323,-0.0007166235402948509,0.0,1969.0321893244582,0.00032189324458158807,-0.0025566252591086498,2.0263951086854024,-0.958398810453935,2.8,1.2,FINE_TUNING
5.359999999999974,-0.007509091129345478,-0.000680099029107728,0.0,1969.0287693477237,0.0002876934772370987,0.001826225559356142,2.026395119532079,-0.9583989205937271,2.8,1.2,FINE_TUNING
5.379999999999973,-0.007523189177197786,-0.0007049023926154533,0.0,1969.0240743691659,0.00024074369165873576,-0.0012401681753862602,2.026395131673108,-0.9583990534414514,2.8,1.2,FINE_TUNING
5.399999999999973,-0.007536232496993774,-0.0006521659897993561,0.0,1969.0292546211388,0.0002925462113876165,0.002636820140804858,2.0263951302982237,-0.9583990361960487,2.8,1.2,FINE_TUNING
5.419999999999972,-0.007547602961348014,-0.0005685232177119969,0.0,1969.0277091132652,0.00027709113265245833,0.004182138604367962,2.026395138353424,-0.9583991176898088,2.8,1.2,FINE_TUNING
5.439999999999972,-0.0075570296740189525,-0.0004713356335469301,0.0,1969.0159155324761,0.00015915532476128646,0.004859379208253339,2.026395160826713,-0.9583993491910896,2.8,1.2,FINE_TUNING
5.4599999999999715,-0.007565376265841914,-0.00041732959114805583,0.0,1968.9944192999574,-5.5807000426284506e-05,0.002700302119943715,2.0263951823910147,-0.9583997123484544,2.8,1.2,FINE_TUNING
5.479999999999971,-0.007574105777492269,-0.00043647558251775574,0.0,1968.9735908868383,-0.0002640911316166239,-0.0009572995684849962,2.026395174555627,-0.9584000551810112,2.8,1.2,FINE_TUNING
5.499999999999971,-0.007582196017636483,-0.0004045120072107191,0.0,1968.9660528410338,-0.00033947158966157075,0.0015981787653518312,2.0263951532460838,-0.9584002335106822,2.8,1.2,FINE_TUNING
5.51999999999997,-0.007587774363155754,-0.0002789172759635618,0.0,1968.9588329747446,-0.000411670252553904,0.006279736562357866,2.0263951532460838,-0.9584002335106822,2.8,1.2,FINE_TUNING
5.53999999999997,-0.007592343312596995,-0.0002284474720620568,0.0,1968.9352579986398,-0.0006474200136017316,0.0025234901950752496,2.0263951532460838,-0.9584002335106822,2.8,1.2,FINE_TUNING
5.559999999999969,-0.007595038785380473,-0.0001347736391738928,0.0,1968.9132823570335,-0.0008671764296650508,0.0046836916444082,2.0263951532460838,-0.9584002335106822,2.8,1.2,FINE_TUNING
5.579999999999969,-0.007597076517237269,-0.00010188659283981338,0.0,1968.8847161596404,-0.0011528384035955242,0.0016443523167039714,2.0263951532460838,-0.9584002335106822,2.8,1.2,FINE_TUNING
5.599999999999969,-0.007600906750780838,-0.000191511677178454,0.0,1968.8621070494198,-0.001378929505801807,-0.00448125421693203,2.0263951532460838,-0.9584002335106822,2.8,1.2,FINE_TUNING
5.619999999999968,-0.00760557886865889,-0.00023360589390259134,0.0,1968.8652367157708,-0.0013476328422916595,-0.002104710836206867,2.0263951532460838,-0.9584002335106822,2.8,1.2,FINE_TUNING
5.639999999999968,-0.007610040594796019,-0.0002230863068564634,0.0,1968.8781484365877,-0.001218515634122923,0.0005259793523063976,2.0263951532460838,-0.9584002335106822,2.8,1.2,FINE_TUNING
5.659999999999967,-0.007615891395524222,-0.00029254003641018394,0.0,1968.8886945783422,-0.0011130542165778935,-0.0034726864776860275,2.0263951532460838,-0.9584002335106822,2.8,1.2,FINE_TUNING
5.679999999999967,-0.007621383865912356,-0.0002746235194067182,0.0,1968.9116843786303,-0.0008831562136970205,0.0008958258501732874,2.0263951532460838,-0.9584002335106822,2.8,1.2,FINE_TUNING
5.699999999999966,-0.007629062478636892,-0.0003839306362267805,0.0,1968.9280841370282,-0.00071915862971764,-0.005465355841003116,2.0263951532460838,-0.9584002335106822,2.8,1.2,FINE_TUNING
5.719999999999966,-0.007636897287078163,-0.0003917404220635274,0.0,1968.9622981773,-0.0003770182270000078,-0.000390489291837347,2.0263951532460838,-0.9584002335106822,2.8,1.2,FINE_TUNING
5.739999999999966,-0.0076440888962885055,-0.000359580460517138,0.0,1968.9912567995812,-8.743200418848574e-05,0.0016079980773194705,2.0263951532460838,-0.9584002335106822,2.8,1.2,FINE_TUNING
5.759999999999965,-0.007653005250953038,-0.0004458177332266253,0.0,1969.0094981081072,9.498108107209192e-05,-0.004311863635474364,2.0263951532460838,-0.9584002335106822,2.8,1.2,FINE_TUNING
5.779999999999965,-0.007661076164038428,-0.00040354565426951823,0.0,1969.0410830590677,0.00041083059067659633,0.0021136039478553536,2.0263951532460838,-0.9584002335106822,2.8,1.2,FINE_TUNING
5.799999999999964,-0.007667868084316978,-0.00033959601392750255,0.0,1969.0594764862722,0.000594764862721604,0.0031974820171007824,2.0263951532460838,-0.9584002335106822,2.8,1.2,FINE_TUNING
5.819999999999964,-0.007673335992412493,-0.0002733954047757349,0.0,1969.0647406586875,0.0006474065868746948,0.0033100304575883824,2.0263951532460838,-0.9584002335106822,2.8,1.2,FINE_TUNING
5.839999999999963,-0.007680084620808352,-0.0003374314197929398,0.0,1969.0603105940118,0.0006031059401175299,-0.003201800750860244,2.0263951532460838,-0.9584002335106822,2.8,1.2,FINE_TUNING
5.859999999999963,-0.007687831552317828,-0.000387346575473787,0.0,1969.071971303203,0.0007197130320309952,-0.0024957577840423618,2.0263951532460838,-0.9584002335106822,2.8,1.2,FINE_TUNING
5.879999999999963,-0.007693901438443443,-0.000303494306280768,0.0,1969.0925150151097,0.0009251501510971139,0.004192613459650949,2.0263951532460838,-0.9584002335106822,2.8,1.2,FINE_TUNING
5.899999999999962,-0.007698291809209962,-0.0002195185383259669,0.0,1969.0957542523815,0.0009575425238153912,0.004198788397740056,2.0263951532460838,-0.9584002335106822,2.8,1.2,FINE_TUNING
5.919999999999962,-0.007703252460900648,-0.00024803258453431036,0.0,1969.0867178744206,0.0008671787442062851,-0.0014257023104171731,2.0263951532460838,-0.9584002335106822,2.8,1.2,FINE_TUNING
5.939999999999961,-0.007709040298445766,-0.00028939187725586095,0.0,1969.0888021425199,0.0008880214251985308,-0.002067964636077529,2.0263951532460838,-0.9584002335106822,2.8,1.2,FINE_TUNING
5.959999999999961,-0.007713294583951077,-0.00021271427526555663,0.0,1969.1009887055595,0.0010098870555953,0.003833880099515215,2.0263951532460838,-0.9584002335106822,2.8,1.2,FINE_TUNING
5.9799999999999605,-0.00771895691936384,-0.00028311677063817516,0.0,1969.0994854711294,0.0009948547112935558,-0.0035201247686309257,2.0263951532460838,-0.9584002335106822,2.8,1.2,FINE_TUNING
5.99999999999996,-0.007723328440593174,-0.0002185760614666587,0.0,1969.1142307453179,0.001142307453178546,0.0032270354585758236,2.0263951532460838,-0.9584002335106822,2.8,1.2,FINE_TUNING
6.01999999999996,-0.007728721462639399,-0.00026965110231126654,0.0,1969.1166540052461,0.0011665400524611869,-0.0025537520422303913,2.0263951532460838,-0.9584002335106822,2.8,1.2,FINE_TUNING
6.039999999999959,-0.00773485125210682,-0.0003064894733710423,0.0,1969.1307503272078,0.0013075032720780656,-0.0018419185529887892,2.0263951532460838,-0.9584002335106822,2.8,1.2,FINE_TUNING
6.059999999999959,-0.0077400953383611765,-0.0002622043127178369,0.0,1969.1505941722542,0.0015059417225415928,0.0022142580326602684,2.0263951532460838,-0.9584002335106822,2.8,1.2,FINE_TUNING
6.079999999999958,-0.007743846526566213,-0.0001875594102518192,0.0,1969.1602077302502,0.0016020773025024937,0.003732245123300885,2.0263951532460838,-0.9584002335106822,2.8,1.2,FINE_TUNING
6.099999999999958,-0.007746103824097853,-0.0001128648765820229,0.0,1969.1572279054324,0.0015722790543236443,0.003734726683489815,2.0263951532460838,-0.9584002335106822,2.8,1.2,FINE_TUNING
6.1199999999999575,-0.00774749007993162,-6.931279168830549e-05,0.0,1969.1452980711992,0.0014529807119924953,0.002177604244685871,2.0263951532460838,-0.9584002335106822,2.8,1.2,FINE_TUNING
6.139999999999957,-0.0077490855253904405,-7.977227294104008e-05,0.0,1969.1324735109106,0.001324735109105859,-0.0005229740626367296,2.0263951532460838,-0.9584002335106822,2.8,1.2,FINE_TUNING
6.159999999999957,-0.007750850198293369,-8.823364514641285e-05,0.0,1969.1284822486602,0.0012848224866024794,-0.0004230686102686381,2.0263951532460838,-0.9584002335106822,2.8,1.2,FINE_TUNING
6.179999999999956,-0.007751733679768508,-4.41740737569611e-05,0.0,1969.1303400829001,0.0013034008290014755,0.0022029785694725875,2.0263951532460838,-0.9584002335106822,2.8,1.2,FINE_TUNING
6.199999999999956,-0.007751311535170165,2.110722991718776e-05,0.0,1969.1270371463363,0.0012703714633630625,0.003264065183707443,2.0263951532460838,-0.9584002335106822,2.8,1.2,FINE_TUNING
6.219999999999955,-0.007751228368567252,4.158330145618637e-06,0.0,1969.1163010860603,0.0011630108606027535,-0.000847444988578456,2.0263951532460838,-0.9584002335106822,2.8,1.2,FINE_TUNING
6.239999999999955,-0.007751289647587759,-3.0639510253687333e-06,0.0,1969.1147644289347,0.001147644289346772,-0.00036111405854936853,2.0263951532460838,-0.9584002335106822,2.8,1.2,FINE_TUNING
6.2599999999999545,-0.007751393179710411,-5.176606132617415e-06,0.0,1969.1179794298596,0.0011797942985958799,-0.0001056327553624341,2.0263951532460838,-0.9584002335106822,2.8,1.2,FINE_TUNING
6.279999999999954,-0.007750862722776358,2.6522846702675486e-05,0.0,1969.1236310568725,0.001236310568724548,0.001584972641764645,2.0263951532460838,-0.9584002335106822,2.8,1.2,FINE_TUNING
6.299999999999954,-0.007750695239260686,8.374175783593636e-06,0.0,1969.1250239267893,0.0012502392678925389,-0.0009074335459540925,2.0263951532460838,-0.9584002335106822,2.8,1.2,FINE_TUNING
6.319999999999953,-0.007749928903648529,3.831678060786323e-05,0.0,1969.132179873526,0.0013217987352595628,0.0014971302412134797,2.0263951532460838,-0.9584002335106822,2.8,1.2,FINE_TUNING
6.339999999999953,-0.007748334108681398,7.973974835653439e-05,0.0,1969.1349124716337,0.0013491247163369734,0.002071148387433558,2.0263951532460838,-0.9584002335106822,2.8,1.2,FINE_TUNING
6.359999999999952,-0.00774562621493167,0.00013539468748639623,0.0,1969.1324709918085,0.0013247099180853184,0.002782746956493092,2.0263951532460838,-0.9584002335106822,2.8,1.2,FINE_TUNING
6.379999999999952,-0.007741910617849224,0.00018577985412226815,0.0,1969.1238243395364,0.0012382433953644068,0.0025192583317935956,2.0263951532460838,-0.9584002335106822,2.8,1.2,FINE_TUNING
6.3999999999999515,-0.007738959979506768,0.0001475319171227777,0.0,1969.1116682096108,0.0011166820961079793,-0.001912396849974522,2.0263951532460838,-0.9584002335106822,2.8,1.2,FINE_TUNING
6.419999999999951,-0.0077354506216225855,0.000175467894209127,0.0,1969.1126123137408,0.0011261231374078307,0.0013967988543174637,2.0263951532460838,-0.9584002335106822,2.8,1.2,FINE_TUNING
6.439999999999951,-0.007731010542852558,0.0002220039385013725,0.0,1969.1111088240013,0.001111088240013487,0.0023268022146122748,2.0263951532460838,-0.9584002335106822,2.8,1.2,FINE_TUNING
6.45999999999995,-0.0077268103377542766,0.0002100102549140562,0.0,1969.104559967665,0.0010455996766495445,-0.0005996841793658157,2.0263951532460838,-0.9584002335106822,2.8,1.2,FINE_TUNING
6.47999999999995,-0.007722552922229428,0.00021287077624244647,0.0,1969.1047290807373,0.0010472908073734287,0.00014302606641951397,2.0263951532460838,-0.9584002335106822,2.8,1.2,FINE_TUNING
6.499999999999949,-0.007716439079401014,0.00030569214142068537,0.0,1969.1069977392474,0.001069977392473902,0.004641068258911944,2.0263951532460838,-0.9584002335106822,2.8,1.2,FINE_TUNING
6.519999999999949,-0.0077119066120335394,0.00022662336837371978,0.0,1969.0948509104176,0.0009485091041756277,-0.00395343865234828,2.0263951532460838,-0.9584002335106822,2.8,1.2,FINE_TUNING
6.5399999999999485,-0.007704768033384131,0.00035692893247039436,0.0,1969.1027921435398,0.0010279214353977296,0.006515278204833729,2.0263951532460838,-0.9584002335106822,2.8,1.2,FINE_TUNING
6.559999999999948,-0.007696061543749513,0.00043532448173090057,0.0,1969.0879723169412,0.0008797231694120455,0.003919777463025311,2.0263951532460838,-0.9584002335106822,2.8,1.2,FINE_TUNING
6.579999999999948,-0.007687423227384878,0.0004319158182317396,0.0,1969.0661570922784,0.0006615709227844491,-0.0001704331749580499,2.0263951532460838,-0.9584002335106822,2.8,1.2,FINE_TUNING
6.599999999999947,-0.007676978979383321,0.0005222124000778581,0.0,1969.0537468850105,0.0005374688501046876,0.004514829092305925,2.0263951532460838,-0.9584002335106822,2.8,1.2,FINE_TUNING
6.619999999999947,-0.007667435702039219,0.00047716386720511546,0.0,1969.0313830981204,0.0003138309812038642,-0.0022524266436371324,2.0263951532460838,-0.9584002335106822,2.8,1.2,FINE_TUNING
6.639999999999946,-0.00765732361022028,0.0005056045909469316,0.0,1969.025782911088,0.0002578291108807207,0.0014220361870908064,2.0263951532460838,-0.9584002335106822,2.8,1.2,FINE_TUNING
6.659999999999946,-0.007648595124861718,0.00043642426792809457,0.0,1969.0190190801468,0.00019019080146790657,-0.0034590161509418485,2.0263951532460838,-0.9584002335106822,2.8,1.2,FINE_TUNING
6.6799999999999455,-0.007638227453633992,0.0005183835613862817,0.0,1969.0286189353587,0.0002861893535873605,0.004097964672909359,2.0263951532460838,-0.9584002335106822,2.8,1.2,FINE_TUNING
6.699999999999945,-0.007628473740263071,0.0004876856685460914,0.0,1969.0231109392535,0.00023110939253456308,-0.001534894642009516,2.0263951532460838,-0.9584002335106822,2.8,1.2,FINE_TUNING
6.719999999999945,-0.007617804345177481,0.0005334697542794765,0.0,1969.0267682506046,0.00026768250604618514,0.002289204286669257,2.0263951532460838,-0.9584002335106822,2.8,1.2,FINE_TUNING
6.739999999999944,-0.00760689520649509,0.0005454569341195593,0.0,1969.023390315722,0.00023390315722053855,0.0005993589920041413,2.0263951532460838,-0.9584002335106822,2.8,1.2,FINE_TUNING
6.759999999999944,-0.007596342686844764,0.0005276259825162995,0.0,1969.0209707964332,0.00020970796433175565,-0.0008915475801629879,2.026395169591523,-0.9584000961794241,2.8,1.2,FINE_TUNING
6.779999999999943,-0.0075862972698521195,0.0005022708496322301,0.0,1969.0244605424757,0.0002446054247570828,-0.001267756644203469,2.0263951781646594,-0.9584000131823897,2.8,1.2,FINE_TUNING
6.799999999999943,-0.00757363363035278,0.0006331819749669605,0.0,1969.033441141512,0.0003344114151195754,0.006545556266736522,2.026395181081935,-0.9583999886820175,2.8,1.2,FINE_TUNING
6.8199999999999426,-0.0075616489261440155,0.0005992352104382518,0.0,1969.0187227436147,0.0001872274361471682,-0.001697338226435435,2.0263952245129713,-0.9583997236466161,2.8,1.2,FINE_TUNING
6.839999999999942,-0.007549144045339055,0.0006252440402480109,0.0,1969.0162851813732,0.00016285181373177694,0.001300441490487954,2.0263952381256356,-0.9583995645408774,2.8,1.2,FINE_TUNING
6.859999999999942,-0.0075359933543642415,0.0006575345487406692,0.0,1969.0119149211018,0.00011914921101833897,0.0016145254246329155,2.026395251752049,-0.9583993761988263,2.8,1.2,FINE_TUNING
6.879999999999941,-0.007521762595408658,0.000711537947779174,0.0,1969.005033770265,5.033770265072235e-05,0.0027001699519252375,2.0263952634599622,-0.958399147646802,2.8,1.2,FINE_TUNING
6.899999999999941,-0.007506561760111615,0.000760041764852133,0.0,1968.9925023241965,-7.497675803506353e-05,0.0024251908536479525,2.0263952699905357,-0.9583988340517311,2.8,1.2,FINE_TUNING
6.91999999999994,-0.0074926821125731406,0.0006939823769237522,0.0,1968.9768887008856,-0.00023111299114361827,-0.0033029693964190445,2.02639525873705,-0.9583984519329143,2.8,1.2,FINE_TUNING
6.93999999999994,-0.007479005638297231,0.0006838237137954565,0.0,1968.9792499707294,-0.00020750029270629966,-0.0005079331564147824,2.026395243910494,-0.9583982790944674,2.8,1.2,FINE_TUNING
6.95999999999994,-0.007464822614030742,0.0007091512133244585,0.0,1968.984434136703,-0.0001556586329706988,0.001266374976450098,2.026395233716848,-0.9583981455360121,2.8,1.2,FINE_TUNING
6.979999999999939,-0.007450497315880768,0.0007162649074987043,0.0,1968.9853428061956,-0.0001465719380439623,0.00035568470871229403,2.0263952229303226,-0.9583979567961275,2.8,1.2,FINE_TUNING
6.999999999999939,-0.007437024627835632,0.0006736344022568162,0.0,1968.9864247339863,-0.0001357526601373138,-0.0021315252620944043,2.026395212921446,-0.958397768492566,2.8,1.2,FINE_TUNING
7.019999999999938,-0.007424127273467096,0.0006448677184267701,0.0,1968.9963903694188,-3.6096305811952335e-05,-0.0014383341915023013,2.0263952098266733,-0.9583977048929588,2.8,1.2,FINE_TUNING
7.039999999999938,-0.0074113268589549785,0.0006400207256058985,0.0,1969.0101950258324,0.00010195025832445026,-0.00024234964104358155,2.0263952098303655,-0.9583977051754066,2.8,1.2,FINE_TUNING
7.059999999999937,-0.007399643395695922,0.0005841731629528031,0.0,1969.022509073946,0.0002250907394591195,-0.002792378132654777,2.026395210118265,-0.9583976975319076,2.8,1.2,FINE_TUNING
7.079999999999937,-0.0073878794386111925,0.0005881978542364829,0.0,1969.042784879636,0.0004278487963597399,0.00020123456418399312,2.0263952006830026,-0.9583978091464822,2.8,1.2,FINE_TUNING
7.099999999999937,-0.007375337656939114,0.0006270890836038998,0.0,1969.0581568229675,0.0005815682296747581,0.0019445614683708447,2.026395190475387,-0.9583978703400459,2.8,1.2,FINE_TUNING
7.119999999999936,-0.007362044644849621,0.0006646506044746969,0.0,1969.0639304554109,0.0006393045541085485,0.0018780760435398547,2.0263952020338825,-0.9583978206279927,2.8,1.2,FINE_TUNING
7.139999999999936,-0.007348043629135447,0.0007000507857086784,0.0,1969.0631487320277,0.0006314873202768467,0.0017700090616990746,2.0263952349437035,-0.9583976917592465,2.8,1.2,FINE_TUNING
7.159999999999935,-0.007334769327296457,0.0006637150919495193,0.0,1969.058090484751,0.0005809048475089184,-0.0018167846879579524,2.026395281527488,-0.9583975036529335,2.8,1.2,FINE_TUNING
7.179999999999935,-0.007322935027997786,0.0005917149649335127,0.0,1969.0626346299948,0.0006263462999481817,-0.0036000063508003347,2.0263952970908092,-0.9583974333243369,2.8,1.2,FINE_TUNING
7.1999999999999345,-0.007310472208010045,0.000623140999387074,0.0,1969.0802522481754,0.0008025224817538401,0.001571301722678067,2.0263952712386275,-0.9583975420407942,2.8,1.2,FINE_TUNING
7.219999999999934,-0.007298408317046855,0.0006031945481595045,0.0,1969.0888841761953,0.00088884176195279,-0.0009973225613784736,2.026395270060879,-0.9583975457887104,2.8,1.2,FINE_TUNING
7.239999999999934,-0.007285579346004113,0.0006414485521371077,0.0,1969.1002351997458,0.0010023519974583905,0.0019127001988801598,2.0263952539097585,-0.9583975918604949,2.8,1.2,FINE_TUNING
7.259999999999933,-0.0072707895935018646,0.0007394876251124075,0.0,1969.1032461843495,0.0010324618434947297,0.004901953648764989,2.0263952745174403,-0.9583975404898165,2.8,1.2,FINE_TUNING
7.279999999999933,-0.007255502631162646,0.0007643481169609244,0.0,1969.0897964536725,0.0008979645367253397,0.0012430245924258446,2.0263953815186664,-0.9583972794492787,2.8,1.2,FINE_TUNING
7.299999999999932,-0.007240198027472501,0.0007652301845072685,0.0,1969.0775676582775,0.0007756765827753042,4.410337731720513e-05,2.0263954734259757,-0.9583970081642929,2.8,1.2,FINE_TUNING
7.319999999999932,-0.00722542526686141,0.0007386380305545167,0.0,1969.0703774794254,0.0007037747942536043,-0.001329607697637589,2.026395536375192,-0.958396783157021,2.8,1.2,FINE_TUNING
7.3399999999999315,-0.007211381369612893,0.0007021948624258668,0.0,1969.0715562234902,0.0007155622349023361,-0.001822158406432494,2.0263955653624164,-0.9583966653960232,2.8,1.2,FINE_TUNING
7.359999999999931,-0.007195788503346624,0.0007796433133134276,0.0,1969.0803715815434,0.000803715815434316,0.0038724225443780395,2.0263955667930986,-0.9583966596223433,2.8,1.2,FINE_TUNING
7.379999999999931,-0.0071824107816265675,0.0006688860860028206,0.0,1969.074486710207,0.0007448671020711117,-0.005537861365530349,2.0263956262779304,-0.9583964476477796,2.8,1.2,FINE_TUNING
7.39999999999993,-0.00716890419931573,0.0006753291155418705,0.0,1969.0913929014591,0.0009139290145913037,0.0003221514769524929,2.026395596510556,-0.9583965651561465,2.8,1.2,FINE_TUNING
7.41999999999993,-0.007153832422552574,0.0007535888381577753,0.0,1969.103750022506,0.0010375002250589205,0.003912986130795245,2.026395575885342,-0.9583966297209323,2.8,1.2,FINE_TUNING
7.439999999999929,-0.0071394317931137465,0.00072003147194141,0.0,1969.100230457805,0.0010023045780508256,-0.0016778683108182682,2.026395632114354,-0.9583964772627125,2.8,1.2,FINE_TUNING
7.459999999999929,-0.007124726597525131,0.000735259779430748,0.0,1969.1051942110828,0.0010519421108278948,0.0007614153744669008,2.0263956444881406,-0.9583964417890476,2.8,1.2,FINE_TUNING
7.4799999999999285,-0.007109915918394057,0.0007405339565537424,0.0,1969.1075369554437,0.0010753695544372022,0.0002637088561497239,2.026395669860981,-0.9583963724331906,2.8,1.2,FINE_TUNING
7.499999999999928,-0.00709414474319357,0.0007885587600243034,0.0,1969.1097702427785,0.0010977024277849523,0.0024012401735280524,2.0263956956809177,-0.9583963029203438,2.8,1.2,FINE_TUNING
7.519999999999928,-0.007076572338490393,0.0008786202351588426,0.0,1969.1043663942296,0.001043663942296007,0.004503073756726957,2.02639576408939,-0.958396121244139,2.8,1.2,FINE_TUNING
7.539999999999927,-0.007059180446278642,0.0008695946105875757,0.0,1969.0861087447206,0.0008610874472060459,-0.00045128122856334153,2.0263958996774867,-0.9583957331955397,2.8,1.2,FINE_TUNING
7.559999999999927,-0.007042584770929652,0.0008297837674495017,0.0,1969.0761824040458,0.0007618240404576682,-0.001990542156903703,2.026395980626236,-0.9583954375232472,2.8,1.2,FINE_TUNING
7.579999999999926,-0.007026415277756831,0.0008084746586410392,0.0,1969.0775303702208,0.0007753037022075659,-0.0010654554404231243,2.026396011207494,-0.9583953072559019,2.8,1.2,FINE_TUNING
7.599999999999926,-0.007008034945164326,0.0009190166296252418,0.0,1969.083566129056,0.0008356612905595284,0.005527098549210135,2.0263960235188256,-0.958395255372516,2.8,1.2,FINE_TUNING
7.6199999999999255,-0.0069875086131050415,0.001026316602964216,0.0,1969.0696408833005,0.00069640883300508,0.005364998666948713,2.026396120159683,-0.9583948786775361,2.8,1.2,FINE_TUNING
7.639999999999925,-0.00696653226634988,0.0010488173377581006,0.0,1969.0421194134362,0.00042119413436239486,0.0011250367396942217,2.026396252469485,-0.9583942359575267,2.8,1.2,FINE_TUNING
7.659999999999925,-0.006945020027590491,0.0010756119379694477,0.0,1969.01985710207,0.00019857102070091058,0.001339730010567358,2.0263963253204085,-0.9583936133542236,2.8,1.2,FINE_TUNING
7.679999999999924,-0.006924310798003248,0.0010354614793621402,0.0,1969.0004717416145,4.7174161454677235e-06,-0.0020075229303653844,2.026396358324577,-0.9583929853646714,2.8,1.2,FINE_TUNING
7.699999999999924,-0.006902780136114833,0.0010765330944207732,0.0,1968.9948623499872,-5.1376500127844335e-05,0.002053580752931653,2.0263963588097518,-0.9583925806017459,2.8,1.2,FINE_TUNING
7.719999999999923,-0.006881747766726993,0.0010516184693919969,0.0,1968.984620373288,-0.00015379626712046956,-0.0012457312514388185,2.026396352208769,-0.9583920669995247,2.8,1.2,FINE_TUNING
7.739999999999923,-0.006861814403649973,0.0009966681538510292,0.0,1968.9827040891978,-0.00017295910802204162,-0.002747515777048384,2.0263963384182326,-0.9583917002544352,2.8,1.2,FINE_TUNING
7.7599999999999225,-0.006841830662569289,0.0009991870540342197,0.0,1968.99195157125,-8.048428750043967e-05,0.00012594500915953243,2.0263963326347527,-0.9583915623216277,2.8,1.2,FINE_TUNING
7.779999999999922,-0.0068223173721620985,0.0009756645203595207,0.0,1968.9989559994374,-1.0440005626151105e-05,-0.0011761266837349545,2.026396329283887,-0.9583913923105809,2.8,1.2,FINE_TUNING
7.799999999999922,-0.006802707741862907,0.0009804815149595638,0.0,1969.0089746683418,8.974668341807046e-05,0.00024084973000215184,2.0263963290352556,-0.9583912956810572,2.8,1.2,FINE_TUNING
7.819999999999921,-0.006783214925094934,0.0009746408383986614,0.0,1969.0161337282293,0.00016133728229306143,-0.000292033828045116,2.026396332166259,-0.9583911557479958,2.8,1.2,FINE_TUNING
7.839999999999921,-0.006763424213209864,0.0009895355942534908,0.0,1969.0231563391626,0.0002315633916259685,0.0007447377927414683,2.0263963375039826,-0.9583910239306005,2.8,1.2,FINE_TUNING
7.85999999999992,-0.0067435471117824565,0.0009938550713703925,0.0,1969.0264258695893,0.00026425869589274953,0.0002159738558450861,2.0263963490293624,-0.9583908269042926,2.8,1.2,FINE_TUNING
7.87999999999992,-0.006721824449904013,0.0010861330939221912,0.0,1969.0289017149794,0.0002890171497938354,0.004613901127589937,2.026396362953965,-0.9583906183216497,2.8,1.2,FINE_TUNING
7.8999999999999195,-0.006699461245084754,0.0011181602409629603,0.0,1969.015281648726,0.00015281648725931518,0.001601357352038453,2.0263964016585967,-0.9583900875321585,2.8,1.2,FINE_TUNING
7.919999999999919,-0.00667760978311572,0.0010925730984516796,0.0,1969.00086318721,8.6318720991585e-06,-0.0012793571255640308,2.0263964234820837,-0.9583895051826725,2.8,1.2,FINE_TUNING
7.939999999999919,-0.006655423572251868,0.0011093105431925977,0.0,1968.9959917568394,-4.008243160569691e-05,0.0008368722370459043,2.0263964243385035,-0.9583890888448423,2.8,1.2,FINE_TUNING
7.959999999999918,-0.00663404598667937,0.0010688792786249012,0.0,1968.990367834268,-9.632165732000431e-05,-0.0020215632283848246,2.0263964201392732,-0.95838864375321,2.8,1.2,FINE_TUNING
7.979999999999918,-0.006612875877554867,0.001058505456225132,0.0,1968.9942705806584,-5.729419341605535e-05,-0.0005186911199884594,2.0263964145373112,-0.9583883933727257,2.8,1.2,FINE_TUNING
7.999999999999917,-0.006592886710887225,0.000999458333382114,0.0,1968.9995973149137,-4.026850863283471e-06,-0.00295235614215091,2.026396411700901,-0.9583881806831628,2.8,1.2,FINE_TUNING
8.019999999999918,-0.006574018458528054,0.0009434126179585487,0.0,1969.0145214116408,0.00014521411640771475,-0.0028022857711782635,2.026396411706235,-0.9583881863490863,2.8,1.2,FINE_TUNING
8.039999999999917,-0.006554995839250421,0.0009511309638816747,0.0,1969.0357268342968,0.00035726834296838204,0.00038591729615629745,2.0263964060971515,-0.9583883483341944,2.8,1.2,FINE_TUNING
8.059999999999917,-0.006537307610914619,0.0008844114167900888,0.0,1969.050162701063,0.0005016270106307275,-0.003335977354579297,2.026396401957536,-0.9583883954654442,2.8,1.2,FINE_TUNING
8.079999999999917,-0.006519288328034805,0.0009009641439907124,0.0,1969.0729780271313,0.0007297802713128476,0.000827636360031184,2.0263963721627944,-0.958388632379773,2.8,1.2,FINE_TUNING
8.099999999999916,-0.006501396147305034,0.0008946090364885522,0.0,1969.087067843803,0.0008706784380296995,-0.0003177553751080135,2.026396355427426,-0.9583887207460023,2.8,1.2,FINE_TUNING
8.119999999999916,-0.00648314662899464,0.000912475915519708,0.0,1969.0990579076963,0.0009905790769630584,0.0008933439515577909,2.0263963404805323,-0.9583887856118588,2.8,1.2,FINE_TUNING
8.139999999999915,-0.006463845674030889,0.0009650477481875493,0.0,1969.1053066825525,0.001053066825525093,0.0026285916333920597,2.026396348318198,-0.9583887561902994,2.8,1.2,FINE_TUNING
8.159999999999915,-0.006443229085448381,0.0010308294291253924,0.0,1969.1013733243285,0.0010137332432850598,0.003289084046892151,2.0263964090402022,-0.9583885429604366,2.8,1.2,FINE_TUNING
8.179999999999914,-0.006421966877052041,0.0010631104198170127,0.0,1969.0878836405504,0.000878836405504444,0.0016140495345810105,2.0263965183286268,-0.9583881390470976,2.8,1.2,FINE_TUNING
8.199999999999914,-0.006401409376517825,0.0010278750267108039,0.0,1969.0734973377,0.0007349733770001876,-0.001761769655310443,2.026396621290914,-0.9583876868638921,2.8,1.2,FINE_TUNING
8.219999999999914,-0.006380058952539634,0.0010675211989095606,0.0,1969.0703370847064,0.0007033708470635247,0.0019823086099378362,2.0263966690619886,-0.9583874283405529,2.8,1.2,FINE_TUNING
8.239999999999913,-0.006357132051888909,0.0011463450325362593,0.0,1969.0618701152018,0.0006187011520182751,0.003941191681334938,2.026396734594926,-0.958387054014442,2.8,1.2,FINE_TUNING
8.259999999999913,-0.006333879836371573,0.0011626107758667785,0.0,1969.0426973887966,0.000426973887965687,0.000813287166525963,2.026396827855346,-0.9583864369927356,2.8,1.2,FINE_TUNING
8.279999999999912,-0.006312578316506745,0.0010650759932414073,0.0,1969.0269290958954,0.0002692909589541159,-0.004876739131268566,2.0263968876810856,-0.9583858427631142,2.8,1.2,FINE_TUNING
8.299999999999912,-0.006292550113412079,0.001001410154733299,0.0,1969.0335935643593,0.0003359356435930749,-0.00318329192540542,2.0263968960978347,-0.958385706370696,2.8,1.2,FINE_TUNING
8.319999999999911,-0.006272121071561154,0.001021452092546284,0.0,1969.0501409806745,0.0005014098067454143,0.0010020968906492515,2.0263968888656865,-0.9583857996482071,2.8,1.2,FINE_TUNING
8.339999999999911,-0.006251891665465893,0.0010114703047630267,0.0,1969.05893233864,0.0005893233864003377,-0.0004990893891628696,2.026396894957859,-0.9583857481970646,2.8,1.2,FINE_TUNING
8.35999999999991,-0.00622923107422034,0.001133029562277649,0.0,1969.0675516645983,0.0006755166459834072,0.006077962875731117,2.0263969007909797,-0.9583857067246131,2.8,1.2,FINE_TUNING
8.37999999999991,-0.0062069975128297575,0.001111678069529139,0.0,1969.0528419238717,0.000528419238717106,-0.0010675746374254982,2.0263969857621267,-0.9583851851173131,2.8,1.2,FINE_TUNING
8.39999999999991,-0.006184962882098563,0.0011017315365597212,0.0,1969.046810223628,0.00046810223627971934,-0.0004973266484708937,2.026397031571613,-0.9583848156064255,2.8,1.2,FINE_TUNING
8.41999999999991,-0.006162351067007091,0.0011305907545736172,0.0,1969.044867862449,0.0004486786244910945,0.0014429609006947962,2.0263970633672335,-0.9583845223309084,2.8,1.2,FINE_TUNING
8.439999999999909,-0.006142136938601896,0.0010107064202597178,0.0,1969.0389469660117,0.0003894696601173564,-0.0059942167156949696,2.0263971032315244,-0.9583841363347354,2.8,1.2,FINE_TUNING
8.459999999999908,-0.0061209459937345,0.0010595472433698042,0.0,1969.0564371719067,0.000564371719067367,0.0024420411555043193,2.0263970921354786,-0.9583842616292675,2.8,1.2,FINE_TUNING
8.479999999999908,-0.00609990273240188,0.0010521630666310035,0.0,1969.0607307859625,0.0006073078596250525,-0.00036920883694003924,2.0263971105235297,-0.9583841218117543,2.8,1.2,FINE_TUNING
8.499999999999908,-0.006080145595228147,0.0009878568586866793,0.0,1969.0656192486415,0.0006561924864149659,-0.003215310397216211,2.0263971275208257,-0.9583840021526138,2.8,1.2,FINE_TUNING
8.519999999999907,-0.00606059389254304,0.0009775851342553536,0.0,1969.08097557593,0.0008097557593009696,-0.0005135862215662863,2.0263971097005617,-0.9583841177158025,2.8,1.2,FINE_TUNING
8.539999999999907,-0.0060396037434541135,0.0010495074544463036,0.0,1969.0942239990056,0.0009422399900563505,0.003596116009547496,2.0263970919957033,-0.9583842087633315,2.8,1.2,FINE_TUNING
8.559999999999906,-0.006018082114403126,0.0010760814525493658,0.0,1969.09149904549,0.000914990454900817,0.0013286999051531126,2.0263971437041812,-0.9583839844194207,2.8,1.2,FINE_TUNING
8.579999999999906,-0.005999084410153723,0.0009498852124701556,0.0,1969.0854660936627,0.0008546609366271696,-0.006309812003960509,2.026397210198835,-0.9583836849338333,2.8,1.2,FINE_TUNING
8.599999999999905,-0.005979313824993656,0.0009885292580033582,0.0,1969.1040286780014,0.0010402867800144123,0.001932202276660126,2.026397166908274,-0.9583838964588741,2.8,1.2,FINE_TUNING
8.619999999999905,-0.005959508245383674,0.0009902789804990847,0.0,1969.1109207198854,0.00110920719885371,8.748612478633069e-05,2.026397169273536,-0.9583838872208088,2.8,1.2,FINE_TUNING
8.639999999999905,-0.00593912074122229,0.0010193752080691766,0.0,1969.1160818141627,0.0011608181416272601,0.0014548113785045965,2.0263971788551864,-0.9583838524051603,2.8,1.2,FINE_TUNING
8.659999999999904,-0.00591965173678285,0.0009734502219720321,0.0,1969.1151937136883,0.0011519371368831344,-0.0022962493048572278,2.0263972225405213,-0.9583837015107307,2.8,1.2,FINE_TUNING
8.679999999999904,-0.005898779630621496,0.0010436053080676829,0.0,1969.1232552819365,0.0012325528193650826,0.003507754304782542,2.0263972136482638,-0.9583837326196968,2.8,1.2,FINE_TUNING
8.699999999999903,-0.005876558339174451,0.001111064572352239,0.0,1969.1171635441824,0.001171635441824037,0.0033729632142278083,2.026397289541768,-0.9583834869925062,2.8,1.2,FINE_TUNING
8.719999999999903,-0.0058539122744988535,0.0011323032337798849,0.0,1969.1015124962532,0.0010151249625323544,0.0010619330713822922,2.0263974212695417,-0.9583830322427574,2.8,1.2,FINE_TUNING
8.739999999999903,-0.005831041522784433,0.0011435375857210067,0.0,1969.0872043931206,0.000872043931206008,0.0005617175970560858,2.0263975340057687,-0.95838256973952,2.8,1.2,FINE_TUNING
8.759999999999902,-0.005806880180725011,0.00120806710297112,0.0,1969.0755571068742,0.000755571068741574,0.0032264758625056714,2.0263976233693914,-0.9583821317602316,2.8,1.2,FINE_TUNING
8.779999999999902,-0.005782172605854649,0.0012353787435181102,0.0,1969.0563373906027,0.0005633739060272091,0.0013655820273495043,2.0263977330217426,-0.958381498430955,2.8,1.2,FINE_TUNING
8.799999999999901,-0.005757753450776125,0.0012209577539261985,0.0,1969.0382666415792,0.0003826664157918458,-0.0007210494795955822,2.0263978152520057,-0.9583808409530644,2.8,1.2,FINE_TUNING
8.8199999999999,-0.005733587270555061,0.0012083090110531706,0.0,1969.0283099996313,0.00028309999631346726,-0.0006324371436513947,2.026397857674468,-0.958380327049494,2.8,1.2,FINE_TUNING
8.8399999999999,-0.005709040350331326,0.0012273460111867705,0.0,1969.023735499195,0.00023735499195026933,0.0009518500066799941,2.02639788225257,-0.9583799181318234,2.8,1.2,FINE_TUNING
8.8599999999999,-0.005682774112856317,0.0013133118737504307,0.0,1969.0173479280068,0.00017347928006756775,0.004298293128183009,2.02639790540868,-0.9583794550174032,2.8,1.2,FINE_TUNING
8.8799999999999,-0.005657201046863264,0.001278653299652655,0.0,1968.9978358110786,-2.164188921369714e-05,-0.001732928704888783,2.0263979343121403,-0.9583786559987982,2.8,1.2,FINE_TUNING
8.899999999999899,-0.005632316326779704,0.0012442360041779693,0.0,1968.9902705473562,-9.729452643796322e-05,-0.0017208647737342788,2.026397931878743,-0.9583781013377746,2.8,1.2,FINE_TUNING
8.919999999999899,-0.005606871897856847,0.0012722214461428551,0.0,1968.9910746477847,-8.92535221532853e-05,0.0013992720982442912,2.026397924845657,-0.9583777408105303,2.8,1.2,FINE_TUNING
8.939999999999898,-0.00558222240047266,0.0012324748692093903,0.0,1968.9867718564094,-0.00013228143590595208,-0.0019873288466732398,2.0263979161082437,-0.9583772528744269,2.8,1.2,FINE_TUNING
8.959999999999898,-0.005558742664473568,0.0011739867999545517,0.0,1968.990791682008,-9.208317992033699e-05,-0.0029244034627419293,2.0263979085916595,-0.9583769678697749,2.8,1.2,FINE_TUNING
8.979999999999897,-0.005536489523968763,0.0011126570252402875,0.0,1969.0040035196882,4.003519688239976e-05,-0.003066488735713211,2.026397907819806,-0.9583769260433594,2.8,1.2,FINE_TUNING
8.999999999999897,-0.00551285480557369,0.0011817359197536066,0.0,1969.0242419674385,0.00024241967438456413,0.0034539447256659544,2.026397906528539,-0.95837708414091,2.8,1.2,FINE_TUNING
9.019999999999897,-0.005490146346410339,0.0011354229581675695,0.0,1969.026477079538,0.00026477079537926327,-0.0023156480793018537,2.0263979192001,-0.9583768349949192,2.8,1.2,FINE_TUNING
9.039999999999896,-0.005467687252248477,0.0011229547080931182,0.0,1969.0363501455004,0.00036350145500364307,-0.0006234125037225573,2.0263979224843314,-0.9583767760189451,2.8,1.2,FINE_TUNING
9.059999999999896,-0.0054466902541905225,0.001049849902897715,0.0,1969.0456661381302,0.0004566613813017284,-0.003655240259770166,2.026397926712922,-0.958376721452216,2.8,1.2,FINE_TUNING
9.079999999999895,-0.0054256435012418865,0.001052337647431779,0.0,1969.0653074070133,0.0006530740701327886,0.00012438722670319666,2.0263979064253737,-0.9583769271899419,2.8,1.2,FINE_TUNING
9.099999999999895,-0.005404809070437305,0.0010417215402290802,0.0,1969.0789503586595,0.0007895035865954015,-0.000530805360134934,2.0263978927874233,-0.9583770211944371,2.8,1.2,FINE_TUNING
9.119999999999894,-0.005383900089563196,0.0010454490437054682,0.0,1969.0906949443688,0.0009069494436880632,0.00018637517381939677,2.0263978800599283,-0.9583770923502318,2.8,1.2,FINE_TUNING
9.139999999999894,-0.005363133244409719,0.0010383422576738463,0.0,1969.0985889262265,0.0009858892622651183,-0.00035533930158109374,2.0263978793991764,-0.9583770955119544,2.8,1.2,FINE_TUNING
9.159999999999894,-0.00534201648316845,0.0010558380620634138,0.0,1969.1056852888685,0.0010568528886847161,0.0008747902194783775,2.0263978798516975,-0.9583770935417557,2.8,1.2,FINE_TUNING
9.179999999999893,-0.005320759700199594,0.0010628391484428232,0.0,1969.107884838342,0.0010788483834198814,0.00035005431897047615,2.0263979039824163,-0.9583769964875047,2.8,1.2,FINE_TUNING
9.199999999999893,-0.005299385034086272,0.001068733305666096,0.0,1969.1084709159156,0.0010847091591563184,0.0002947078611636448,2.0263979365550586,-0.9583768683982056,2.8,1.2,FINE_TUNING
9.219999999999892,-0.005278385502815883,0.0010499765635194889,0.0,1969.1081027087982,0.0010810270879824202,-0.0009378371073303559,2.026397974257424,-0.9583767208452411,2.8,1.2,FINE_TUNING
9.239999999999892,-0.005257722086535189,0.0010331708140346942,0.0,1969.111399142489,0.001113991424890628,-0.0008402874742397334,2.0263979916692265,-0.9583766523259206,2.8,1.2,FINE_TUNING
9.259999999999891,-0.0052358400058217,0.0010941040356744311,0.0,1969.11694027202,0.0011694027201997414,0.0030466610819868518,2.026397995459915,-0.9583766379054391,2.8,1.2,FINE_TUNING
9.279999999999891,-0.0052137583360322825,0.0011040834894708665,0.0,1969.1103519056778,0.0011035190567781684,0.0004989726898217718,2.0263980693688857,-0.9583763720584086,2.8,1.2,FINE_TUNING
9.29999999999989,-0.005190190165290535,0.001178408537087405,0.0,1969.104154051884,0.0010415405188405203,0.003716252380826934,2.0263981393720782,-0.9583761019893748,2.8,1.2,FINE_TUNING
9.31999999999989,-0.005166842680812702,0.0011673742238916198,0.0,1969.0868465366918,0.0008684653669183717,-0.0005517156597892638,2.026398266612276,-0.9583755760640311,2.8,1.2,FINE_TUNING
9.33999999999989,-0.005143900625763547,0.0011471027524577473,0.0,1969.0766927077423,0.0007669270774226789,-0.0010135735716936254,2.0263983462301427,-0.9583751701562799,2.8,1.2,FINE_TUNING
9.35999999999989,-0.005119750818559537,0.001207490360200465,0.0,1969.073186592034,0.0007318659203406242,0.0030193803871358866,2.026398393192379,-0.9583748945912073,2.8,1.2,FINE_TUNING
9.379999999999889,-0.005095668788630161,0.0012041014964687892,0.0,1969.0601226998945,0.0006012269989446395,-0.00016944318658379287,2.026398474483279,-0.9583743918008155,2.8,1.2,FINE_TUNING
9.399999999999888,-0.0050718412671852,0.0011913760722480913,0.0,1969.0515128544434,0.0005151285444344466,-0.0006362712110349023,2.026398530294402,-0.9583739631511994,2.8,1.2,FINE_TUNING
9.419999999999888,-0.0050483409930844455,0.0011750137050377078,0.0,1969.0476651900296,0.00047665190029647417,-0.0008181183605191736,2.0263985670917872,-0.9583736290378573,2.8,1.2,FINE_TUNING
9.439999999999888,-0.005023418049057233,0.0012461472013606317,0.0,1969.047805411442,0.00047805411441913747,0.0035566748161461885,2.0263985920214065,-0.9583733830250717,2.8,1.2,FINE_TUNING
9.459999999999887,-0.004998485140447666,0.0012466454304783418,0.0,1969.035312357135,0.00035312357134898776,2.4911455885502247e-05,2.0263986477204097,-0.9583728351120548,2.8,1.2,FINE_TUNING
9.479999999999887,-0.004972988332204502,0.001274840412158216,0.0,1969.026312484605,0.0002631248460488678,0.0014097490839937033,2.026398684071571,-0.9583723423071069,2.8,1.2,FINE_TUNING
9.499999999999886,-0.004946537864275583,0.0013225233964459177,0.0,1969.014858622498,0.000148586224979681,0.002384149214385084,2.026398715240218,-0.958371768148689,2.8,1.2,FINE_TUNING
9.519999999999886,-0.0049198802075716575,0.0013328828351962946,0.0,1968.9981891739048,-1.8108260951521517e-05,0.0005179719375188474,2.0263987373658487,-0.9583710351165228,2.8,1.2,FINE_TUNING
9.539999999999885,-0.004894568451643803,0.0012655877963927095,0.0,1968.9843649816464,-0.00015635018353577835,-0.0033647519401792604,2.02639873482915,-0.9583703300764648,2.8,1.2,FINE_TUNING
9.559999999999885,-0.004869147327111393,0.0012710562266204936,0.0,1968.9862108803486,-0.00013789119651391957,0.0002734215113892137,2.0263987246891695,-0.9583699978592982,2.8,1.2,FINE_TUNING
9.579999999999885,-0.0048426964226717445,0.0013225452219824277,0.0,1968.98628758761,-0.0001371241239007759,0.002574449768096702,2.0263987146208446,-0.9583696251492847,2.8,1.2,FINE_TUNING
9.599999999999884,-0.004815693749236528,0.0013501336717608023,0.0,1968.9769837116123,-0.00023016288387680105,0.0013794224889187234,2.0263986980819992,-0.9583690102206287,2.8,1.2,FINE_TUNING
9.619999999999884,-0.004788840082116615,0.001342683355995677,0.0,1968.9652338609537,-0.00034766139046269015,-0.0003725157882562638,2.026398666745025,-0.9583683082340645,2.8,1.2,FINE_TUNING
9.639999999999883,-0.004762909372082846,0.0012965355016883958,0.0,1968.9578987834452,-0.00042101216554783603,-0.0023073927153640624,2.02639862587342,-0.9583676934682037,2.8,1.2,FINE_TUNING
9.659999999999883,-0.004736452642181937,0.0013228364950454469,0.0,1968.9604866321883,-0.00039513367811650824,0.0013150496678525554,2.026398596688054,-0.9583673280212647,2.8,1.2,FINE_TUNING
9.679999999999882,-0.004712247416627854,0.0012102612777041795,0.0,1968.9573014882642,-0.0004269851173580719,-0.005628760867063363,2.0263985581171746,-0.9583668159284449,2.8,1.2,FINE_TUNING
9.699999999999882,-0.0046872696617590555,0.0012488877434399255,0.0,1968.9745325462993,-0.0002546745370068493,0.0019313232867873,2.02639856050674,-0.9583668453633489,2.8,1.2,FINE_TUNING
9.719999999999882,-0.0046613124279406976,0.0012978616909178945,0.0,1968.9795495547155,-0.000204504452844958,0.002448697373898452,2.0263985476762008,-0.9583665867084155,2.8,1.2,FINE_TUNING
9.739999999999881,-0.004636551951200355,0.0012380238370171283,0.0,1968.974114697711,-0.0002588530228899799,-0.002991892695038305,2.026398526881359,-0.9583660688812529,2.8,1.2,FINE_TUNING
9.75999999999988,-0.004611980358353907,0.0012285796423223742,0.0,1968.9804757978507,-0.00019524202149341364,-0.00047220973473771475,2.0263985156910307,-0.9583658474466891,2.8,1.2,FINE_TUNING
9.77999999999988,-0.004589451562178846,0.0011264398087530976,0.0,1968.9862917115722,-0.00013708288427778824,-0.005106991678463825,2.0263985071892052,-0.9583656266226003,2.8,1.2,FINE_TUNING
9.79999999999988,-0.004567122988130294,0.001116428702427608,0.0,1969.0080938601113,8.093860111330287e-05,-0.0005005553162744755,2.0263985127051516,-0.9583658287829159,2.8,1.2,FINE_TUNING
9.81999999999988,-0.004545458429238864,0.0010832279445715087,0.0,1969.0249905642172,0.0002499056421720525,-0.0016600378928049748,2.0263985108337046,-0.9583659413538751,2.8,1.2,FINE_TUNING
9.839999999999879,-0.00452509042806059,0.00101840005891368,0.0,1969.0425549406566,0.0004255494065660059,-0.0032413942828914337,2.0263985026665696,-0.9583660965140948,2.8,1.2,FINE_TUNING
9.859999999999879,-0.004504319965172053,0.00103852314442687,0.0,1969.0662172568639,0.0006621725686386526,0.001006154275659498,2.026398472812967,-0.9583664208521296,2.8,1.2,FINE_TUNING
9.879999999999878,-0.0044817102499703386,0.001130485760085733,0.0,1969.079256427644,0.000792564276439407,0.00459813078294315,2.0263984565889133,-0.9583665300880714,2.8,1.2,FINE_TUNING
9.899999999999878,-0.00445799908638721,0.0011855581791564529,0.0,1969.0721368580525,0.00072136858052545,0.002753620953535995,2.0263985148653982,-0.9583662089797366,2.8,1.2,FINE_TUNING
9.919999999999877,-0.004434624572165992,0.0011687257110608586,0.0,1969.0572518052288,0.0005725180522881601,-0.0008416234047797105,2.0263985981646173,-0.9583656993300533,2.8,1.2,FINE_TUNING
9.939999999999877,-0.004409748158833614,0.001243820666618934,0.0,1969.049519357256,0.0004951935725603107,0.0037547477779037632,2.026398646302208,-0.9583653199459263,2.8,1.2,FINE_TUNING
9.959999999999877,-0.00438400389802602,0.0012872130403796765,0.0,1969.0305875909694,0.0003058759096938957,0.0021696186880371267,2.0263987174776905,-0.9583646643843147,2.8,1.2,FINE_TUNING
9.979999999999876,-0.00435638123218812,0.0013811332918949903,0.0,1969.0092741839703,9.274183970319428e-05,0.004696012575765688,2.0263987671401598,-0.9583639036768433,2.8,1.2,FINE_TUNING
9.999999999999876,-0.004329360476017614,0.0013510378085252826,0.0,1968.9772910872305,-0.00022708912769530798,-0.0015047741684853808,2.02639878792134,-0.9583628226590433,2.8,1.2,FINE_TUNING
10.019999999999875,-0.004301780024570574,0.0013790225723520355,0.0,1968.9595577281848,-0.00040442271815209095,0.001399238191337643,2.0263987510266075,-0.9583620047295676,2.8,1.2,FINE_TUNING
10.039999999999875,-0.004272775678373305,0.0014502173098634582,0.0,1968.941588478213,-0.0005841152178709308,0.0035597368755711394,2.0263986824037556,-0.9583611316654491,2.8,1.2,FINE_TUNING
10.059999999999874,-0.004246287716753193,0.0013243980810055938,0.0,1968.9157687865948,-0.000842312134052463,-0.006290961442893225,2.026398556357227,-0.9583599973505853,2.8,1.2,FINE_TUNING
10.079999999999874,-0.004219626896939502,0.001333040990684568,0.0,1968.9190951630546,-0.0008090483694536488,0.0004321454839487126,2.026398492335174,-0.9583595854012796,2.8,1.2,FINE_TUNING
10.099999999999874,-0.00419463299518519,0.0012496950877155773,0.0,1968.9192947302442,-0.0008070526975575376,-0.004167295148449534,2.026398419116188,-0.9583590982234531,2.8,1.2,FINE_TUNING
10.119999999999873,-0.004170769833114914,0.0011931581035137535,0.0,1968.933516965786,-0.0006648303421388845,-0.002826849210091194,2.0263984040636767,-0.9583589981061715,2.8,1.2,FINE_TUNING
10.139999999999873,-0.004147237925195613,0.0011765953959650792,0.0,1968.9529555746474,-0.0004704442535262388,-0.0008281353774337177,2.0263984128615538,-0.958359067675345,2.8,1.2,FINE_TUNING
10.159999999999872,-0.004123698025079292,0.001176995005816006,0.0,1968.969077090619,-0.00030922909380933563,1.9980492546345353e-05,2.026398414476727,-0.9583590852256225,2.8,1.2,FINE_TUNING
10.179999999999872,-0.004098708670903181,0.0012494677088055856,0.0,1968.9799017693083,-0.00020098230691701247,0.003623635149478976,2.026398409021075,-0.9583589971853397,2.8,1.2,FINE_TUNING
10.199999999999871,-0.004073838670218838,0.001243500034217165,0.0,1968.9742874662268,-0.0002571253377323046,-0.0002983837294210377,2.026398389443672,-0.9583585193464093,2.8,1.2,FINE_TUNING
10.219999999999871,-0.004049297401067632,0.0012270634575603091,0.0,1968.970877688911,-0.00029122311088940477,-0.0008218288328427871,2.026398366840245,-0.9583580856759787,2.8,1.2,FINE_TUNING
10.23999999999987,-0.00402573019643921,0.001178360231421075,0.0,1968.9708593852124,-0.0002914061478759322,-0.0024351613069617025,2.026398345995998,-0.9583577317059488,2.8,1.2,FINE_TUNING
10.25999999999987,-0.00400350927463351,0.0011110460902850317,0.0,1968.978928839984,-0.00021071160015935674,-0.00336570705680217,2.026398337225251,-0.9583575831935056,2.8,1.2,FINE_TUNING
10.27999999999987,-0.003982638641701696,0.0010435316465906828,0.0,1968.9960185603416,-3.981439658446107e-05,-0.0033757221847174486,2.026398341225066,-0.9583576756006073,2.8,1.2,FINE_TUNING
10.29999999999987,-0.003960987250100697,0.0010825695800499712,0.0,1969.0195639929775,0.0001956399297750977,0.001951896672964425,2.026398343540584,-0.9583579513198748,2.8,1.2,FINE_TUNING
10.319999999999869,-0.00394023931753212,0.0010373966284288514,0.0,1969.0289283304205,0.0002892833042051279,-0.002258647581055991,2.0263983446422853,-0.9583579255801545,2.8,1.2,FINE_TUNING
10.339999999999868,-0.003917831126598929,0.0011204095466595383,0.0,1969.0431545849535,0.00043154584953526866,0.004150645911534351,2.026398338084422,-0.9583580275623351,2.8,1.2,FINE_TUNING
10.359999999999868,-0.0038947850862362673,0.001152302018133098,0.0,1969.0382275796674,0.00038227579667363896,0.0015946235736779767,2.0263983681961895,-0.9583577209675594,2.8,1.2,FINE_TUNING
10.379999999999868,-0.003870503004477537,0.0012141040879365154,0.0,1969.0287659988496,0.0002876599884962161,0.003090103490170871,2.026398404297079,-0.9583573035326161,2.8,1.2,FINE_TUNING
10.399999999999867,-0.0038465354337853426,0.0011983785346097152,0.0,1969.0107875950853,0.00010787595085275824,-0.0007862776663400084,2.0263984448557943,-0.9583566723044666,2.8,1.2,FINE_TUNING
10.419999999999867,-0.0038212467830267514,0.0012644325379295685,0.0,1969.0004166015635,4.166015635291842e-06,0.00330270016599267,2.0263984565419,-0.9583561749887692,2.8,1.2,FINE_TUNING
10.439999999999866,-0.0037965902685822657,0.0012328257222242946,0.0,1968.9809536932273,-0.000190463067726796,-0.001580340785263697,2.026398457200631,-0.958355439476466,2.8,1.2,FINE_TUNING
10.459999999999866,-0.003772256172908974,0.0012167047836645908,0.0,1968.9722416143406,-0.00027758385659353734,-0.0008060469279851882,2.026398436263436,-0.9583549147422755,2.8,1.2,FINE_TUNING
10.479999999999865,-0.0037497140289511097,0.001127107197893211,0.0,1968.968366071024,-0.00031633928975907113,-0.00447987928856899,2.026398411810447,-0.9583544900670949,2.8,1.2,FINE_TUNING
10.499999999999865,-0.003728815706341771,0.0010449161304669275,0.0,1968.980863183723,-0.00019136816277068647,-0.004109553371314168,2.0263984099995334,-0.9583544623909459,2.8,1.2,FINE_TUNING
10.519999999999865,-0.003708701996688177,0.0010056854826797114,0.0,1969.0036579227512,3.657922751244769e-05,-0.001961532389360805,2.02639841984269,-0.9583547060291693,2.8,1.2,FINE_TUNING
10.539999999999864,-0.0036881986504668385,0.0010251673110669146,0.0,1969.0262102959962,0.0002621029599617941,0.0009740914193601645,2.026398417703866,-0.9583549732197734,2.8,1.2,FINE_TUNING
10.559999999999864,-0.003667309936745045,0.0010444356860896855,0.0,1969.0382889920115,0.00038288992011530353,0.0009634187511385462,2.026398414234633,-0.9583550315324199,2.8,1.2,FINE_TUNING
10.579999999999863,-0.0036456270446410446,0.0010841446052000244,0.0,1969.0430325574614,0.00043032557461401664,0.0019854459555169396,2.026398421777287,-0.958354946547908,2.8,1.2,FINE_TUNING
10.599999999999863,-0.003623674562288271,0.0010976241176386765,0.0,1969.0389926343948,0.0003899263439484457,0.0006739756219326088,2.0263984487204403,-0.9583546789989319,2.8,1.2,FINE_TUNING
10.619999999999862,-0.0036033724194887307,0.0010151071399770114,0.0,1969.0333577172767,0.00033357717276658147,-0.004125848883083251,2.026398476781547,-0.9583543701097439,2.8,1.2,FINE_TUNING
10.639999999999862,-0.003583570705895262,0.0009900856796734364,0.0,1969.0435187032876,0.0004351870328764562,-0.0012510730151787536,2.026398474513847,-0.9583543994891656,2.8,1.2,FINE_TUNING
10.659999999999862,-0.0035641236564215206,0.0009723524736870536,0.0,1969.0547213738305,0.0005472137383048903,-0.0008866602993191424,2.0263984675955165,-0.9583544669466975,2.8,1.2,FINE_TUNING
10.679999999999861,-0.0035440670437230067,0.0010028306349256937,0.0,1969.0654017668721,0.0006540176687212806,0.0015239080619320082,2.0263984580837215,-0.958354539229348,2.8,1.2,FINE_TUNING
10.69999999999986,-0.003523051292836947,0.00105078754430298,0.0,1969.0672296385796,0.0006722963857964714,0.0023978454688643133,2.0263984736492766,-0.9583544421800545,2.8,1.2,FINE_TUNING
10.71999999999986,-0.003502666319320624,0.0010192486758161525,0.0,1969.0597158236121,0.0005971582361212313,-0.0015769434243413693,2.0263985211140083,-0.958354155695732,2.8,1.2,FINE_TUNING
10.73999999999986,-0.003483661250562244,0.0009502534379189888,0.0,1969.0596042991097,0.0005960429910965104,-0.0034497618948581884,2.0263985422029394,-0.9583540108526415,2.8,1.2,FINE_TUNING
10.75999999999986,-0.0034640266436620696,0.0009817303450087083,0.0,1969.0713315070418,0.000713315070418048,0.0015738453544859778,2.026398527180315,-0.9583541140395828,2.8,1.2,FINE_TUNING
10.779999999999859,-0.003442841207047531,0.0010592718307269452,0.0,1969.073722185154,0.0007372218515411077,0.0038770742859118392,2.026398540076271,-0.9583540416125657,2.8,1.2,FINE_TUNING
10.799999999999859,-0.0034201613756687857,0.001133991568937254,0.0,1969.061385260777,0.0006138526077688766,0.0037359869105154375,2.026398608008714,-0.9583536746491618,2.8,1.2,FINE_TUNING
10.819999999999858,-0.003397827273881455,0.0011167050893665495,0.0,1969.039096521928,0.0003909652192805879,-0.0008643239785352246,2.026398698276052,-0.9583530778007388,2.8,1.2,FINE_TUNING
10.839999999999858,-0.003375750228902251,0.0011038522489601758,0.0,1969.0259448454167,0.00025944845416688624,-0.0006426420203186826,2.0263987405458592,-0.9583526235005448,2.8,1.2,FINE_TUNING
10.859999999999857,-0.0033543820262208635,0.0010684101340693712,0.0,1969.018427329062,0.00018427329061978525,-0.0017721057445402343,2.026398762290235,-0.9583522646755271,2.8,1.2,FINE_TUNING
10.879999999999857,-0.0033318566802825124,0.0011262672969175594,0.0,1969.0188541841972,0.0001885418419715279,0.002892858142409412,2.026398770717066,-0.9583520670479768,2.8,1.2,FINE_TUNING
10.899999999999856,-0.0033096340934693556,0.0011111293406578407,0.0,1969.0084263477074,8.42634770742734e-05,-0.0007568978129859313,2.0263987897037627,-0.9583516332988257,2.8,1.2,FINE_TUNING
10.919999999999856,-0.0032868769163240095,0.0011378588572673088,0.0,1969.003176814369,3.1768143689987485e-05,0.0013364758304734135,2.026398796254966,-0.9583512938123108,2.8,1.2,FINE_TUNING
10.939999999999856,-0.0032643005621971776,0.001128817706341585,0.0,1968.9941793916148,-5.820608385192827e-05,-0.00045205754628618644,2.026398799383296,-0.9583508615165033,2.8,1.2,FINE_TUNING
10.959999999999855,-0.0032410407503386997,0.0011629905929238919,0.0,1968.988817707859,-0.00011182292141029393,0.001708644329115334,2.0263987945598623,-0.9583504937142159,2.8,1.2,FINE_TUNING
10.979999999999855,-0.003216403411706374,0.001231866931616298,0.0,1968.9783801239232,-0.0002161987607678384,0.003443816934620315,2.0263987822150273,-0.958350001185428,2.8,1.2,FINE_TUNING
10.999999999999854,-0.00319232270327904,0.0012040354213666935,0.0,1968.9581966720718,-0.00041803327928164436,-0.001391575512480231,2.0263987468621383,-0.9583492623005975,2.8,1.2,FINE_TUNING
11.019999999999854,-0.003168421171776057,0.001195076575149147,0.0,1968.9481335166693,-0.0005186648333074117,-0.00044794231087731673,2.026398697211359,-0.9583487110463866,2.8,1.2,FINE_TUNING
11.039999999999853,-0.0031450119957077897,0.001170458803413372,0.0,1968.9418615194234,-0.0005813848057664473,-0.0012308885867887544,2.0263986439349737,-0.9583482289142286,2.8,1.2,FINE_TUNING
11.059999999999853,-0.00312223183354076,0.001139008108351483,0.0,1968.9410131893892,-0.0005898681061080424,-0.0015725347530944544,2.0263985991693696,-0.9583478655054036,2.8,1.2,FINE_TUNING
11.079999999999853,-0.003100584010801063,0.0010823911369848397,0.0,1968.9452003467075,-0.000547996532925481,-0.002830848568332162,2.026398568883637,-0.958347623763883,2.8,1.2,FINE_TUNING
11.099999999999852,-0.0030805596313898034,0.0010012189705629853,0.0,1968.9573991145603,-0.00042600885439696867,-0.004058608321092716,2.026398564094523,-0.9583475830155226,2.8,1.2,FINE_TUNING
11.119999999999852,-0.0030632933461943956,0.0008633142597703987,0.0,1968.9796282949485,-0.0002037170505150243,-0.006895235539629332,2.026398584107045,-0.9583477973575887,2.8,1.2,FINE_TUNING
11.139999999999851,-0.003046080573357691,0.0008606386418352371,0.0,1969.0190230687958,0.00019023068795831933,-0.00013378089675807793,2.0263986131568466,-0.9583484241319171,2.8,1.2,FINE_TUNING
11.159999999999851,-0.0030289418810806245,0.0008569346138533219,0.0,1969.046793543386,0.00046793543386002055,-0.00018520139909576546,2.026398594618574,-0.9583488249243508,2.8,1.2,FINE_TUNING
11.17999999999985,-0.003010848094085562,0.0009046893497531297,0.0,1969.0666063806627,0.000666063806627335,0.002387736794990396,2.026398563323422,-0.9583490865345156,2.8,1.2,FINE_TUNING
11.19999999999985,-0.0029928780950600896,0.0008984999512736196,0.0,1969.0717657262242,0.0007176572622415733,-0.0003094699239755033,2.026398563760946,-0.9583490840603797,2.8,1.2,FINE_TUNING
11.21999999999985,-0.0029764708930060148,0.0008203601027037479,0.0,1969.0761005648112,0.0007610056481121319,-0.003906992428493589,2.026398565808833,-0.9583490734388788,2.8,1.2,FINE_TUNING
11.23999999999985,-0.002959106652718395,0.0008682120143809818,0.0,1969.0925614854739,0.0009256148547387966,0.002392595583861697,2.0263985196228145,-0.9583492970068804,2.8,1.2,FINE_TUNING
11.259999999999849,-0.0029390954209782792,0.0010005615870057835,0.0,1969.0953992697284,0.0009539926972843204,0.006617478631240083,2.026398522206879,-0.9583492870598485,2.8,1.2,FINE_TUNING
11.279999999999848,-0.0029193317144492995,0.00098818532644898,0.0,1969.073698106939,0.0007369810693899126,-0.0006188130278401715,2.0263986431184584,-0.9583488389001423,2.8,1.2,FINE_TUNING
11.299999999999848,-0.0028986611231344886,0.0010335295657405358,0.0,1969.060131066379,0.000601310663789718,0.002267211964577793,2.0263987114647564,-0.9583484980074255,2.8,1.2,FINE_TUNING
11.319999999999848,-0.0028768623974184163,0.0010899362858036166,0.0,1969.0420833028882,0.0004208330288815887,0.0028203360031540336,2.0263987837281463,-0.9583480462731115,2.8,1.2,FINE_TUNING
11.339999999999847,-0.0028562403933256133,0.0010311002046401586,0.0,1969.018861020312,0.00018861020311987885,-0.002941804058172902,2.0263988479980948,-0.9583474550172133,2.8,1.2,FINE_TUNING
11.359999999999847,-0.002836689321910586,0.000977553570751363,0.0,1969.012252888882,0.00012252888881903346,-0.002677331694439785,2.026398862327732,-0.9583471497530709,2.8,1.2,FINE_TUNING
11.379999999999846,-0.0028166960001922902,0.0009996660859147952,0.0,1969.0164333758464,0.0001643337584641813,0.0011056257581716158,2.026398865153968,-0.9583470563387376,2.8,1.2,FINE_TUNING
11.399999999999846,-0.002797505867409846,0.0009595066391222296,0.0,1969.0148953275639,0.00014895327563863248,-0.00200797233962828,2.026398873456503,-0.9583468538454949,2.8,1.2,FINE_TUNING
11.419999999999845,-0.0027797873637216094,0.0008859251844118166,0.0,1969.0203001581792,0.00020300158179225035,-0.0036790727355206485,2.0263988757556906,-0.958346792022835,2.8,1.2,FINE_TUNING
11.439999999999845,-0.0027617657348879107,0.0009010814416849239,0.0,1969.0365252168172,0.00036525216817153707,0.0007578128636553615,2.026398867256466,-0.9583469576116611,2.8,1.2,FINE_TUNING
11.459999999999845,-0.002741428332103749,0.0010168701392080826,0.0,1969.0447803162247,0.0004478031622466006,0.005789434876157934,2.026398864638604,-0.9583469850740716,2.8,1.2,FINE_TUNING
11.479999999999844,-0.0027227121075646932,0.0009358112269528072,0.0,1969.0296613296618,0.00029661329661848866,-0.004052945612763771,2.0263989134029066,-0.958346575247124,2.8,1.2,FINE_TUNING
11.499999999999844,-0.0027048921577751068,0.000890997489479322,0.0,1969.0327198000266,0.0003271980002659802,-0.002240686873674256,2.0263989197290955,-0.9583464930347513,2.8,1.2,FINE_TUNING
11.519999999999843,-0.002686574844989397,0.0009158656392854684,0.0,1969.042235986597,0.0004223598659700656,0.0012434074903073214,2.0263989155101516,-0.9583465423063431,2.8,1.2,FINE_TUNING
11.539999999999843,-0.0026688534079788136,0.000886071850529184,0.0,1969.0440428057711,0.000440428057711415,-0.0014896894378142202,2.0263989251607164,-0.9583464567577474,2.8,1.2,FINE_TUNING
11.559999999999842,-0.002651516618773002,0.000866839460290572,0.0,1969.0500516590803,0.0005005165908028175,-0.000961619511930597,2.0263989254154064,-0.9583464546066207,2.8,1.2,FINE_TUNING
11.579999999999842,-0.0026343403823602812,0.0008588118206360379,0.0,1969.0571817029202,0.0005718170292016111,-0.000401381982726711,2.0263989216805363,-0.9583464819714013,2.8,1.2,FINE_TUNING
11.599999999999842,-0.0026174698590328764,0.0008435261663702502,0.0,1969.063144923535,0.000631449235349919,-0.0007642827132893844,2.0263989192637712,-0.9583464972173166,2.8,1.2,FINE_TUNING
11.619999999999841,-0.002600704858214049,0.0008382500409413615,0.0,1969.0695794474404,0.0006957944744044653,-0.0002638062714444299,2.0263989136263385,-0.9583465289613257,2.8,1.2,FINE_TUNING
11.63999999999984,-0.002584375660047608,0.0008164599083220586,0.0,1969.0745966395743,0.0007459663957433804,-0.0010895066309651502,2.0263989107312654,-0.9583465435291145,2.8,1.2,FINE_TUNING
11.65999999999984,-0.0025670355536769308,0.0008670053185338556,0.0,1969.081538983541,0.0008153898354089506,0.002527270510589849,2.0263988988454025,-0.9583465986069535,2.8,1.2,FINE_TUNING
11.67999999999984,-0.002549929942539066,0.0008552805568932324,0.0,1969.0770920820466,0.0007709208204664719,-0.0005862380820311579,2.0263989310606676,-0.9583464642974605,2.8,1.2,FINE_TUNING
11.69999999999984,-0.002533329764955457,0.0008300088791804633,0.0,1969.0755707745711,0.0007557077457113337,-0.001263583885638459,2.026398951086405,-0.9583463754574294,2.8,1.2,FINE_TUNING
11.719999999999839,-0.0025163280974659936,0.0008500833744731827,0.0,1969.0785018261324,0.0007850182613242395,0.0010037247646359716,2.0263989538260687,-0.9583463630576227,2.8,1.2,FINE_TUNING
11.739999999999839,-0.002498434393963679,0.0008946851751157416,0.0,1969.0765822968194,0.000765822968194243,0.002230090032127946,2.026398975131883,-0.9583462710441253,2.8,1.2,FINE_TUNING
11.759999999999838,-0.0024800647427374767,0.0009184825613101183,0.0,1969.0668972665974,0.0006689726659737972,0.0011898693097188364,2.0263990266175225,-0.9583460429165481,2.8,1.2,FINE_TUNING
11.779999999999838,-0.0024611172733682895,0.0009473734684593537,0.0,1969.0553654204991,0.0005536542049912896,0.001444545357461773,2.0263990800497447,-0.9583457674441977,2.8,1.2,FINE_TUNING
11.799999999999837,-0.002440895126146162,0.0010111073611063857,0.0,1969.0415940037733,0.00041594003773298027,0.003186694632351594,2.026399132736181,-0.9583454328169028,2.8,1.2,FINE_TUNING
11.819999999999837,-0.0024228155816805688,0.0009039772232796588,0.0,1969.020048214209,0.00020048214209055003,-0.005356506891336347,2.0263991907402987,-0.958344931016706,2.8,1.2,FINE_TUNING
11.839999999999836,-0.0024060236393305704,0.0008395971174999168,0.0,1969.0231022735625,0.00023102273562471964,-0.003219005288987102,2.026399195030217,-0.9583448511557126,2.8,1.2,FINE_TUNING
11.859999999999836,-0.002390190938724324,0.0007916350303123358,0.0,1969.0360063029943,0.000360063029943376,-0.0023981043593790468,2.0263991880703873,-0.958344962540938,2.8,1.2,FINE_TUNING
11.879999999999836,-0.0023755468973564496,0.0007322020683937178,0.0,1969.053010716295,0.0005301071629492071,-0.0029716480959308994,2.0263991679788984,-0.9583451631762898,2.8,1.2,FINE_TUNING
11.899999999999835,-0.002360584800165687,0.0007481048595381245,0.0,1969.074985725086,0.0007498572508598044,0.0007951395572203316,2.0263991216763007,-0.9583454659949001,2.8,1.2,FINE_TUNING
11.919999999999835,-0.00234531793670387,0.0007633431730908586,0.0,1969.0872386197473,0.0008723861974726788,0.0007619156776367061,2.026399087398599,-0.9583456170955473,2.8,1.2,FINE_TUNING
11.939999999999834,-0.0023286019926179275,0.0008357972042971238,0.0,1969.09277035342,0.0009277035342006456,0.003622701560313262,2.0263990734916,-0.9583456682920141,2.8,1.2,FINE_TUNING
11.959999999999834,-0.002311820261721294,0.0008390865448316825,0.0,1969.0834664063009,0.0008346640630088587,0.00016446702672793753,2.0263991269096966,-0.9583454860999626,2.8,1.2,FINE_TUNING
11.979999999999833,-0.002296046268860754,0.0007886996430270079,0.0,1969.0758553397236,0.0007585533972360281,-0.0025193450902337333,2.0263991703566915,-0.9583453186015523,2.8,1.2,FINE_TUNING
11.999999999999833,-0.0022785666801094103,0.0008739794375671835,0.0,1969.078891311866,0.0007889131186607301,0.004263989727008784,2.026399170558333,-0.9583453177351322,2.8,1.2,FINE_TUNING
12.019999999999833,-0.002259697863412069,0.0009434408348670562,0.0,1969.0655140334045,0.0006551403340449724,0.0034730698649936315,2.02639923580399,-0.9583450507685173,2.8,1.2,FINE_TUNING
12.039999999999832,-0.002240492251313465,0.0009602806049301898,0.0,1969.0432872171743,0.0004328721717433837,0.0008419885031566835,2.0263993225157777,-0.9583446128843376,2.8,1.2,FINE_TUNING
12.059999999999832,-0.002219467985206464,0.0010512133053500491,0.0,1969.024027897461,0.00024027897461110115,0.004546635020992971,2.0263993765648585,-0.9583441823623683,2.8,1.2,FINE_TUNING
12.079999999999831,-0.0021957225690924713,0.001187270805699636,0.0,1968.9937317597073,-6.268240292683913e-05,0.006802875017479342,2.026399421668658,-0.9583435129856632,2.8,1.2,FINE_TUNING
12.099999999999831,-0.002172984012299152,0.0011369278396659705,0.0,1968.9475817207383,-0.0005241827926170117,-0.0025171483016832715,2.026399404180072,-0.9583424646009429,2.8,1.2,FINE_TUNING
12.11999999999983,-0.0021513856631154766,0.0010799174591837684,0.0,1968.9229933768302,-0.0007700662316983653,-0.0028505190241101064,2.0263993071677624,-0.9583417141186249,2.8,1.2,FINE_TUNING
12.13999999999983,-0.002129473927890828,0.001095586761232424,0.0,1968.9147520751822,-0.000852479248178497,0.0007834651024327829,2.0263992223773153,-0.9583412513513023,2.8,1.2,FINE_TUNING
12.15999999999983,-0.0021084700387322083,0.0010501944579310051,0.0,1968.9052141394245,-0.0009478586057548455,-0.002269615165070943,2.0263991206477456,-0.958340745627209,2.8,1.2,FINE_TUNING
12.17999999999983,-0.002087200420381681,0.0010634809175263727,0.0,1968.905511022098,-0.0009448897790207411,0.0006643229797683797,2.026399052162781,-0.9583404362984188,2.8,1.2,FINE_TUNING
12.199999999999829,-0.002065714567474017,0.001074292645383182,0.0,1968.9024043717018,-0.0009759562829822244,0.000540586392840464,2.026398967875318,-0.958340056550696,2.8,1.2,FINE_TUNING
12.219999999999828,-0.00204538504217453,0.0010164762649743388,0.0,1968.897321091306,-0.0010267890869408802,-0.0028908190204421608,2.0263988702028763,-0.9583396306013475,2.8,1.2,FINE_TUNING
12.239999999999828,-0.0020245512320423297,0.0010416905066100214,0.0,1968.9029406184977,-0.0009705938150227667,0.0012607120817841294,2.026398821947219,-0.9583394299983735,2.8,1.2,FINE_TUNING
12.259999999999827,-0.0020034964425918026,0.0010527394725263419,0.0,1968.901487414256,-0.0009851258574394707,0.0005524482958160258,2.0263987435428783,-0.9583390901023461,2.8,1.2,FINE_TUNING
12.279999999999827,-0.0019833307640777084,0.0010082839257047143,0.0,1968.8975324134854,-0.0010246758651464916,-0.002222777341081378,2.0263986511858323,-0.9583386967762818,2.8,1.2,FINE_TUNING
12.299999999999827,-0.001962591858689051,0.0010369452694328639,0.0,1968.9015959737653,-0.0009840402623467527,0.001433067186407482,2.0263985958930606,-0.958338470135095,2.8,1.2,FINE_TUNING
12.319999999999826,-0.0019393420154084488,0.0011624921640301102,0.0,1968.8984349334462,-0.0010156506655380326,0.006277344729862314,2.0263985082448888,-0.9583381004964802,2.8,1.2,FINE_TUNING
12.339999999999826,-0.001916046900756344,0.0011647557326052351,0.0,1968.87305880724,-0.0012694119275988669,0.00011317842875624342,2.0263983019027987,-0.958337257508529,2.8,1.2,FINE_TUNING
12.359999999999825,-0.001894972873287572,0.001053701373438602,0.0,1968.8536691172153,-0.0014633088278469585,-0.005552717958331651,2.026398071785332,-0.9583364780965202,2.8,1.2,FINE_TUNING
12.379999999999825,-0.0018749704363043825,0.0010001218491594724,0.0,1968.8584582799283,-0.0014154172007170018,-0.002678976213956477,2.0263979773909586,-0.9583361937880577,2.8,1.2,FINE_TUNING
12.399999999999824,-0.0018561367888209556,0.0009416823741713486,0.0,1968.8702092262174,-0.0012979077378258807,-0.002921973749406187,2.026397939177594,-0.9583360763577207,2.8,1.2,FINE_TUNING
12.419999999999824,-0.001838711909602644,0.0008712439609155847,0.0,1968.8877748371874,-0.0011222516281259231,-0.003521920662788196,2.0263979484053767,-0.9583361065376123,2.8,1.2,FINE_TUNING
12.439999999999824,-0.0018212111708852138,0.0008750369358715023,0.0,1968.911620950654,-0.0008837904934603102,0.00018964874779588137,2.026397999615073,-0.958336293690635,2.8,1.2,FINE_TUNING
12.459999999999823,-0.0018022079536365754,0.0009501608624319167,0.0,1968.9268745026902,-0.000731254973097748,0.0037561963280207215,2.0263980089070994,-0.9583363348679694,2.8,1.2,FINE_TUNING
12.479999999999823,-0.0017834535822780378,0.0009377185679268778,0.0,1968.9235096246784,-0.0007649037532155489,-0.0006221147252519449,2.026397951306933,-0.9583360362086663,2.8,1.2,FINE_TUNING
12.499999999999822,-0.0017661706614485238,0.0008641460414757001,0.0,1968.9224322363746,-0.000775677636254386,-0.0036786263225588815,2.02639789927708,-0.9583357781146082,2.8,1.2,FINE_TUNING
12.519999999999822,-0.0017487675647145122,0.0008701548367005894,0.0,1968.9337598559357,-0.0006624014406429523,0.0003004397612444635,2.026397895493411,-0.9583357596699689,2.8,1.2,FINE_TUNING
12.539999999999822,-0.0017329527812030236,0.0007907391755744286,0.0,1968.93984317463,-0.0006015682537008616,-0.003970783056308038,2.0263978773707065,-0.9583356588826676,2.8,1.2,FINE_TUNING
12.559999999999821,-0.0017165388528502577,0.0008206964176382934,0.0,1968.9573163735975,-0.00042683626402549634,0.0014978621031932358,2.026397897295434,-0.9583357788776398,2.8,1.2,FINE_TUNING
12.57999999999982,-0.0017001634654434889,0.0008187693703384413,0.0,1968.963586830458,-0.00036413169541901877,-9.635236499260142e-05,2.0263978897868213,-0.9583357175734324,2.8,1.2,FINE_TUNING
12.59999999999982,-0.0016845782037558548,0.0007792630843817044,0.0,1968.9675856277354,-0.000324143722646113,-0.0019753142978368465,2.0263978800561695,-0.9583356260669189,2.8,1.2,FINE_TUNING
12.61999999999982,-0.001669983988125515,0.0007297107815169882,0.0,1968.9766241255443,-0.00023375874455723534,-0.002477615143235811,2.0263978802574187,-0.9583356281651376,2.8,1.2,FINE_TUNING
12.63999999999982,-0.0016550975303839578,0.0007443228870778658,0.0,1968.9910249154575,-8.975084542498734e-05,0.0007306052780438748,2.026397887592978,-0.958335731746463,2.8,1.2,FINE_TUNING
12.659999999999819,-0.0016391354396965057,0.0007981045343726045,0.0,1968.9979327512547,-2.067248745333927e-05,0.002689082364736939,2.026397887456005,-0.9583357268838472,2.8,1.2,FINE_TUNING
12.679999999999819,-0.0016219505255147641,0.0008592457090870775,0.0,1968.9926511260667,-7.348873933324285e-05,0.0030570587357236453,2.026397886194361,-0.958335536254789,2.8,1.2,FINE_TUNING
12.699999999999818,-0.0016048341128314149,0.0008558206341674608,0.0,1968.977439900737,-0.0002256009926304614,-0.00017125374598083224,2.026397877867398,-0.9583351799882733,2.8,1.2,FINE_TUNING
12.719999999999818,-0.0015876909648302301,0.0008571574000592318,0.0,1968.9665632768051,-0.0003343672319488178,6.68382945885512e-05,2.0263978561308047,-0.9583348685830859,2.8,1.2,FINE_TUNING
12.739999999999817,-0.0015710581920607906,0.0008316386384719804,0.0,1968.9578795481543,-0.0004212045184567614,-0.001275938079362573,2.026397826447662,-0.9583345765691285,2.8,1.2,FINE_TUNING
12.759999999999817,-0.001555687176667855,0.0007685507696467757,0.0,1968.9554620415834,-0.0004453795841664032,-0.0031543934412602333,2.0263978013230353,-0.9583343778664283,2.8,1.2,FINE_TUNING
12.779999999999816,-0.0015414103676841817,0.0007138404491836656,0.0,1968.9640991115364,-0.000359008884636296,-0.002735516023155505,2.0263977995873805,-0.9583343648901698,2.8,1.2,FINE_TUNING
12.799999999999816,-0.0015259621376259808,0.0007724115029100504,0.0,1968.9790973307129,-0.00020902669287124807,0.00292855268631924,2.0263978110102734,-0.9583344683972203,2.8,1.2,FINE_TUNING
12.819999999999816,-0.0015114365036679733,0.0007262816979003702,0.0,1968.9786412799644,-0.00021358720035550505,-0.0023064902504840125,2.026397802341918,-0.9583343384387969,2.8,1.2,FINE_TUNING
12.839999999999815,-0.0014955420828416464,0.0007947210413163451,0.0,1968.9857416230134,-0.00014258376986617805,0.0034219671707987455,2.0263978017265654,-0.9583343294483924,2.8,1.2,FINE_TUNING
12.859999999999815,-0.001480462722519246,0.0007539680161200279,0.0,1968.9779823320584,-0.00022017667941554464,-0.0020376512598158578,2.0263977909001873,-0.9583340974126032,2.8,1.2,FINE_TUNING
12.879999999999814,-0.0014672434150823355,0.0006609653718455261,0.0,1968.978971449171,-0.00021028550828987137,-0.004650132213725091,2.0263977834492137,-0.9583339927492206,2.8,1.2,FINE_TUNING
12.899999999999814,-0.0014547332908147774,0.0006255062133779081,0.0,1968.9953704669065,-4.6295330935208764e-05,-0.001772957923380899,2.0263977929752977,-0.9583341318100806,2.8,1.2,FINE_TUNING
12.919999999999813,-0.001441942696365594,0.0006395297224591654,0.0,1969.0125531515534,0.00012553151553447605,0.0007011754540628678,2.026397795534928,-0.9583342944690326,2.8,1.2,FINE_TUNING
12.939999999999813,-0.0014293265150049006,0.0006308090680346723,0.0,1969.0216060296957,0.0002160602969570391,-0.00043603272122465524,2.0263977930127557,-0.9583343509270992,2.8,1.2,FINE_TUNING
12.959999999999813,-0.0014161505601155808,0.0006587977444659915,0.0,1969.0289536121702,0.0002895361217019854,0.0013994338215659592,2.026397789819934,-0.9583343913349451,2.8,1.2,FINE_TUNING
12.979999999999812,-0.001400767117666551,0.0007691721224514845,0.0,1969.028638027651,0.000286380276509135,0.0055187188992746545,2.02639779605176,-0.9583343338442498,2.8,1.2,FINE_TUNING
12.999999999999812,-0.0013851655440792613,0.0007800786793644845,0.0,1969.008363768293,8.363768293065732e-05,0.0005453278456500005,2.0263978313404984,-0.9583340060325137,2.8,1.2,FINE_TUNING
13.019999999999811,-0.0013697440197574277,0.000771076216091686,0.0,1968.9914808055432,-8.519194456766854e-05,-0.00045012316363992466,2.026397840782489,-0.958333691604591,2.8,1.2,FINE_TUNING
13.03999999999981,-0.0013550349984153818,0.0007354510671022984,0.0,1968.9804611207358,-0.00019538879264246133,-0.0017812574494693826,2.026397833221933,-0.958333435502167,2.8,1.2,FINE_TUNING
13.05999999999981,-0.0013407723720578115,0.0007131313178785108,0.0,1968.9782541380612,-0.00021745861938825327,-0.0011159874611893746,2.026397823943324,-0.9583332956352358,2.8,1.2,FINE_TUNING
13.07999999999981,-0.0013250782976248817,0.0007847037216464918,0.0,1968.9799226039745,-0.00020077396025499182,0.00357862018839905,2.026397817790801,-0.9583332123336841,2.8,1.2,FINE_TUNING
13.09999999999981,-0.001308497087171845,0.00082906052265183,0.0,1968.967763870611,-0.00032236129389048076,0.002217840050266909,2.0263977981154593,-0.9583329265004134,2.8,1.2,FINE_TUNING
13.11999999999981,-0.0012906236292741762,0.0008936728948834411,0.0,1968.9506015917252,-0.0004939840827478293,0.0032306186115805538,2.026397756987941,-0.9583325458767867,2.8,1.2,FINE_TUNING
13.139999999999809,-0.0012729850845885234,0.0008819272342826394,0.0,1968.9262794617446,-0.0007372053825542935,-0.000587283030040081,2.026397673052125,-0.958332021987107,2.8,1.2,FINE_TUNING
13.159999999999808,-0.0012565192513401171,0.0008232916624203144,0.0,1968.9103058875849,-0.0008969411241514535,-0.00293177859311625,2.0263975730255694,-0.9583315836392219,2.8,1.2,FINE_TUNING
13.179999999999808,-0.001240534313803602,0.0007992468768257521,0.0,1968.9084658122413,-0.0009153418775872524,-0.0012022392797281154,2.0263975111390264,-0.9583313545833276,2.8,1.2,FINE_TUNING
13.199999999999807,-0.0012253209491530786,0.0007606682325261707,0.0,1968.9105073153592,-0.0008949268464084525,-0.0019289322149790688,2.026397465739998,-0.9583311903252566,2.8,1.2,FINE_TUNING
13.219999999999807,-0.0012091711334406095,0.0008074907856234549,0.0,1968.9178660229427,-0.0008213397705731041,0.002341127654864207,2.0263974464892343,-0.9583311198261446,2.8,1.2,FINE_TUNING
13.239999999999807,-0.0011927820206455834,0.0008194556397513005,0.0,1968.9139328318597,-0.0008606716814028914,0.0005982427063922846,2.0263973838675104,-0.9583308753175006,2.8,1.2,FINE_TUNING
13.259999999999806,-0.0011787969403382205,0.0006992540153681527,0.0,1968.9081617270208,-0.0009183827297920288,-0.006010081219157392,2.026397309201605,-0.9583305965058857,2.8,1.2,FINE_TUNING
13.279999999999806,-0.00116643489783042,0.0006181021253900237,0.0,1968.9244054552134,-0.0007559454478655426,-0.004057594498906449,2.0263973309822383,-0.9583306731817036,2.8,1.2,FINE_TUNING
13.299999999999805,-0.00115467736498467,0.0005878766422874964,0.0,1968.9493666638973,-0.0005063333610269183,-0.0015112741551263644,2.0263973870272056,-0.9583309031780548,2.8,1.2,FINE_TUNING
13.319999999999805,-0.0011414211970161236,0.000662808398427326,0.0,1968.971574916481,-0.00028425083519096006,0.0037465878069914823,2.0263974220309513,-0.9583311045789159,2.8,1.2,FINE_TUNING
13.339999999999804,-0.0011290658614522098,0.0006177667781956934,0.0,1968.9733421953606,-0.0002665780463939882,-0.0022520810115816327,2.0263974143408583,-0.9583310303226432,2.8,1.2,FINE_TUNING
13.359999999999804,-0.0011167184035268125,0.0006173728962698654,0.0,1968.9818438099362,-0.00018156190063791655,-1.9694096291396573e-05,2.026397416503199,-0.9583310523590598,2.8,1.2,FINE_TUNING
13.379999999999804,-0.0011041183907774036,0.0006300006374704455,0.0,1968.9872508882247,-0.00012749111775292476,0.0006313870600290029,2.0263974156914992,-0.958331040543098,2.8,1.2,FINE_TUNING
13.399999999999803,-0.0010911351064236165,0.0006491642176893501,0.0,1968.9881892529547,-0.00011810747045274184,0.0009581790109452307,2.026397412484311,-0.9583309753646398,2.8,1.2,FINE_TUNING
13.419999999999803,-0.001077712196579323,0.0006711454922146827,0.0,1968.9848194464603,-0.00015180553539721587,0.0010990637262666327,2.026397406980342,-0.9583308556146075,2.8,1.2,FINE_TUNING
13.439999999999802,-0.0010650533604957399,0.0006329418041791502,0.0,1968.9778988236092,-0.00022101176390833642,-0.0019101844017766242,2.026397397006197,-0.9583306862466163,2.8,1.2,FINE_TUNING
13.459999999999802,-0.0010516162755921663,0.0006718542451786736,0.0,1968.9790729013205,-0.00020927098679521806,0.001945622049976173,2.0263973911108897,-0.9583306166320785,2.8,1.2,FINE_TUNING
13.479999999999801,-0.0010390509244357412,0.0006282675578212492,0.0,1968.9723620485001,-0.00027637951499855264,-0.0021793343678712203,2.0263973772425383,-0.9583304452320013,2.8,1.2,FINE_TUNING
13.499999999999801,-0.001025781543131434,0.00066346906521536,0.0,1968.9746217103698,-0.00025378289630225483,0.00176007536970554,2.0263973709691574,-0.958330385836951,2.8,1.2,FINE_TUNING
13.5199999999998,-0.0010131114755586583,0.0006335033786387811,0.0,1968.9693236018213,-0.0003067639817868439,-0.0014982843288289414,2.0263973556809614,-0.95833023007641,2.8,1.2,FINE_TUNING
13.5399999999998,-0.0010011324933692956,0.0005989491094681392,0.0,1968.970172225889,-0.00029827774111026886,-0.001727713458532096,2.0263973463034466,-0.9583301504103832,2.8,1.2,FINE_TUNING
13.5599999999998,-0.000989429487908312,0.0005851502730491707,0.0,1968.976179655282,-0.00023820344717933039,-0.0006899418209484218,2.026397345179886,-0.9583301406751362,2.8,1.2,FINE_TUNING
13.5799999999998,-0.000978727724155876,0.0005350881876217956,0.0,1968.9821890677697,-0.00017810932230304387,-0.0025031042713687564,2.02639734483602,-0.9583301370259593,2.8,1.2,FINE_TUNING
13.599999999999799,-0.0009677072567388458,0.0005510233708515105,0.0,1968.9946195260961,-5.3804739038696426e-05,0.0007967591614857486,2.0263973508215716,-0.9583302200896131,2.8,1.2,FINE_TUNING
13.619999999999798,-0.0009547246460684703,0.0006491305335187744,0.0,1968.9999770348377,-2.296516231581336e-07,0.004905358133363197,2.026397350934914,-0.9583302250869443,2.8,1.2,FINE_TUNING
13.639999999999798,-0.0009441253758656386,0.0005299635101415864,0.0,1968.9858481480626,-0.00014151851937413084,-0.0059583511688594045,2.0263973509130535,-0.9583300040740209,2.8,1.2,FINE_TUNING
13.659999999999798,-0.0009332637355036965,0.0005430820180971033,0.0,1968.99625654787,-3.74345213003835e-05,0.0006559253977758469,2.0263973544685294,-0.958330064477467,2.8,1.2,FINE_TUNING
13.679999999999797,-0.0009248424104090534,0.00042106625473215816,0.0,1969.0006910235181,6.910235181294411e-06,-0.0061007881682472575,2.0263973544128038,-0.9583300610254804,2.8,1.2,FINE_TUNING
13.699999999999797,-0.0009159634002253589,0.0004439505091847219,0.0,1969.0247691457344,0.00024769145734353514,0.0011442127226281875,2.0263973537189433,-0.9583302894538772,2.8,1.2,FINE_TUNING
13.719999999999796,-0.0009090848944227091,0.00034392529013249325,0.0,1969.0372269725788,0.0003722697257876462,-0.005001260952611432,2.0263973413814362,-0.9583303939422768,2.8,1.2,FINE_TUNING
13.739999999999796,-0.0009026581425565334,0.0003213375933087818,0.0,1969.0632023488415,0.0006320234884151432,-0.0011293848411855728,2.0263973413814362,-0.9583303939422768,2.8,1.2,FINE_TUNING
13.759999999999796,-0.0008957262253689486,0.0003465958593792435,0.0,1969.0851397828046,0.0008513978280461742,0.001262913303523085,2.0263973413814362,-0.9583303939422768,2.8,1.2,FINE_TUNING
13.779999999999795,-0.0008897719092928,0.0002977158038074271,0.0,1969.0958415858092,0.000958415858092394,-0.0024440027785908214,2.0263973413814362,-0.9583303939422768,2.8,1.2,FINE_TUNING
13.799999999999795,-0.0008832299608137644,0.0003270974239517842,0.0,1969.111718511693,0.0011171851169297043,0.0014690810072178562,2.0263973413814362,-0.9583303939422768,2.8,1.2,FINE_TUNING
13.819999999999794,-0.00087555771125612,0.0003836124778822201,0.0,1969.11748543545,0.0011748543544990752,0.002825752696521794,2.0263973413814362,-0.9583303939422768,2.8,1.2,FINE_TUNING
13.839999999999794,-0.000866650313102258,0.00044536990769309477,0.0,1969.11133346745,0.0011133346745009476,0.003087871490543735,2.0263973413814362,-0.9583303939422768,2.8,1.2,FINE_TUNING
13.859999999999793,-0.0008586977184219667,0.0003976297340145647,0.0,1969.095813557564,0.0009581355756404264,-0.002387008683926503,2.0263973413814362,-0.9583303939422768,2.8,1.2,FINE_TUNING
13.879999999999793,-0.0008496134008368605,0.0004542158792553105,0.0,1969.0929542402987,0.0009295424029869537,0.002829307262037289,2.0263973413814362,-0.9583303939422768,2.8,1.2,FINE_TUNING
13.899999999999793,-0.0008407638019739091,0.0004424799431475714,0.0,1969.0806214598451,0.0008062145984513336,-0.0005867968053869556,2.0263973413814362,-0.9583303939422768,2.8,1.2,FINE_TUNING
13.919999999999792,-0.0008311190025866608,0.00048223996936241697,0.0,1969.0736164336026,0.000736164336026377,0.0019880013107422797,2.0263973413814362,-0.9583303939422768,2.8,1.2,FINE_TUNING
13.939999999999792,-0.0008201665744377368,0.000547621407446197,0.0,1969.0612680591455,0.000612680591455046,0.003269071904189,2.0263973413814362,-0.9583303939422768,2.8,1.2,FINE_TUNING
13.959999999999791,-0.0008096668266862145,0.0005249873875761183,0.0,1969.0405854159383,0.00040585415938267034,-0.0011317009935039321,2.0263973413814362,-0.9583303939422768,2.8,1.2,FINE_TUNING
13.97999999999979,-0.0007986622377991463,0.0005502294443534113,0.0,1969.0294882288474,0.00029488228847412756,0.001262102838864649,2.0263973413814362,-0.9583303939422768,2.8,1.2,FINE_TUNING
13.99999999999979,-0.0007884118386764109,0.0005125199561367679,0.0,1969.0166849649895,0.00016684964989508445,-0.001885474410832175,2.02639736371191,-0.9583302463478723,2.8,1.2,FINE_TUNING
14.01999999999979,-0.000779325830290025,0.00045430041931929715,0.0,1969.0137514180567,0.0001375141805669955,-0.0029109768408735353,2.0263973686780745,-0.9583301860869663,2.8,1.2,FINE_TUNING
14.03999999999979,-0.0007690517078817085,0.0005137061204158245,0.0,1969.0214071543414,0.00021407154341432033,0.0029702850548263653,2.0263973686780745,-0.9583301860869663,2.8,1.2,FINE_TUNING
14.059999999999789,-0.000760179035778054,0.00044363360518272677,0.0,1969.0158096076211,0.00015809607621122267,-0.0035036257616548883,2.0263973686780745,-0.9583301860869663,2.8,1.2,FINE_TUNING
14.079999999999789,-0.0007501065111936611,0.0005036262292196399,0.0,1969.0236830918154,0.00023683091815428269,0.0029996312018456556,2.0263973686780745,-0.9583301860869663,2.8,1.2,FINE_TUNING
14.099999999999788,-0.0007390311705284179,0.0005537670332621596,0.0,1969.0181451035467,0.00018145103546657993,0.002507040202125986,2.0263973686780745,-0.9583301860869663,2.8,1.2,FINE_TUNING
14.119999999999788,-0.0007292784690654711,0.00048763507314734163,0.0,1969.0048517141927,4.851714192682266e-05,-0.003306598005740896,2.0263973834326956,-0.9583300271985982,2.8,1.2,FINE_TUNING
14.139999999999787,-0.0007200728412343984,0.0004602813915536361,0.0,1969.0065625249945,6.562524994478736e-05,-0.0013676840796852784,2.0263973838858433,-0.9583300082168565,2.8,1.2,FINE_TUNING
14.159999999999787,-0.0007109432149562333,0.0004564813139082577,0.0,1969.0120406946473,0.00012040694647339479,-0.00019000388226891938,2.0263973838858433,-0.9583300082168565,2.8,1.2,FINE_TUNING
14.179999999999787,-0.0007031062755572,0.0003918469699516635,0.0,1969.0160417382633,0.00016041738263311345,-0.0032317171978297108,2.0263973838858433,-0.9583300082168565,2.8,1.2,FINE_TUNING
14.199999999999786,-0.0006951949362122488,0.00039556696724756213,0.0,1969.0297493290411,0.0002974932904112393,0.00018599986479493123,2.0263973838858433,-0.9583300082168565,2.8,1.2,FINE_TUNING
14.219999999999786,-0.0006877507482648697,0.00037220939736895553,0.0,1969.0382937612596,0.00038293761259637903,-0.0011678784939303313,2.0263973838858433,-0.9583300082168565,2.8,1.2,FINE_TUNING
14.239999999999785,-0.0006804335450317157,0.0003658601616576998,0.0,1969.0479939038207,0.0004799390382072488,-0.0003174617855627874,2.0263973838858433,-0.9583300082168565,2.8,1.2,FINE_TUNING
14.259999999999785,-0.0006742447620717917,0.00030943914799619695,0.0,1969.0555379153718,0.0005553791537181496,-0.002821050683075141,2.0263973838858433,-0.9583300082168565,2.8,1.2,FINE_TUNING
14.279999999999784,-0.0006688834436652639,0.0002680659203263872,0.0,1969.0704185825416,0.0007041858254160615,-0.0020686613834904888,2.0263973838858433,-0.9583300082168565,2.8,1.2,FINE_TUNING
14.299999999999784,-0.0006634124937708894,0.00027354749471873084,0.0,1969.0878727247543,0.0008787272475433383,0.00027407871961718277,2.0263973838858433,-0.9583300082168565,2.8,1.2,FINE_TUNING
14.319999999999784,-0.0006571240678741347,0.000314421294837732,0.0,1969.0989266376164,0.0009892663761638686,0.0020436900059500563,2.0263973838858433,-0.9583300082168565,2.8,1.2,FINE_TUNING
14.339999999999783,-0.0006496361622877518,0.00037439527931914596,0.0,1969.0992419645027,0.0009924196450265298,0.0029986992240706987,2.0263973838858433,-0.9583300082168565,2.8,1.2,FINE_TUNING
14.359999999999783,-0.0006437360003932676,0.0002950080947242104,0.0,1969.0885968008756,0.0008859680087562083,-0.003969359229746779,2.0263973838858433,-0.9583300082168565,2.8,1.2,FINE_TUNING
14.379999999999782,-0.0006378069911894921,0.0002964504601887731,0.0,1969.0947721404978,0.0009477214049775284,7.211827322813763e-05,2.0263973838858433,-0.9583300082168565,2.8,1.2,FINE_TUNING
14.399999999999782,-0.0006294123900561361,0.00041973005666779773,0.0,1969.098588065305,0.0009858806530496623,0.006163979823951229,2.0263973838858433,-0.9583300082168565,2.8,1.2,FINE_TUNING
14.419999999999781,-0.0006204627490357647,0.00044748205101856776,0.0,1969.0792426244554,0.0007924262445544628,0.0013875997175385004,2.0263973838858433,-0.9583300082168565,2.8,1.2,FINE_TUNING
14.439999999999781,-0.0006127659445396687,0.0003848402248047976,0.0,1969.0603318337012,0.0006033183370118422,-0.003132091310688508,2.0263973838858433,-0.9583300082168565,2.8,1.2,FINE_TUNING
14.45999999999978,-0.0006055864902852841,0.00035897271271922965,0.0,1969.0576295144442,0.000576295144442156,-0.0012933756042783988,2.0263973838858433,-0.9583300082168565,2.8,1.2,FINE_TUNING
14.47999999999978,-0.0005979161248682186,0.0003835182708532743,0.0,1969.0598861033473,0.0005988610334725309,0.0012272779067022312,2.0263973838858433,-0.9583300082168565,2.8,1.2,FINE_TUNING
14.49999999999978,-0.0005891584062784481,0.00043788592948852955,0.0,1969.0567570485787,0.0005675704857867459,0.0027183829317627643,2.0263973838858433,-0.9583300082168565,2.8,1.2,FINE_TUNING
14.51999999999978,-0.000579089090146438,0.0005034658066004991,0.0,1969.0445493974041,0.00044549397404125557,0.003278993855598477,2.0263973838858433,-0.9583300082168565,2.8,1.2,FINE_TUNING
14.539999999999779,-0.0005671414318496778,0.0005973829148380127,0.0,1969.0239115381753,0.0002391153817529812,0.0046958554118756764,2.0263973838858433,-0.9583300082168565,2.8,1.2,FINE_TUNING
14.559999999999778,-0.0005548981720153586,0.0006121629917159581,0.0,1968.9922550356875,-7.744964312450975e-05,0.0007390038438972709,2.0263973838858433,-0.9583300082168565,2.8,1.2,FINE_TUNING
14.579999999999778,-0.0005421415000008689,0.0006378336007244862,0.0,1968.9666887616024,-0.0003331123839757311,0.0012835304504264038,2.0263973722483257,-0.9583297206883625,2.8,1.2,FINE_TUNING
14.599999999999778,-0.0005280176327748585,0.0007061933613005202,0.0,1968.9434334134526,-0.0005656658654743296,0.0034179880288017035,2.026397323173516,-0.9583294151304276,2.8,1.2,FINE_TUNING
14.619999999999777,-0.0005123370348504799,0.0007840298962189301,0.0,1968.9142120529093,-0.000857879470906937,0.003891826745920496,2.0263972180965073,-0.958329003257001,2.8,1.2,FINE_TUNING
14.639999999999777,-0.0004973597296426695,0.0007488652603905229,0.0,1968.8790196460993,-0.0012098035390067708,-0.001758231791420364,2.0263970239535687,-0.9583284602339778,2.8,1.2,FINE_TUNING
14.659999999999776,-0.0004829021459753109,0.0007228791833679282,0.0,1968.8594539869844,-0.0014054601301563708,-0.001299303851129734,2.0263968318245773,-0.9583280440730877,2.8,1.2,FINE_TUNING
14.679999999999776,-0.00046745107638119024,0.0007725534797060325,0.0,1968.8492611302754,-0.001507388697245915,0.0024837148169052177,2.0263966664349033,-0.958327722464975,2.8,1.2,FINE_TUNING
14.699999999999775,-0.000452598467470695,0.0007426304455247638,0.0,1968.8323134191796,-0.001676865808203729,-0.0014961517090634384,2.0263964320897374,-0.9583272901895765,2.8,1.2,FINE_TUNING
14.719999999999775,-0.00043939464296811,0.0006601912251292513,0.0,1968.8245959461672,-0.0017540405383283542,-0.0041219610197756225,2.026396240729647,-0.9583269622786067,2.8,1.2,FINE_TUNING
14.739999999999775,-0.00042652480688623866,0.0006434918040935655,0.0,1968.832654317956,-0.0016734568204401512,-0.0008349710517842855,2.02639617734888,-0.9583268573967736,2.8,1.2,FINE_TUNING
14.759999999999774,-0.0004148727721725332,0.0005826017356852734,0.0,1968.840287803898,-0.0015971219610196386,-0.003044503420414609,2.0263961184466455,-0.9583267579968344,2.8,1.2,FINE_TUNING
14.779999999999774,-0.0004029776688285903,0.0005947551671971461,0.0,1968.8554472541289,-0.0014455274587112398,0.0006076715755936333,2.0263961282253926,-0.9583267748282762,2.8,1.2,FINE_TUNING
14.799999999999773,-0.00039228158735942143,0.0005348040734584422,0.0,1968.863081597528,-0.001369184024720198,-0.002997554686935195,2.0263960896906097,-0.9583267048930798,2.8,1.2,FINE_TUNING
14.819999999999773,-0.00038017348317714796,0.000605405209113673,0.0,1968.8781498746346,-0.0012185012536542672,0.0035300567827615415,2.0263961090988674,-0.9583267410409719,2.8,1.2,FINE_TUNING
14.839999999999772,-0.00036878155575164744,0.0005695963712750266,0.0,1968.8754767586288,-0.0012452324137120741,-0.0017904418919323212,2.0263960228911966,-0.958326569344675,2.8,1.2,FINE_TUNING
14.859999999999772,-0.00035801836557926,0.0005381595086193713,0.0,1968.8790414985283,-0.0012095850147170494,-0.0015718431327827616,2.026395973501257,-0.9583264731504872,2.8,1.2,FINE_TUNING
14.879999999999772,-0.00034756043930777756,0.0005228963135741213,0.0,1968.8862577047348,-0.0011374229526518321,-0.0007631597522624993,2.026395949832079,-0.9583264265549882,2.8,1.2,FINE_TUNING
14.899999999999771,-0.00033910404779392275,0.00042281957569273936,0.0,1968.8932246216252,-0.0010677537837477757,-0.005003836894069098,2.0263959292669873,-0.9583263847415349,2.8,1.2,FINE_TUNING
14.91999999999977,-0.0003304595870779396,0.00043222303579915793,0.0,1968.9150090956052,-0.0008499090439477185,0.0004701730053209296,2.0263959934802256,-0.958326519832184,2.8,1.2,FINE_TUNING
14.93999999999977,-0.0003211086343233903,0.0004675476377274632,0.0,1968.9280093806442,-0.0007199061935580176,0.0017662300964152626,2.0263959934802256,-0.958326519832184,2.8,1.2,FINE_TUNING
14.95999999999977,-0.00031479285416233384,0.0003157890080528248,0.0,1968.9302660827234,-0.0006973391727660783,-0.007587931483731919,2.0263959934802256,-0.958326519832184,2.8,1.2,FINE_TUNING
14.97999999999977,-0.0003089056107259396,0.00029436217181971357,0.0,1968.9579596789656,-0.00042040321034392036,-0.0010713418116555628,2.0263959934802256,-0.958326519832184,2.8,1.2,FINE_TUNING
