t,y,v,target_y,tilt,u,acc,est_a,est_b,kp,kd,scenario
0.0,0.0491810576411573,-0.0409471179421351,0.0,1791.0,-1.78,-2.0473558971067547,0.5,-0.1,2.8,1.2,NOMINAL
0.02,0.04764907401118065,-0.07659918149883252,0.0,1812.0483459378677,-1.5695165406213232,-1.7826031778348712,1.1175645908238727,-0.6020927464234594,2.8,1.2,NOMINAL
0.04,0.04566851898643702,-0.09902775123718172,0.0,1868.6253653913275,-1.0037463460867253,-1.1214284869174596,1.5111963393812287,-0.843833801556107,2.8,1.2,NOMINAL
0.06,0.04344557786268845,-0.11114705618742868,0.0,1912.4016145236865,-0.5659838547631353,-0.6059652475123478,1.7020343522355272,-0.9546394584477806,2.8,1.2,NOMINAL
0.08,0.04113246041442943,-0.11565587241295083,0.0,1945.3707808480688,-0.23629219151931238,-0.22544081127610777,1.7849487881697712,-0.9969956003919577,2.8,1.2,NOMINAL
0.1,0.038841324513520605,-0.11455679504544143,0.0,1969.5696503573788,0.0056965035737880495,0.05495386837547039,1.8114748608546565,-1.0,2.8,1.2,NOMINAL
0.12000000000000001,0.036666155596146166,-0.10875844586872178,0.0,1989.8622307568871,0.2086223075688713,0.28991745883598213,1.8109948987472786,-0.9923767413105568,2.8,1.2,PREEMPTIVE_BRAKING
0.14,0.034661902147642025,-0.10021267242520701,0.0,2002.0040007208343,0.33004000720834253,0.42728867217573857,1.7981941889624065,-0.9800558341827573,2.8,1.2,PREEMPTIVE_BRAKING
0.16,0.03285807875807514,-0.09019116947834395,0.0,2008.9363911259843,0.399363911259843,0.5010751473431531,1.7843036838538102,-0.9686471367553665,2.8,1.2,PREEMPTIVE_BRAKING
0.18,0.031264417715553265,-0.07968305212609388,0.0,2011.9082756885582,0.42908275688558206,0.5254058676125035,1.7736750592254718,-0.960396684196005,2.8,1.2,PREEMPTIVE_BRAKING
0.19999999999999998,0.029881741611446425,-0.06913380520534199,0.0,2011.9924424109697,0.42992442410969717,0.5274623460375948,1.7673939968969108,-0.9556358060668741,2.8,1.2,PREEMPTIVE_BRAKING
0.21999999999999997,0.028631101250855273,-0.06253201802955755,0.0,1995.0295361464518,0.2602953614645185,0.3300893587892217,1.7650235856529537,-0.9538533681024549,2.8,1.2,PREEMPTIVE_BRAKING
0.23999999999999996,0.027567717533110724,-0.05316918588722743,0.0,2007.419079067207,0.38419079067206896,0.46814160711650576,1.7655410939387814,-0.9544682231455982,2.8,1.2,PREEMPTIVE_BRAKING
0.25999999999999995,0.02667372425655849,-0.044699663827611716,0.0,2003.7830036269063,0.34783003626906295,0.42347610298078564,1.7668440212554035,-0.9554568691567559,2.8,1.2,PREEMPTIVE_BRAKING
0.27999999999999997,0.025928248585912635,-0.03727378353229263,0.0,1999.5951238263644,0.30595123826364445,0.37129401476595403,1.769272867556067,-0.9573273428785946,2.8,1.2,PREEMPTIVE_BRAKING
0.3,0.025308207959407587,-0.031002031325252317,0.0,1995.2191427502712,0.262191427502712,0.3135876103520156,1.7720658951266826,-0.959528766051914,2.8,1.2,PREEMPTIVE_BRAKING
0.32,0.024780728011976425,-0.026373997371558083,0.0,1987.7977218837082,0.18797721883708163,0.23140169768471175,1.7747140247980473,-0.9616854252979201,2.8,1.2,NOMINAL
0.34,0.024327519726919825,-0.022660414252830073,0.0,1984.3088940174084,0.1530889401740842,0.18567915593640053,1.7767005976617203,-0.9636582264056129,2.8,1.2,NOMINAL
0.36000000000000004,0.023933836273949707,-0.019684172648505915,0.0,1981.2216190860777,0.1222161908607768,0.14881208021620793,1.7781857979280506,-0.9652329886228277,2.8,1.2,NOMINAL
0.38000000000000006,0.023587954829809275,-0.01729407220702152,0.0,1978.5443727239742,0.0954437272397422,0.11950502207421983,1.7792453384260256,-0.9664537865025895,2.8,1.2,NOMINAL
0.4000000000000001,0.02327762761970442,-0.015516360505242795,0.0,1976.2566187294017,0.0725661872940168,0.08888558508893618,1.7799716707676776,-0.967383681427232,2.8,1.2,NOMINAL
0.4200000000000001,0.022994777866268985,-0.014142487671771703,0.0,1974.3497723137325,0.05349772313732501,0.06869364167355463,1.7804411920616645,-0.9680713905936951,2.8,1.2,NOMINAL
0.4400000000000001,0.022730839214065445,-0.013196932610176985,0.0,1972.7806432352288,0.03780643235228808,0.04727775307973586,1.7807312573845353,-0.9685757524975515,2.8,1.2,NOMINAL
0.46000000000000013,0.02248054126458225,-0.012514897474159715,0.0,1971.5241617291606,0.025241617291605963,0.03410175680086344,1.7808972134164365,-0.9689360783100188,2.8,1.2,NOMINAL
0.48000000000000015,0.022239025543991455,-0.012075786029539858,0.0,1970.5333070448203,0.015333070448202762,0.02195557223099288,1.7809852736934393,-0.9691917869401233,2.8,1.2,NOMINAL
0.5000000000000001,0.02200262702611361,-0.011819925893892235,0.0,1969.771835136228,0.007718351362279918,0.0127930067823812,1.7810263838822964,-0.9693696148146307,2.8,1.2,NOMINAL
0.5200000000000001,0.021768335511834953,-0.011714575713932945,0.0,1969.2038526420035,0.002038526420035396,0.005267508997964479,1.781041641369913,-0.9694900376873647,2.8,1.2,NOMINAL
0.5400000000000001,0.02153504023352956,-0.011664763915269775,0.0,1968.7985457730078,-0.002014542269921549,0.00249058993315855,1.7810444180382745,-0.9695674414925742,2.8,1.2,NOMINAL
0.5600000000000002,0.021301605081329906,-0.01167175760998256,0.0,1968.5171995634075,-0.004828004365924699,-0.00034968473563930106,1.781042633660612,-0.9696151269845832,2.8,1.2,NOMINAL
0.5800000000000002,0.02106798872148699,-0.011680817992145714,0.0,1968.333040064943,-0.006669599350570934,-0.0004530191081576437,1.781040212773731,-0.969641042276827,2.8,1.2,NOMINAL
0.6000000000000002,0.020832160926738542,-0.011791389737422471,0.0,1968.217392906101,-0.007826070938990596,-0.00552858726383789,1.7810386987051399,-0.9696524346448991,2.8,1.2,NOMINAL
0.6200000000000002,0.02059454147675369,-0.011880972499242687,0.0,1968.168410473405,-0.008315895265950531,-0.004479138091010769,1.7810391693408723,-0.9696494791551501,2.8,1.2,NOMINAL
0.6400000000000002,0.020357272970592546,-0.011863425308057184,0.0,1968.1625282297655,-0.008374717702345151,0.0008773595592751265,1.7810412708728725,-0.9696372094803135,2.8,1.2,NOMINAL
0.6600000000000003,0.02011855953182981,-0.01193567193813688,0.0,1968.1674326254736,-0.008325673745264339,-0.0036123315039848134,1.781043785326421,-0.969622724693781,2.8,1.2,NOMINAL
0.6800000000000003,0.019878637452401298,-0.011996103971425576,0.0,1968.196402830629,-0.008035971693709598,-0.003021601664434749,1.781047252378686,-0.9696027333730984,2.8,1.2,NOMINAL
0.7000000000000003,0.019637669297736655,-0.012048407733232245,0.0,1968.2402707120784,-0.007597292879215729,-0.002615188090333429,1.7810512318076863,-0.9695789996349936,2.8,1.2,NOMINAL
0.7200000000000003,0.01939377004576242,-0.012194962598711855,0.0,1968.2932743229226,-0.0070672567707742925,-0.0073277432739804966,1.7810554131833036,-0.9695526120837249,2.8,1.2,NOMINAL
0.7400000000000003,0.019148778216300785,-0.012249591473081724,0.0,1968.3701254048626,-0.006298745951373803,-0.0027314437184934497,1.7810602237789397,-0.9695199259731115,2.8,1.2,NOMINAL
0.7600000000000003,0.01890116160390521,-0.01238083061977876,0.0,1968.4471716282317,-0.00552828371768328,-0.006561957334851817,1.7810646476295202,-0.9694860399605503,2.8,1.2,NOMINAL
0.7800000000000004,0.018654363762571746,-0.012339892066673259,0.0,1968.5385801880311,-0.004614198119688808,0.0020469276552750955,1.7810690348735203,-0.9694475720390744,2.8,1.2,NOMINAL
0.8000000000000004,0.01840953985841935,-0.012241195207619859,0.0,1968.6088154165716,-0.003911845834284122,0.004934842952670048,1.7810723331669729,-0.9694126977717249,2.8,1.2,NOMINAL
0.8200000000000004,0.018164650585598047,-0.01224446364106508,0.0,1968.653672899851,-0.0034632710014898295,-0.00016342167226106622,1.781074714036767,-0.969382899577633,2.8,1.2,NOMINAL
0.8400000000000004,0.01792219898907551,-0.012122579826126799,0.0,1968.6993757586126,-0.003006242413873679,0.006094190746914103,1.7810768723278378,-0.9693523873508406,2.8,1.2,NOMINAL
0.8600000000000004,0.017679387443594978,-0.012140577274026565,0.0,1968.7228403171132,-0.0027715968288680413,-0.0008998723949882811,1.7810784494715737,-0.969326698630758,2.8,1.2,NOMINAL
0.8800000000000004,0.017436302351960992,-0.012154254581699293,0.0,1968.75625457203,-0.0024374542796999775,-0.0006838653836364174,1.7810800489824732,-0.9692985222871627,2.8,1.2,NOMINAL
0.9000000000000005,0.017194873357296324,-0.012071449733233493,0.0,1968.795967452574,-0.0020403254742609534,0.004140242423290014,1.7810815475415,-0.9692685535995558,2.8,1.2,NOMINAL
0.9200000000000005,0.01695384002079164,-0.012051666825234187,0.0,1968.8225294681888,-0.0017747053181119555,0.000989145399965283,1.7810826879832933,-0.9692413289857491,2.8,1.2,NOMINAL
0.9400000000000005,0.016713651093196176,-0.012009446379773287,0.0,1968.8513860286537,-0.0014861397134632171,0.0021110222730450125,1.781083708071779,-0.9692134053162029,2.8,1.2,NOMINAL
0.9600000000000005,0.016476003848420538,-0.011882362238781823,0.0,1968.877797883635,-0.0012220211636508793,0.006354207049573204,1.7810845523170857,-0.9691858714948087,2.8,1.2,NOMINAL
0.9800000000000005,0.016238858231156887,-0.011857280863182539,0.0,1968.8869708549018,-0.001130291450981531,0.001254068779964208,1.78108514856538,-0.9691622858814988,2.8,1.2,NOMINAL
1.0000000000000004,0.016002974654658792,-0.011794178824904751,0.0,1968.9026420431417,-0.0009735795685833181,0.0031551019138893904,1.7810857350756701,-0.9691373286656487,2.8,1.2,NOMINAL
1.0200000000000005,0.01576856863446686,-0.011720301009596515,0.0,1968.9159453072866,-0.0008405469271338007,0.003693890765411822,1.7810862300419983,-0.9691129783681136,2.8,1.2,NOMINAL
1.0400000000000005,0.015536167936547881,-0.01162003489594899,0.0,1968.9256009645603,-0.0007439903543968284,0.005013305682376226,1.7810866426376362,-0.9690895737560358,2.8,1.2,NOMINAL
1.0600000000000005,0.01530611963396295,-0.011502415129246569,0.0,1968.9278336574675,-0.0007216634253245502,0.0058809883351210275,1.7810869801428209,-0.9690680527329659,2.8,1.2,NOMINAL
1.0800000000000005,0.01507753957308408,-0.011429003043943493,0.0,1968.9216102171663,-0.0007838978283371034,0.0036706042651537584,1.781087275306899,-0.9690487671445095,2.8,1.2,NOMINAL
1.1000000000000005,0.014849301178519361,-0.011411919728235924,0.0,1968.9174565397666,-0.0008254346023340986,0.000854165785378416,1.7810875993794255,-0.9690294155086915,2.8,1.2,NOMINAL
1.1200000000000006,0.014623645189930283,-0.011282799429453963,0.0,1968.9250364967427,-0.0007496350325732238,0.006456014939098042,1.7810879840004519,-0.9690077568924415,2.8,1.2,NOMINAL
1.1400000000000006,0.014402393736155672,-0.011062572688730492,0.0,1968.920361778358,-0.0007963822164197154,0.01101133703617355,1.7810882871618965,-0.968989060368998,2.8,1.2,NOMINAL
1.1600000000000006,0.014183316411082903,-0.010953866253638462,0.0,1968.8902834448954,-0.0010971655510456913,0.005435321754601539,1.781088505697538,-0.96897646456529,2.8,1.2,NOMINAL
1.1800000000000006,0.013966007753322249,-0.010865432888032704,0.0,1968.8625665816455,-0.0013743341835447608,0.004421668280287932,1.7810888049773574,-0.968964078920757,2.8,1.2,NOMINAL
1.2000000000000006,0.013749413385612055,-0.010829718385509727,0.0,1968.8401172879524,-0.0015988271204764714,0.0017857251261488537,1.7810891983097727,-0.9689512203511617,2.8,1.2,NOMINAL
1.2200000000000006,0.013533608670047076,-0.010790235778248971,0.0,1968.830948642411,-0.0016905135758906909,0.0019741303630377606,1.7810897430020352,-0.9689360638299079,2.8,1.2,NOMINAL
1.2400000000000007,0.013317446984707595,-0.010808084266974022,0.0,1968.8304095786793,-0.0016959042132066316,-0.0008924244362525113,1.7810903795678923,-0.9689194436786353,2.8,1.2,NOMINAL
1.2600000000000007,0.013103011979651967,-0.010721750252781426,0.0,1968.8464325761188,-0.0015356742388121347,0.004316700709629743,1.7810911497398545,-0.9688995321941583,2.8,1.2,NOMINAL
1.2800000000000007,0.012889575785789155,-0.010671809693140624,0.0,1968.8550748256773,-0.001449251743226796,0.002497027982040097,1.7810917937540902,-0.9688812221216097,2.8,1.2,NOMINAL
1.3000000000000007,0.01267860007447574,-0.01054878556567074,0.0,1968.865155122647,-0.0013484487735308903,0.006151206373494237,1.781092410540947,-0.9688627392637152,2.8,1.2,NOMINAL
1.3200000000000007,0.012467728671448802,-0.010543570151346906,0.0,1968.8628492845257,-0.0013715071547426305,0.0002607707161916247,1.7810929018773205,-0.9688469961051622,2.8,1.2,NOMINAL
1.3400000000000007,0.012259410243738353,-0.010415921385522461,0.0,1968.873331172482,-0.001266688275179604,0.0063824382912222154,1.7810934818852104,-0.9688288525145429,2.8,1.2,NOMINAL
1.3600000000000008,0.012051935596437848,-0.010373732365025179,0.0,1968.8704048377808,-0.001295951622191751,0.0021094510248641177,1.781093933856044,-0.9688136221778018,2.8,1.2,NOMINAL
1.3800000000000008,0.011845011246537324,-0.010346217495026228,0.0,1968.8736146699089,-0.0012638533009112507,0.0013757434999475192,1.7810944295542754,-0.9687974126373328,2.8,1.2,NOMINAL
1.4000000000000008,0.011638807515646965,-0.010310186544517937,0.0,1968.8838174453604,-0.0011618255463963579,0.0018015475254145679,1.781094953230681,-0.9687799630762526,2.8,1.2,NOMINAL
1.4200000000000008,0.01143325490030845,-0.010277630766925774,0.0,1968.8973886738988,-0.0010261132610116875,0.0016277888796080958,1.7810954535390462,-0.9687619222723961,2.8,1.2,NOMINAL
1.4400000000000008,0.01122694486979764,-0.010315501525540532,0.0,1968.9139735122844,-0.0008602648771557142,-0.0018935379307379535,1.7810959114190867,-0.968743315246626,2.8,1.2,NOMINAL
1.4600000000000009,0.011022756909328336,-0.010209398023465101,0.0,1968.9455964754497,-0.0005440352455025277,0.005305175103771579,1.7810963603538528,-0.9687216466637361,2.8,1.2,NOMINAL
1.4800000000000009,0.010820881383965532,-0.010093776268140198,0.0,1968.9615113664975,-0.00038488633502538507,0.005781087766245193,1.7810966058343958,-0.9687029461919372,2.8,1.2,NOMINAL
1.5000000000000009,0.010621817274503738,-0.009953205473089706,0.0,1968.964585236323,-0.0003541476367695395,0.007028539752524578,1.7810967558233433,-0.968686866472688,2.8,1.2,NOMINAL
1.520000000000001,0.01042491889015346,-0.009844919217513954,0.0,1968.9539805592808,-0.0004601944071919206,0.005414312778787659,1.781096869151357,-0.9686737476552385,2.8,1.2,NOMINAL
1.540000000000001,0.010230052378415913,-0.009743325586877299,0.0,1968.9395540876872,-0.0006044591231284357,0.0050796815318327,1.7810970046380847,-0.9686617824405421,2.8,1.2,NOMINAL
1.560000000000001,0.010034792668454594,-0.009762985498065936,0.0,1968.9235706768225,-0.0007642932317753548,-0.0009829955594317964,1.7810971731379914,-0.9686505587659483,2.8,1.2,NOMINAL
1.580000000000001,0.009841027887614446,-0.009688239042007432,0.0,1968.9286168891283,-0.0007138311087169313,0.0037373228029252315,1.7810974586696058,-0.9686356615853798,2.8,1.2,NOMINAL
1.600000000000001,0.009647441007652564,-0.009679343998094102,0.0,1968.9311958277035,-0.0006880417229649538,0.0004447521956665087,1.7810977154194414,-0.9686214079960251,2.8,1.2,NOMINAL
1.620000000000001,0.00945494385428644,-0.009624857668306152,0.0,1968.9440614163195,-0.0005593858368047222,0.0027243164893975195,1.781097995897957,-0.9686053605598891,2.8,1.2,NOMINAL
1.640000000000001,0.009265257135492574,-0.009484335939693282,0.0,1968.9558344749569,-0.00044165525043126763,0.007026086430643535,1.7810982213248128,-0.9685895748869305,2.8,1.2,NOMINAL
1.660000000000001,0.00907697088499949,-0.00941431252465421,0.0,1968.9510609608353,-0.0004893903916467935,0.0035011707519536166,1.7810983635751056,-0.968577023320625,2.8,1.2,NOMINAL
1.680000000000001,0.008887410876839629,-0.009478000407993119,0.0,1968.9474562175362,-0.00052543782463772,-0.0031843941669454376,1.781098521634173,-0.9685645372289673,2.8,1.2,NOMINAL
1.700000000000001,0.008698299560788679,-0.009455565802547508,0.0,1968.9691229718617,-0.00030877028138320383,0.0011217302722805302,1.7810987542135037,-0.9685475579388152,2.8,1.2,NOMINAL
1.720000000000001,0.008510176528172674,-0.009406151630800233,0.0,1968.992882475326,-7.117524673958542e-05,0.002470708587363788,1.7810988951562454,-0.9685301095503976,2.8,1.2,NOMINAL
1.740000000000001,0.008323468786517641,-0.009335387082751579,0.0,1969.013199025149,0.00013199025149106093,0.00353822740243271,1.7810989267411494,-0.9685132003289182,2.8,1.2,NOMINAL
1.7600000000000011,0.008139392453799407,-0.009203816635911785,0.0,1969.0271826307805,0.0002718263078054406,0.006578522341989677,1.7810988718627765,-0.9684974173350572,2.8,1.2,NOMINAL
1.7800000000000011,0.00795781664901154,-0.009078790239393321,0.0,1969.0255440455664,0.000255440455664484,0.006251319825923193,1.7810987793981583,-0.9684845678686449,2.8,1.2,NOMINAL
1.8000000000000012,0.007778642704427766,-0.00895869722918872,0.0,1969.0140162975117,0.00014016297511716403,0.006004650510230086,1.7810987058895238,-0.9684737801940697,2.8,1.2,NOMINAL
1.8200000000000012,0.007601189234817982,-0.008872673480489176,0.0,1968.9963275796413,-3.6724203587255035e-05,0.0043011874349772545,1.7810986707666014,-0.9684644745822963,2.8,1.2,NOMINAL
1.8400000000000012,0.0074248412610399776,-0.00881739868890024,0.0,1968.9804335565707,-0.0001956644342931213,0.0027637395794468237,1.7810986799680066,-0.968455267919834,2.8,1.2,NOMINAL
1.8600000000000012,0.007249481154718851,-0.008768005316056352,0.0,1968.971352278614,-0.00028647721386050763,0.002469668642194357,1.7810987339257256,-0.9684452386083444,2.8,1.2,NOMINAL
1.8800000000000012,0.0070758794116941815,-0.008680087151233468,0.0,1968.968092027983,-0.0003190797201705209,0.004395908241144211,1.781098819378827,-0.968434488539049,2.8,1.2,NOMINAL
1.9000000000000012,0.006904494308498599,-0.008569255159779141,0.0,1968.9618318782923,-0.00038168121707712996,0.00554159957271633,1.7810989085128859,-0.9684245021657607,2.8,1.2,NOMINAL
1.9200000000000013,0.006735867753117628,-0.008431327769048537,0.0,1968.9491911067519,-0.0005080889324813142,0.00689636953653016,1.7810990012113583,-0.9684158948041389,2.8,1.2,NOMINAL
1.9400000000000013,0.006568415470773185,-0.00837261411722211,0.0,1968.926997079102,-0.0007300292089803406,0.0029356825913214066,1.7810990971430491,-0.9684092692434264,2.8,1.2,NOMINAL
1.9600000000000013,0.006402261930575928,-0.008307677009862855,0.0,1968.9124602489278,-0.0008753975107219958,0.003246855367962688,1.7810992550405336,-0.9684017679964245,2.8,1.2,NOMINAL
1.9800000000000013,0.0062385392090601,-0.008186136075791378,0.0,1968.9021082990232,-0.0009789170097678835,0.006077046703573846,1.7810994556522832,-0.9683939020360371,2.8,1.2,NOMINAL
2.0000000000000013,0.0060745725083046,-0.008198335037774994,0.0,1968.8842684897297,-0.001157315102702796,-0.0006099480991808136,1.78109963778642,-0.9683875768189187,2.8,1.2,NOMINAL
2.0200000000000014,0.0059122778128656885,-0.0081147347719456,0.0,1968.8855483080865,-0.0011445169191347305,0.004180013291469725,1.7810999517622448,-0.9683784556375977,2.8,1.2,NOMINAL
2.0400000000000014,0.005750019064755201,-0.008112937405524382,0.0,1968.8827437149257,-0.0011725628507429065,8.986832106088524e-05,1.7811002363280641,-0.9683701581048054,2.8,1.2,NOMINAL
2.0600000000000014,0.005590220251754195,-0.00798994065005029,0.0,1968.891989124627,-0.0010801087537311105,0.0061498377737045605,1.7811005927237686,-0.968360097975828,2.8,1.2,NOMINAL
2.0800000000000014,0.0054326522583548415,-0.007878399669967655,0.0,1968.8875228716781,-0.0011247712832187062,0.005577049004131713,1.7811008482191653,-0.9683523145679818,2.8,1.2,NOMINAL
2.1000000000000014,0.0052774794783908025,-0.0077586389982019595,0.0,1968.875409939848,-0.0012459006015205886,0.005988033588284796,1.7811010671106424,-0.9683459661988183,2.8,1.2,NOMINAL
2.1200000000000014,0.0051244907718827485,-0.007649435325402723,0.0,1968.8563094341782,-0.0014369056582177108,0.005460183639961811,1.7811012583703494,-0.9683410095070533,2.8,1.2,NOMINAL
2.1400000000000015,0.0049728646756331445,-0.007581304812480201,0.0,1968.8341081491913,-0.0016589185080874813,0.00340652564612614,1.7811014441883724,-0.9683368826377595,2.8,1.2,NOMINAL
2.1600000000000015,0.004820647966820169,-0.007610835440648763,0.0,1968.8171353536038,-0.0018286464639618316,-0.001476531408428103,1.7811016848740189,-0.9683323098083028,2.8,1.2,NOMINAL
2.1800000000000015,0.004669384284199197,-0.007563184131048609,0.08,1968.8216594643561,-0.0017834053564388342,0.0023825654800076887,1.7811021282247133,-0.9683247550902312,2.8,1.2,NOMINAL
2.2000000000000015,0.004519492066421824,-0.007494610888868654,0.08,1968.8271994155846,-0.0017280058441542679,0.0034286621089977863,1.7811025670002296,-0.9683171415775317,2.8,1.2,NOMINAL
2.2200000000000015,0.004370552430966435,-0.00744698177276945,0.08,1968.8295947128295,-0.001704052871705244,0.0023814558049601586,1.781102963602695,-0.9683100868894827,2.8,1.2,NOMINAL
2.2400000000000015,0.004221983769496721,-0.007428433073485683,0.08,1968.8335677327452,-0.001664322672547769,0.0009274349641883471,1.7811033644123881,-0.9683029107046788,2.8,1.2,NOMINAL
2.2600000000000016,0.0040741021534953185,-0.007394080800070106,0.08,1968.8439502781673,-0.0015604972183268727,0.001717613670778838,1.7811038057091575,-0.9682948784349309,2.8,1.2,NOMINAL
2.2800000000000016,0.003926416032441934,-0.007384306052669206,0.08,1968.6881940669068,-0.0031180593309318282,0.0004887373700449892,1.781104232650091,-0.9682866379936137,2.8,1.2,FINE_TUNING
2.3000000000000016,0.0037775942986112586,-0.007441086691533774,0.08,1968.7065326930488,-0.002934673069512428,-0.002839031943228417,1.781105035449662,-0.9682789251763455,2.8,1.2,FINE_TUNING
2.3200000000000016,0.0036295079178676397,-0.007404319037180954,0.08,1968.7404581786648,-0.002595418213352332,0.0018383827176409945,1.7811060330537078,-0.9682687846238249,2.8,1.2,FINE_TUNING
2.3400000000000016,0.0034821574857738504,-0.007367521604689466,0.08,1968.768937539116,-0.0023106246088400438,0.0018398716245744003,1.7811068638307674,-0.9682592423806288,2.8,1.2,FINE_TUNING
2.3600000000000017,0.0033349636145500734,-0.007359693561188854,0.08,1968.793594384002,-0.002064056159979373,0.00039140217503060633,1.7811075727276215,-0.9682501142792569,2.8,1.2,FINE_TUNING
2.3800000000000017,0.003188849209899698,-0.00730572023251876,0.08,1968.8206834292143,-0.0017931657078565878,0.0026986664335046655,1.781108241861131,-0.9682404964159178,2.8,1.2,FINE_TUNING
2.4000000000000017,0.003044396127047292,-0.007222654142620307,0.08,1968.8413741459185,-0.0015862585408149244,0.004153304494922635,1.781108774988462,-0.968231696261136,2.8,1.2,FINE_TUNING
2.4200000000000017,0.0028994608959693434,-0.007246761553897437,0.08,1968.8524158918724,-0.0014758410812760303,-0.0012053705638564497,1.781109174465868,-0.9682242705429949,2.8,1.2,FINE_TUNING
2.4400000000000017,0.0027566412490122034,-0.007140982347857001,0.08,1968.8755347502529,-0.0012446524974711792,0.005288960302021807,1.7811096380165692,-0.9682150652465025,2.8,1.2,FINE_TUNING
2.4600000000000017,0.002615505293785945,-0.007056797761312917,0.08,1968.8842794720395,-0.0011572052796054778,0.004209229327204161,1.7811099433348292,-0.9682078995657787,2.8,1.2,FINE_TUNING
2.4800000000000018,0.002476039576920126,-0.006973285843290943,0.08,1968.8866491184558,-0.0011335088154419283,0.0041755959010987,1.7811101895373074,-0.9682017259841506,2.8,1.2,FINE_TUNING
2.5000000000000018,0.0023382118018081465,-0.006891388755598963,0.08,1968.884586366261,-0.0011541363373908098,0.004094854384599031,1.7811104027594062,-0.9681963122010515,2.8,1.2,FINE_TUNING
2.520000000000002,0.0022017024442495077,-0.006825467877931946,0.08,1968.8796178825783,-0.00120382117421741,0.003296043883350856,1.781110598798237,-0.9681914688693963,2.8,1.2,FINE_TUNING
2.540000000000002,0.002065767021760688,-0.006796771124440987,0.08,1968.8753493201812,-0.0012465067981884204,0.0014348376745479327,1.7811108023542548,-0.9681866954960996,2.8,1.2,FINE_TUNING
2.560000000000002,0.001929679338001322,-0.0068043841879682964,0.08,1968.878081761578,-0.001219182384220403,-0.000380653176365446,1.7811110525237486,-0.9681810857848501,2.8,1.2,FINE_TUNING
2.580000000000002,0.0017947510162689554,-0.006746416086618324,0.08,1968.8921278643463,-0.0010787213565367892,0.0028984050674986184,1.7811113652757107,-0.9681739743763227,2.8,1.2,FINE_TUNING
2.600000000000002,0.00166064088697152,-0.006705506464871773,0.08,1968.9025841230705,-0.0009741587692951725,0.0020454810873275562,1.781111624122047,-0.9681673586167059,2.8,1.2,FINE_TUNING
2.620000000000002,0.0015265656941478877,-0.006703759641181617,0.08,1968.9134921434286,-0.0008650785657141569,8.734118450781972e-05,1.7811118607126242,-0.9681607052505238,2.8,1.2,FINE_TUNING
2.640000000000002,0.0013950617742671896,-0.006575195994034905,0.08,1968.9316113769003,-0.0006838862309973592,0.006428182357335564,1.7811121032763653,-0.9681530719960835,2.8,1.2,FINE_TUNING
2.660000000000002,0.0012651922575572124,-0.006493475835498863,0.08,1968.9324438385543,-0.0006755616144573651,0.0040860079268021186,1.7811122368387247,-0.9681477792419196,2.8,1.2,FINE_TUNING
2.680000000000002,0.001135777422724157,-0.006470741741652762,0.08,1968.9292756736834,-0.0007072432631662196,0.0011367046923050441,1.7811123533626143,-0.9681431461763979,2.8,1.2,FINE_TUNING
2.700000000000002,0.0010055699431190464,-0.006510373980255528,0.08,1968.9336296991003,-0.000663703008997345,-0.001981611930138293,1.781112499885833,-0.968137636413975,2.8,1.2,FINE_TUNING
2.720000000000002,0.0008754077715778508,-0.006508108577059782,0.08,1968.9542689770153,-0.00045731022984682565,0.00011327015978726193,1.7811126916608244,-0.9681300136494,2.8,1.2,FINE_TUNING
2.740000000000002,0.0007467310975198039,-0.006433833702902343,0.08,1968.9790311400318,-0.00020968859968206743,0.003713743707871954,1.7811128351960828,-0.9681217654124493,2.8,1.2,FINE_TUNING
2.760000000000002,0.0006188500532953824,-0.006394052211221076,0.08,1968.994016117407,-5.98388259300009e-05,0.0019890745840633497,1.7811128916484673,-0.9681147104391085,2.8,1.2,FINE_TUNING
2.780000000000002,0.0004907633101003752,-0.0064043371597503574,0.08,1969.0081688247678,8.168824767835758e-05,-0.000514247426464083,1.7811129076307008,-0.9681077489879324,2.8,1.2,FINE_TUNING
2.800000000000002,0.0003641599534439212,-0.0063301678328227026,0.08,1969.0305579765973,0.0003055797659726522,0.0037084663463827494,1.7811128822305526,-0.9680996900922013,2.8,1.2,FINE_TUNING
2.820000000000002,0.00023866314099888075,-0.006274840622252024,0.08,1969.0438734531626,0.00043873453162632356,0.002766360528533948,1.7811127999866654,-0.968092738813753,2.8,1.2,FINE_TUNING
2.840000000000002,0.00011406667752337688,-0.006229823173775194,0.08,1969.0540859460705,0.0005408594607047235,0.0022508724238415115,1.7811126881461887,-0.9680861936941179,2.8,1.2,FINE_TUNING
2.860000000000002,-1.043414146119595e-05,-0.006225040949228641,0.08,1969.0639006408217,0.0006390064082165736,0.00023911122732761915,1.7811125510322416,-0.9680797284681262,2.8,1.2,FINE_TUNING
2.880000000000002,-0.00013318414047562904,-0.006137499950721655,0.08,1969.080510428152,0.0008051042815191067,0.004377049925349276,1.7811123665723962,-0.9680724172078691,2.8,1.2,FINE_TUNING
2.900000000000002,-0.0002555739625702929,-0.006119491104733192,0.08,1969.0873097569752,0.0008730975697517351,0.0009004422994231495,1.7811121722924648,-0.9680663363257511,2.8,1.2,FINE_TUNING
2.920000000000002,-0.0003766910607729926,-0.006055854910134986,0.08,1969.0994131345121,0.0009941313451213318,0.0031818097299103165,1.7811119383684844,-0.9680596369870185,2.8,1.2,FINE_TUNING
2.940000000000002,-0.000495137121311161,-0.005922303026908418,0.08,1969.1071928542942,0.0010719285429422597,0.006677594161328423,1.7811116926821475,-0.9680534964774687,2.8,1.2,FINE_TUNING
2.960000000000002,-0.0006108858519953476,-0.0057874365342093295,0.08,1969.0995441474315,0.0009954414743151574,0.006743324634954391,1.7811115122048795,-0.9680493446083599,2.8,1.2,FINE_TUNING
2.980000000000002,-0.0007254192389328541,-0.005726669346875327,0.08,1969.0806818599083,0.0008068185990828169,0.003038359366700107,1.781111406469688,-0.9680467561987409,2.8,1.2,FINE_TUNING
3.000000000000002,-0.0008417624254333061,-0.005817159325022601,0.08,1969.0668640976842,0.0006686409768417434,-0.004524498907363692,1.7811113068705953,-0.9680437931213384,2.8,1.2,FINE_TUNING
3.0200000000000022,-0.0009559903109357225,-0.005711394275120819,0.08,1969.0832162996192,0.0008321629961915278,0.005288252495089131,1.7811111260607617,-0.9680373913351065,2.8,1.2,FINE_TUNING
3.0400000000000023,-0.0010697908796090687,-0.005690028433667311,0.08,1969.08624703623,0.0008624703622990637,0.0010682920726754106,1.781110955309542,-0.9680325586249532,2.8,1.2,FINE_TUNING
3.0600000000000023,-0.0011835932123352736,-0.005690116636310245,0.08,1969.0947138275005,0.0009471382750052726,-4.41013214672048e-06,1.781110755733497,-0.968027157654867,2.8,1.2,FINE_TUNING
3.0800000000000023,-0.0012951900886979217,-0.005579843818132401,0.08,1969.1107805566367,0.001107805566366551,0.005513640908892182,1.7811104996472318,-0.9680208939785406,2.8,1.2,FINE_TUNING
3.1000000000000023,-0.0014071807674255095,-0.005599533936379394,0.08,1969.112732393321,0.0011273239332103913,-0.0009845059123496005,1.7811102769243097,-0.9680162609026314,2.8,1.2,FINE_TUNING
3.1200000000000023,-0.001516931300576588,-0.0054875266575539275,0.08,1969.1275984406996,0.001275984406995576,0.0056003639412732995,1.7811099780938888,-0.9680102099362733,2.8,1.2,FINE_TUNING
3.1400000000000023,-0.001624264501519983,-0.005366660047169747,0.08,1969.128336322503,0.0012833632250294612,0.00604333051920902,1.7811097288658944,-0.9680057764492657,2.8,1.2,FINE_TUNING
3.1600000000000024,-0.0017296530784326586,-0.005269428845633784,0.08,1969.117472481518,0.0011747248151800704,0.0048615600767981295,1.7811095569159328,-0.9680027653139148,2.8,1.2,FINE_TUNING
3.1800000000000024,-0.0018334753557600844,-0.005191113866371286,0.08,1969.102494887566,0.0010249488756608116,0.003915748963124904,1.7811094310176732,-0.9680003891163783,2.8,1.2,FINE_TUNING
3.2000000000000024,-0.0019361335846402542,-0.005132911444008497,0.08,1969.0878517183814,0.0008785171838144378,0.0029101211181394517,1.7811093267135276,-0.9679981662075037,2.8,1.2,FINE_TUNING
3.2200000000000024,-0.002038059554888495,-0.00509629851241204,0.08,1969.0768995188353,0.0007689951883526192,0.0018306465798228774,1.7811092269090978,-0.9679957214399927,2.8,1.2,FINE_TUNING
3.2400000000000024,-0.0021398788243167607,-0.0050909634714132864,0.08,1969.0722824160703,0.0007228241607026575,0.00026675204993768624,1.781109119155649,-0.9679927475738824,2.8,1.2,FINE_TUNING
3.2600000000000025,-0.0022381172871837047,-0.004911923143347211,0.08,1969.0775979058767,0.0007759790587670068,0.00895201640330376,1.7811089839798169,-0.9679888256046869,2.8,1.2,FINE_TUNING
3.2800000000000025,-0.0023357026671385044,-0.004879268997739991,0.08,1969.0592367930192,0.0005923679301918128,0.0016327072803609885,1.781108933007473,-0.967987459989414,2.8,1.2,FINE_TUNING
3.3000000000000025,-0.002433162374843053,-0.004872985385227429,0.08,1969.0498729680191,0.0004987296801914453,0.0003141806256281147,1.7811088717029298,-0.9679853439214073,2.8,1.2,FINE_TUNING
3.3200000000000025,-0.002529660027775229,-0.004824882646608813,0.08,1969.051444152159,0.0005144415215909248,0.00240513693093076,1.781108794874136,-0.9679822370638367,2.8,1.2,FINE_TUNING
3.3400000000000025,-0.0026245242675314,-0.004743211987808529,0.08,1969.053315805468,0.0005331580546794612,0.004083532940014189,1.7811087157203238,-0.9679791651509074,2.8,1.2,FINE_TUNING
3.3600000000000025,-0.0027173435057528963,-0.004640961911074829,0.08,1969.049428418688,0.0004942841868796677,0.005112503836685003,1.781108650200265,-0.9679767361611916,2.8,1.2,FINE_TUNING
3.3800000000000026,-0.0028094373170126597,-0.0046046905629881845,0.08,1969.0377749800134,0.0003777498001340973,0.0018135674043322438,1.7811086107187268,-0.9679751763636363,2.8,1.2,FINE_TUNING
3.4000000000000026,-0.0029007997418777818,-0.004568121243256106,0.08,1969.0321927073635,0.00032192707363492445,0.0018284659866039314,1.7811085710628838,-0.9679731567188068,2.8,1.2,FINE_TUNING
3.4200000000000026,-0.0029920542859485557,-0.004562727203538693,0.08,1969.0307816948139,0.0003078169481386794,0.0002697019858706744,1.781108531678725,-0.9679708331870636,2.8,1.2,FINE_TUNING
3.4400000000000026,-0.003082624666172841,-0.0045285190112142526,0.08,1969.0377664323953,0.00037766432395301306,0.0017104096162220287,1.7811084816345089,-0.9679677805329238,2.8,1.2,FINE_TUNING
3.4600000000000026,-0.0031713593456063325,-0.004436733971674578,0.08,1969.0455687112885,0.00045568711288524355,0.004589251976983743,1.7811084186219472,-0.9679646740103319,2.8,1.2,FINE_TUNING
3.4800000000000026,-0.00325920950341076,-0.004392507890221367,0.08,1969.0437575733777,0.00043757573377661174,0.0022113040726605645,1.7811083647597221,-0.9679624911594672,2.8,1.2,FINE_TUNING
3.5000000000000027,-0.003346488758408638,-0.004363962749893894,0.08,1969.0434895064077,0.00043489506407695444,0.001427257016373637,1.781108310759715,-0.9679602388192151,2.8,1.2,FINE_TUNING
3.5200000000000027,-0.0034326475420815776,-0.00430793918364699,0.08,1969.047028181157,0.0004702818115697482,0.0028011783123452,1.781108249586741,-0.9679577003148216,2.8,1.2,FINE_TUNING
3.5400000000000027,-0.0035186417867972145,-0.004299712235781835,0.08,1969.0483668089646,0.0004836680896460166,0.0004113473932577708,1.7811081891523364,-0.9679554039511139,2.8,1.2,FINE_TUNING
3.5600000000000027,-0.00360581080238873,-0.004358450779575779,0.08,1969.0565398195588,0.0005653981955879316,-0.0029369271896972013,1.7811081109262394,-0.9679525447594597,2.8,1.2,FINE_TUNING
3.5800000000000027,-0.0036923600379246114,-0.004327461776794064,0.08,1969.0813362117567,0.0008133621175670668,0.001549450139085704,1.7811079712427083,-0.9679482128210896,2.8,1.2,FINE_TUNING
3.6000000000000028,-0.0037807015839606472,-0.004417077301801795,0.08,1969.1020657246133,0.0010206572461333963,-0.004480776250386532,1.7811077824284522,-0.9679441493794346,2.8,1.2,FINE_TUNING
3.6200000000000028,-0.0038679159130975216,-0.00436071645684371,0.08,1969.1412167316757,0.0014121673167574046,0.002818042247904243,1.7811074449928395,-0.9679383816500935,2.8,1.2,FINE_TUNING
3.640000000000003,-0.003953214748435797,-0.004264941766913775,0.08,1969.167684416814,0.0016768441681392688,0.004788734496496758,1.7811070548150372,-0.9679335429584774,2.8,1.2,FINE_TUNING
3.660000000000003,-0.004035989545149705,-0.004138739835695427,0.08,1969.1782548584715,0.0017825485847151868,0.006310096560917437,1.7811067168042405,-0.9679300170581953,2.8,1.2,FINE_TUNING
3.680000000000003,-0.004116747039612536,-0.004037874723141525,0.08,1969.1721965139664,0.0017219651396635526,0.005043255627695089,1.781106506300571,-0.9679279667405531,2.8,1.2,FINE_TUNING
3.700000000000003,-0.004196059466725532,-0.003965621355649807,0.08,1969.1587871013385,0.0015878710133847562,0.003612668374585888,1.781106374292057,-0.9679266542967887,2.8,1.2,FINE_TUNING
3.720000000000003,-0.004275063685668,-0.003950210947123405,0.08,1969.1451415052397,0.0014514150523973512,0.0007705204263201092,1.7811062644044144,-0.9679254896262448,2.8,1.2,FINE_TUNING
3.740000000000003,-0.004353853233075299,-0.003939477370364958,0.08,1969.1412713716281,0.0014127137162813596,0.0005366788379223626,1.78110610076277,-0.9679236248763299,2.8,1.2,FINE_TUNING
3.760000000000003,-0.00443152361364415,-0.0038835190284425584,0.08,1969.1450740721136,0.0014507407211362987,0.0027979170961199653,1.781105890714865,-0.9679211986812899,2.8,1.2,FINE_TUNING
3.780000000000003,-0.004508733713906585,-0.0038605050131217586,0.08,1969.146277730509,0.0014627773050892756,0.0011507007660399825,1.7811056953138023,-0.9679190234517666,2.8,1.2,FINE_TUNING
3.800000000000003,-0.004585560923766034,-0.003841360492972464,0.08,1969.1514117572694,0.001514117572694431,0.0009572260074647322,1.7811054712449883,-0.967916577910704,2.8,1.2,FINE_TUNING
3.820000000000003,-0.004660962266163764,-0.003770067119886508,0.08,1969.159970881029,0.0015997088102903945,0.0035646686542977995,1.7811052133132415,-0.967913884968433,2.8,1.2,FINE_TUNING
3.840000000000003,-0.004735838040461924,-0.003743788714907998,0.08,1969.1617202893121,0.00161720289312143,0.0013139202489255088,1.7811049950656375,-0.9679117463859149,2.8,1.2,FINE_TUNING
3.860000000000003,-0.00481113549353796,-0.003764872653801785,0.08,1969.1665560887513,0.001665560887513493,-0.001054196944689353,1.7811047511551323,-0.9679094091158628,2.8,1.2,FINE_TUNING
3.880000000000003,-0.004885182062714044,-0.0037023284588041955,0.08,1969.1818964704607,0.0018189647046074242,0.0031272097498794894,1.7811044113301762,-0.9679062792234668,2.8,1.2,FINE_TUNING
3.900000000000003,-0.004958682784162895,-0.003675036072442562,0.08,1969.189894527565,0.0018989452756500214,0.0013646193180816878,1.781104102885445,-0.9679036922262969,2.8,1.2,FINE_TUNING
3.920000000000003,-0.005030133607720731,-0.003572541177891827,0.08,1969.198897290946,0.0019889729094597895,0.00512474472753675,1.7811037698954288,-0.9679010404958481,2.8,1.2,FINE_TUNING
3.940000000000003,-0.005098791828780654,-0.0034329110529960996,0.08,1969.1953117592805,0.0019531175928045742,0.006981506244786374,1.7811035468215082,-0.9678993586731319,2.8,1.2,FINE_TUNING
3.960000000000003,-0.0051653027407752425,-0.0033255455997294645,0.08,1969.1762128396463,0.0017621283964626856,0.0053682726633317475,1.7811034880981818,-0.9678989141741396,2.8,1.2,FINE_TUNING
3.980000000000003,-0.005230120519238316,-0.003240888923153682,0.08,1969.1517380242776,0.0015173802427761985,0.004232833828789138,1.78110349730013,-0.967898989728075,2.8,1.2,FINE_TUNING
4.000000000000003,-0.005292442379705713,-0.0031160930233698437,0.08,1969.127351091026,0.0012735109102595744,0.0062397949891919175,1.7811035190344937,-0.9678991919545786,2.8,1.2,FINE_TUNING
4.020000000000002,-0.005354780775750363,-0.003116919802232541,0.08,1969.095821716168,0.00095821716168075,-4.133894313486158e-05,1.7811035957419223,-0.9679000214808596,2.8,1.2,FINE_TUNING
4.040000000000002,-0.005416798174088149,-0.0031008699168892893,0.08,1969.0812771924232,0.0008127719242315834,0.0008024942671625876,1.7811035817003247,-0.9678998254167219,2.8,1.2,FINE_TUNING
4.060000000000001,-0.005477761039146744,-0.0030481432529297905,0.08,1969.0756689544248,0.0007566895442482747,0.002636333197974943,1.7811035378832512,-0.9678991188594326,2.8,1.2,FINE_TUNING
4.080000000000001,-0.0055382862288824615,-0.003026259486785867,0.08,1969.069839250643,0.0006983925064309915,0.0010941883071961607,1.7811035005608205,-0.9678984828207072,2.8,1.2,FINE_TUNING
4.1000000000000005,-0.005597839361073594,-0.002977656609556641,0.08,1969.0692323011635,0.0006923230116353807,0.0024301438614613077,1.7811034499668494,-0.9678975639130437,2.8,1.2,FINE_TUNING
4.12,-0.005656959618235444,-0.002956012858092512,0.08,1969.0675514673935,0.0006755146739351403,0.0010821875732064355,1.781103404877851,-0.967896749130694,2.8,1.2,FINE_TUNING
4.14,-0.005715524346192272,-0.0029282363978413895,0.08,1969.0698176712851,0.0006981767128513639,0.0013888230125561297,1.781103348751678,-0.9678957246204547,2.8,1.2,FINE_TUNING
4.159999999999999,-0.005773685202339509,-0.0029080428073618063,0.08,1969.0737504743033,0.0007375047430332415,0.001009679523979153,1.7811032854400892,-0.9678946202430506,2.8,1.2,FINE_TUNING
4.179999999999999,-0.005830244742029769,-0.0028279769845130378,0.08,1969.0801637723246,0.0008016377232456761,0.004003291142438429,1.7811032095027943,-0.9678933806507566,2.8,1.2,FINE_TUNING
4.199999999999998,-0.005886157761653446,-0.0027956509811838583,0.08,1969.07773384107,0.0007773384107008497,0.0016163001664589716,1.7811031627634206,-0.9678926858366913,2.8,1.2,FINE_TUNING
4.219999999999998,-0.005942555401506513,-0.0028198819926533573,0.08,1969.0774254798332,0.0007742547983320947,-0.0012115505734749486,1.781103110864404,-0.9678919023215635,2.8,1.2,FINE_TUNING
4.2399999999999975,-0.005998193783310892,-0.002781919090218934,0.08,1969.0885515279788,0.0008855152797877964,0.0018981451217211446,1.781103015323477,-0.967890474668181,2.8,1.2,FINE_TUNING
4.259999999999997,-0.006053528515875889,-0.0027667366282498594,0.08,1969.0967673969096,0.0009676739690962677,0.0007591230984537317,1.7811029174585549,-0.9678892056447785,2.8,1.2,FINE_TUNING
4.279999999999997,-0.0061064626941105685,-0.0026467089117339754,0.08,1969.1069239590722,0.0010692395907221908,0.006001385825794205,1.7811027999279236,-0.9678878239403345,2.8,1.2,FINE_TUNING
4.299999999999996,-0.006158130226196678,-0.0025833766043054634,0.08,1969.0999288692637,0.0009992886926374922,0.0031666153714256127,1.7811027617923512,-0.9678874215076264,2.8,1.2,FINE_TUNING
4.319999999999996,-0.006207675580544837,-0.002477267717407971,0.08,1969.090750579997,0.0009075057999689307,0.005305444344874616,1.7811027410280464,-0.9678871913918274,2.8,1.2,FINE_TUNING
4.339999999999995,-0.006256360634084971,-0.0024342526770067133,0.08,1969.0724058335948,0.000724058335947575,0.0021507520200628864,1.7811027686053487,-0.9678875211665005,2.8,1.2,FINE_TUNING
4.359999999999995,-0.006303446149762258,-0.0023542757838643353,0.08,1969.0586193105942,0.0005861931059416747,0.003998844657118892,1.7811027790706493,-0.9678876739303974,2.8,1.2,FINE_TUNING
4.379999999999995,-0.006349180613322925,-0.002286723178033361,0.08,1969.0414451587073,0.00041445158707347217,0.003377630291548716,1.781102801092307,-0.96788806160746,2.8,1.2,FINE_TUNING
4.399999999999994,-0.006393862580358421,-0.002234098351774839,0.08,1969.0239745506274,0.0002397455062737208,0.0026312413129261046,1.781102820143916,-0.967888523533856,2.8,1.2,FINE_TUNING
4.419999999999994,-0.006439868316478038,-0.0023002868059808293,0.08,1969.0088338575686,8.833857568561143e-05,-0.0033094227102995,1.7811028299846332,-0.9678889248964959,2.8,1.2,FINE_TUNING
4.439999999999993,-0.006485213376620026,-0.002267253007099415,0.08,1969.0162230099202,0.00016223009920167896,0.0016516899440706992,1.7811028240097622,-0.9678882806168854,2.8,1.2,FINE_TUNING
4.459999999999993,-0.006528715559290814,-0.0021751091335393893,0.08,1969.0220005907952,0.00022000590795187236,0.004607193678001289,1.7811028142155305,-0.9678877114056778,2.8,1.2,FINE_TUNING
4.479999999999992,-0.0065717644439259445,-0.0021524442317565253,0.08,1969.0161781177083,0.00016178117708250282,0.0011332450891432106,1.781102813847008,-0.9678876957932518,2.8,1.2,FINE_TUNING
4.499999999999992,-0.006613215675201269,-0.0020725615637661823,0.08,1969.014358830643,0.00014358830643004694,0.003994133399517154,1.7811028107931282,-0.9678875233648371,2.8,1.2,FINE_TUNING
4.519999999999992,-0.00665477501988111,-0.0020779672339920575,0.08,1969.0052206174937,5.220617493705504e-05,-0.00027028351129375393,1.781102813718071,-0.967887706231127,2.8,1.2,FINE_TUNING
4.539999999999991,-0.00669626498279218,-0.0020744981455534904,0.08,1969.0058929456593,5.892945659297766e-05,0.0001734544219283476,1.7811028123908104,-0.9678874832412523,2.8,1.2,FINE_TUNING
4.559999999999991,-0.006736663157304898,-0.0020199087256358977,0.08,1969.0118916348101,0.00011891634810126561,0.0027294709958796412,1.7811028093574426,-0.9678870388467886,2.8,1.2,FINE_TUNING
4.57999999999999,-0.006778077539352044,-0.0020707191023573417,0.08,1969.0126059942434,0.0001260599424335851,-0.002540518836072211,1.781102806370446,-0.9678868245185163,2.8,1.2,FINE_TUNING
4.59999999999999,-0.006817342042687368,-0.001963225166766201,0.08,1969.0281476451173,0.0002814764511731482,0.005374696779557028,1.7811027938089528,-0.9678859878049016,2.8,1.2,FINE_TUNING
4.6199999999999894,-0.006856431392148351,-0.001954467473049146,0.08,1969.0262295731627,0.0002622957316270913,0.0004378846858527477,1.7811027897988165,-0.967885868664578,2.8,1.2,FINE_TUNING
4.639999999999989,-0.006893743968265424,-0.0018656288058536974,0.08,1969.0293491628386,0.0002934916283857092,0.004441933359772424,1.7811027798217158,-0.9678855563874499,2.8,1.2,FINE_TUNING
4.659999999999989,-0.0069312405258458295,-0.0018748278790202573,0.08,1969.0218606475714,0.00021860647571429582,-0.0004599536583279973,1.7811027846180012,-0.9678856886305762,2.8,1.2,FINE_TUNING
4.679999999999988,-0.006967559429434883,-0.001815945179452706,0.08,1969.0241137013834,0.00024113701383384977,0.0029441349783775697,1.781102778126657,-0.9678854539496603,2.8,1.2,FINE_TUNING
4.699999999999988,-0.007003891547805755,-0.0018166059185435507,0.08,1969.0211993294483,0.00021199329448336356,-3.303695454223276e-05,1.7811027774493788,-0.9678854320922555,2.8,1.2,FINE_TUNING
4.719999999999987,-0.007041341626671405,-0.0018725039432825096,0.08,1969.0250912441616,0.0002509124416155828,-0.0027949012369479463,1.781102769954968,-0.9678851624763272,2.8,1.2,FINE_TUNING
4.739999999999987,-0.0070787003523514035,-0.001867936283999911,0.08,1969.043512568616,0.00043512568616051796,0.00022838296412992743,1.7811027424945158,-0.9678843396297871,2.8,1.2,FINE_TUNING
4.7599999999999865,-0.0071155757173858945,-0.0018437682517245448,0.08,1969.0615418914265,0.0006154189142648647,0.0012084016137683057,1.7811026937369836,-0.9678834981071044,2.8,1.2,FINE_TUNING
4.779999999999986,-0.007151312581381212,-0.0017868431997659078,0.08,1969.0758440071268,0.0007584400712676143,0.002846252597931854,1.781102633712857,-0.9678827667491421,2.8,1.2,FINE_TUNING
4.799999999999986,-0.007187163092563142,-0.0017925255590964773,0.08,1969.0817284180634,0.0008172841806344877,-0.0002841179665284809,1.7811025897866242,-0.9678823346060136,2.8,1.2,FINE_TUNING
4.819999999999985,-0.007221766433385643,-0.0017301670411250375,0.08,1969.0926878426405,0.0009268784264054374,0.0031179258985719917,1.7811025207777427,-0.9678817125390538,2.8,1.2,FINE_TUNING
4.839999999999985,-0.007255900423933972,-0.0017066995274164951,0.08,1969.0952138294813,0.0009521382948128121,0.0011733756854271217,1.7811024802817834,-0.9678813932429511,2.8,1.2,FINE_TUNING
4.859999999999984,-0.007291273085817071,-0.0017686330941549416,0.08,1969.0986080171765,0.0009860801717650248,-0.0030966783369223267,1.781102434856042,-0.9678810501245554,2.8,1.2,FINE_TUNING
4.879999999999984,-0.007324822836928519,-0.0016774875555723781,0.08,1969.1176570252528,0.0011765702525281085,0.004557276929128176,1.7811023092208969,-0.967880147771821,2.8,1.2,FINE_TUNING
4.8999999999999835,-0.007356457242216022,-0.0015817202643751535,0.08,1969.1207644810354,0.0012076448103539405,0.004788364559861233,1.7811022492623132,-0.9678797869713703,2.8,1.2,FINE_TUNING
4.919999999999983,-0.007387669128331412,-0.0015605943057695048,0.08,1969.1117546732594,0.001117546732593837,0.0010562979302824373,1.7811022625862256,-0.967879863860033,2.8,1.2,FINE_TUNING
4.939999999999983,-0.007418312651862836,-0.0015321761765712044,0.08,1969.1072863824618,0.001072863824617798,0.0014209064599150188,1.7811022535428673,-0.9678798090247257,2.8,1.2,FINE_TUNING
4.959999999999982,-0.007448741192324974,-0.0015214270231068594,0.08,1969.1046861734371,0.001046861734371305,0.0005374576732172474,1.7811022374070755,-0.9678797095181341,2.8,1.2,FINE_TUNING
4.979999999999982,-0.007478043907297568,-0.0014651357486297264,0.08,1969.1064757715299,0.0010647577152985831,0.002814563723856652,1.7811022002944685,-0.9678794801508881,2.8,1.2,FINE_TUNING
4.999999999999981,-0.007507215047343124,-0.0014585570022777686,0.08,1969.1032933060683,0.001032933060682808,0.0003289373175978884,1.7811021901489643,-0.9678794196007464,2.8,1.2,FINE_TUNING
5.019999999999981,-0.007534824957724952,-0.001380495519091447,0.08,1969.1053203507527,0.0010532035075266322,0.0039030741593160845,1.7811021550724797,-0.9678792088421033,2.8,1.2,FINE_TUNING
5.0399999999999805,-0.007561894892741054,-0.0013534967508051264,0.08,1969.0983770739947,0.0009837707399469764,0.0013499384143160248,1.7811021679778591,-0.9678792835240286,2.8,1.2,FINE_TUNING
5.05999999999998,-0.0075896028702460636,-0.001385398875250485,0.08,1969.0940450427581,0.0009404504275812542,-0.0015951062222679276,1.7811021701806873,-0.967879296786467,2.8,1.2,FINE_TUNING
5.07999999999998,-0.007615923050086862,-0.0013160089920399266,0.08,1969.101901741735,0.0010190174173499145,0.0034694941605279274,1.7811021161495568,-0.967878965271915,2.8,1.2,FINE_TUNING
5.099999999999979,-0.007641089369480403,-0.0012583159696770753,0.08,1969.1004771358932,0.0010047713589324302,0.002884651118142568,1.7811021043914785,-0.9678788994825875,2.8,1.2,FINE_TUNING
5.119999999999979,-0.007667457430427025,-0.0013184030473310853,0.08,1969.094512068529,0.0009451206852895667,-0.0030043538827005077,1.781102117586763,-0.967878972636125,2.8,1.2,FINE_TUNING
5.139999999999978,-0.007692930258064175,-0.0012736413818575185,0.08,1969.1060689630008,0.0010606896300078006,0.0022380832736783366,1.7811020483403823,-0.9678785763163382,2.8,1.2,FINE_TUNING
5.159999999999978,-0.007717115061899235,-0.0012092401917529923,0.08,1969.1114975906014,0.001114975906014024,0.0032200595052263156,1.7811020009983871,-0.9678783367007018,2.8,1.2,FINE_TUNING
5.1799999999999775,-0.007740688304821196,-0.0011786621460980714,0.08,1969.1091035084594,0.001091035084593841,0.0015289022827460483,1.7811019949518359,-0.9678783080326298,2.8,1.2,FINE_TUNING
5.199999999999977,-0.007764050411069969,-0.0011681053124386227,0.08,1969.107103081075,0.0010710308107491073,0.0005278416829724325,1.7811019887985036,-0.9678782789784657,2.8,1.2,FINE_TUNING
5.219999999999977,-0.007785486920502918,-0.001071825471647477,0.08,1969.108869103484,0.0010886910348403944,0.004813992039557288,1.7811019639598384,-0.9678781625469252,2.8,1.2,FINE_TUNING
5.239999999999976,-0.007806953304085796,-0.0010733191791438739,0.08,1969.0981321169152,0.00098132116915167,-7.468537481985257e-05,1.78110200860849,-0.9678783641608169,2.8,1.2,FINE_TUNING
5.259999999999976,-0.007826055709285617,-0.000955120259991008,0.08,1969.0957447488058,0.0009574474880582784,0.005909945957643299,1.781102011388739,-0.9678783775544233,2.8,1.2,FINE_TUNING
5.279999999999975,-0.007845360235550734,-0.0009652263132558898,0.08,1969.0780865670135,0.0007808656701354266,-0.0005053026632440901,1.781102090316549,-0.9678787565262498,2.8,1.2,FINE_TUNING
5.299999999999975,-0.007863230408546905,-0.0008935086498085118,0.08,1969.0721912156866,0.0007219121568664377,0.0035858831723688976,1.7811021129720475,-0.9678788831453501,2.8,1.2,FINE_TUNING
5.3199999999999745,-0.0078788694118161,-0.0007819501634597855,0.08,1969.0601122384355,0.0006011223843552216,0.005577924317436315,1.7811021587092515,-0.9678791500748418,2.8,1.2,FINE_TUNING
5.339999999999974,-0.007895491407838077,-0.0008310998010988293,0.08,1969.0365571977843,0.00036557197784304663,-0.002457481881952187,1.7811022348269787,-0.9678796592943804,2.8,1.2,FINE_TUNING
5.359999999999974,-0.007911343527673958,-0.0007926059917940304,0.08,1969.033150641319,0.00033150641319025455,0.001924690465239942,1.78110224661873,-0.9678797803610754,2.8,1.2,FINE_TUNING
5.379999999999973,-0.007927652599405994,-0.0008154535866017978,0.08,1969.028468761398,0.00028468761398016797,-0.0011423797403883663,1.7811022601190447,-0.967879927972493,2.8,1.2,FINE_TUNING
5.399999999999973,-0.007942868097491384,-0.0007607749042695047,0.08,1969.03366179282,0.0003366179282011217,0.0027339341166146536,1.7811022580491467,-0.9678799026091899,2.8,1.2,FINE_TUNING
5.419999999999972,-0.007956372163519252,-0.0006752033013933696,0.08,1969.0321287476445,0.0003212874764449225,0.004278580143806758,1.781102266883825,-0.967879992379535,2.8,1.2,FINE_TUNING
5.439999999999972,-0.007967894169409096,-0.0005761002944922312,0.08,1969.020347315229,0.00020347315228946172,0.004955150345056917,1.7811022925366158,-0.9678802564406108,2.8,1.2,FINE_TUNING
5.4599999999999715,-0.00797829801333951,-0.0005201921965207221,0.08,1968.9988629191778,-1.137080822218195e-05,0.0027954048985754593,1.7811023197801459,-0.9678806748949289,2.8,1.2,FINE_TUNING
5.479999999999971,-0.007989047002507134,-0.0005374494583811935,0.08,1968.97804603303,-0.0002195396696993157,-0.000862863093023572,1.7811023182096741,-0.9678810725303886,2.8,1.2,FINE_TUNING
5.499999999999971,-0.007999119211273564,-0.0005036104383214565,0.08,1968.970519207101,-0.0002948079289899397,0.001691951002986851,1.781102301142996,-0.9678812777251333,2.8,1.2,FINE_TUNING
5.51999999999997,-0.008006642281384927,-0.00037615350556817766,0.08,1968.9633102559828,-0.0003668974401716696,0.006372846637663946,1.7811022777708654,-0.9678814753384648,2.8,1.2,FINE_TUNING
5.53999999999997,-0.008012971653200906,-0.0003164685907988873,0.08,1968.9717724618533,-0.00028227538146666123,0.002984245738464519,1.7811022169680046,-0.9678818646469702,2.8,1.2,FINE_TUNING
5.559999999999969,-0.008017103288911365,-0.00020658178552291912,0.08,1968.9805588569918,-0.00019441143008180005,0.005494340263798407,1.7811022169680046,-0.9678818646469702,2.8,1.2,FINE_TUNING
5.579999999999969,-0.00802012400504079,-0.00015103580647133288,0.08,1968.9806107000238,-0.00019389299976182883,0.002777298952579312,1.7811022169680046,-0.9678818646469702,2.8,1.2,FINE_TUNING
5.599999999999969,-0.008024368467529368,-0.00021222312442882764,0.08,1968.9839544971878,-0.00016045502812175983,-0.0030593658978747373,1.7811022169680046,-0.9678818646469702,2.8,1.2,FINE_TUNING
5.619999999999968,-0.008028784863782007,-0.0002208198126318826,0.08,1969.0101217260499,0.00010121726049874268,-0.00042983441015274773,1.7811022169680046,-0.9678818646469702,2.8,1.2,FINE_TUNING
5.639999999999968,-0.008032234263923639,-0.00017247000708162395,0.08,1969.0430946174,0.00043094617399901835,0.0024174902775129323,1.7811022169680046,-0.9678818646469702,2.8,1.2,FINE_TUNING
5.659999999999967,-0.008036243566939459,-0.00020046515079099654,0.08,1969.0707978947007,0.0007079789470071774,-0.0013997571854686287,1.7811022169680046,-0.9678818646469702,2.8,1.2,FINE_TUNING
5.679999999999967,-0.008039005976431108,-0.00013812047458243497,0.08,1969.1082130231707,0.0010821302317071968,0.0031172338104280784,1.7811022169680046,-0.9678818646469702,2.8,1.2,FINE_TUNING
5.699999999999966,-0.008043018609459987,-0.00020063165144390113,0.08,1969.1365300741375,0.00136530074137454,-0.003125558843073308,1.7811022169680046,-0.9678818646469702,2.8,1.2,FINE_TUNING
5.719999999999966,-0.00804621487521928,-0.0001598132879646593,0.08,1969.1804193111616,0.0018041931116158593,0.0020409181739620905,1.7811022169680046,-0.9678818646469702,2.8,1.2,FINE_TUNING
5.739999999999966,-0.008047768116239234,-7.766205099771116e-05,0.08,1969.2170805532637,0.0021708055326371324,0.004107561848347407,1.7811022169680046,-0.9678818646469702,2.8,1.2,FINE_TUNING
5.759999999999965,-0.008050027104669566,-0.00011294942151661726,0.08,1969.2413155725878,0.002413155725878369,-0.0017643685259453052,1.7811022169680046,-0.9678818646469702,2.8,1.2,FINE_TUNING
5.779999999999965,-0.008050409303880549,-1.9109960549190314e-05,0.08,1969.2774459974532,0.0027744599745324196,0.004691973048371347,1.7811022169680046,-0.9678818646469702,2.8,1.2,FINE_TUNING
5.799999999999964,-0.008048474515297476,9.673942915361009e-05,0.08,1969.299167830568,0.00299167830567967,0.00579246948514002,1.7811022169680046,-0.9678818646469702,2.8,1.2,FINE_TUNING
5.819999999999964,-0.008044175775848605,0.0002149369724436069,0.08,1969.306750014601,0.0030675001460099337,0.00590987716449984,1.7811022169680046,-0.9678818646469702,2.8,1.2,FINE_TUNING
5.839999999999963,-0.008040119700146349,0.0002028037851127956,0.08,1969.3038098099032,0.0030380980990321405,-0.000606659366540566,1.7811022169680046,-0.9678818646469702,2.8,1.2,FINE_TUNING
5.859999999999963,-0.008036028772400323,0.00020454638730132694,0.08,1969.316300579684,0.0031630057968391155,8.713010942656757e-05,1.7811022169680046,-0.9678818646469702,2.8,1.2,FINE_TUNING
5.879999999999963,-0.008029234879639828,0.0003396946380247496,0.08,1969.3371579821433,0.003371579821432533,0.006757412536171133,1.7811022169680046,-0.9678818646469702,2.8,1.2,FINE_TUNING
5.899999999999962,-0.008019744594556327,0.0004745142541750935,0.08,1969.3403048407629,0.0034030484076288305,0.006740980807517194,1.7811022169680046,-0.9678818646469702,2.8,1.2,FINE_TUNING
5.919999999999962,-0.008009818133328553,0.0004963230613886809,0.08,1969.3308601738943,0.003308601738942798,0.0010904403606793716,1.7811022169680046,-0.9678818646469702,2.8,1.2,FINE_TUNING
5.939999999999961,-0.007999723811792203,0.0005047160768174704,0.08,1969.3323016885029,0.0033230168850286648,0.00041965077143946844,1.7811022169680046,-0.9678818646469702,2.8,1.2,FINE_TUNING
5.959999999999961,-0.00798726017326331,0.0006231819264446983,0.08,1969.3116789423036,0.0031167894230361526,0.005923292481361396,1.7811022169680046,-0.9678818646469702,2.8,1.2,FINE_TUNING
5.9799999999999605,-0.00797552112547745,0.0005869523892929235,0.08,1969.2785919333694,0.0027859193336939826,-0.0018114768575887424,1.7811022169680046,-0.9678818646469702,2.8,1.2,FINE_TUNING
5.99999999999996,-0.007961949059407348,0.0006786033035051423,0.08,1969.263877640901,0.002638776409010006,0.004582545710610941,1.7811022169680046,-0.9678818646469702,2.8,1.2,FINE_TUNING
6.01999999999996,-0.007948984083574674,0.000648248791633732,0.08,1969.239509812372,0.002395098123720345,-0.0015177255935705158,1.7811025369028723,-0.9678816232905268,2.8,1.2,FINE_TUNING
6.039999999999959,-0.007936454649126186,0.0006264717224244519,0.08,1969.2297575487714,0.0022975754877143117,-0.0010888534604640053,1.7811026679975224,-0.9678815024478297,2.8,1.2,FINE_TUNING
6.059999999999959,-0.007922836645018574,0.0006809002053806009,0.08,1969.228768938983,0.002287689389829666,0.0027214241478074447,1.7811026988249592,-0.9678814712744984,2.8,1.2,FINE_TUNING
6.079999999999958,-0.007907606856471417,0.0007614894273578694,0.08,1969.2204964148732,0.0022049641487319606,0.004029461098863428,1.7811028158202442,-0.9678813496547546,2.8,1.2,FINE_TUNING
6.099999999999958,-0.007890834782316886,0.0008386037077265971,0.08,1969.202409457323,0.0020240945732302863,0.0038557140184363836,1.7811030452822731,-0.9678810913876099,2.8,1.2,FINE_TUNING
6.1199999999999575,-0.0078732014416441,0.0008816670336393103,0.08,1969.1779223195783,0.0017792231957832882,0.0021531662956356624,1.7811033340703262,-0.9678807131529102,2.8,1.2,FINE_TUNING
6.139999999999957,-0.007855834228442403,0.0008683606600848135,0.08,1969.1548271553931,0.0015482715539314996,-0.0006653186777248416,1.7811035894933,-0.9678803022824186,2.8,1.2,FINE_TUNING
6.159999999999957,-0.00783873069951015,0.0008551764466126448,0.08,1969.1425756198369,0.0014257561983686174,-0.000659210673608438,1.7811037377951469,-0.9678800090423189,2.8,1.2,FINE_TUNING
6.179999999999956,-0.007820869655073812,0.0008930522218168344,0.08,1969.1379089897937,0.0013790898979368648,0.001893788760209481,1.7811038250176021,-0.9678798141939317,2.8,1.2,FINE_TUNING
6.199999999999956,-0.0078018488554375525,0.0009510399818130086,0.08,1969.12955522114,0.0012955522113998086,0.002899387999808707,1.7811039375922988,-0.9678795484293364,2.8,1.2,FINE_TUNING
6.219999999999955,-0.0077833292521519975,0.0009259801642777334,0.08,1969.1149989875917,0.0011499898759166171,-0.0012529908767637576,1.781104087962961,-0.9678791595268779,2.8,1.2,FINE_TUNING
6.239999999999955,-0.007765127872767207,0.0009100689692395421,0.08,1969.1106530791064,0.001106530791064415,-0.0007955597519095671,1.7811041670442107,-0.9678789197558155,2.8,1.2,FINE_TUNING
6.2599999999999545,-0.007747150232544811,0.0008988820111197901,0.08,1969.1118751408062,0.0011187514080620532,-0.0005593479059875972,1.7811042134000565,-0.9678787709570102,2.8,1.2,FINE_TUNING
6.279999999999954,-0.007728724755506421,0.0009212738519195285,0.08,1969.116180971435,0.0011618097143491469,0.0011195920399869224,1.7811042423942376,-0.9678786782172233,2.8,1.2,FINE_TUNING
6.299999999999954,-0.007710850719107808,0.00089370181993064,0.08,1969.1167306545024,0.0011673065450236208,-0.0013786015994444267,1.7811042933248036,-0.9678785211246939,2.8,1.2,FINE_TUNING
6.319999999999953,-0.0076925668400476665,0.0009141939530070823,0.08,1969.1234245711912,0.0012342457119120809,0.0010246066538221162,1.7811043078726987,-0.9678784760841077,2.8,1.2,FINE_TUNING
6.339999999999953,-0.007673642757204452,0.0009462041421607002,0.08,1969.125975904908,0.0012597590490804578,0.0016005094576808931,1.7811043468655632,-0.9678783622802796,2.8,1.2,FINE_TUNING
6.359999999999952,-0.007653792167421583,0.0009925294891434666,0.08,1969.123552334247,0.0012355233424705147,0.0023162673491383184,1.7811044177606883,-0.9678781586370141,2.8,1.2,FINE_TUNING
6.379999999999952,-0.007633118199818849,0.0010336983801367047,0.08,1969.1150576294986,0.0011505762949855125,0.002058444549661898,1.7811045266370653,-0.9678778353654627,2.8,1.2,FINE_TUNING
6.3999999999999515,-0.007613390887116411,0.0009863656351219094,0.08,1969.1031365035378,0.0010313650353782578,-0.002366637250739765,1.7811046513544928,-0.9678774279103205,2.8,1.2,FINE_TUNING
6.419999999999951,-0.007593283741164693,0.0010053572975858805,0.08,1969.1043596555182,0.0010435965551823757,0.0009495831231985554,1.7811046980231462,-0.9678772527176441,2.8,1.2,FINE_TUNING
6.439999999999951,-0.007572421905407174,0.001043091787875954,0.08,1969.1031502022022,0.0010315020220218684,0.0018867245145036769,1.781104757881947,-0.9678770293742109,2.8,1.2,FINE_TUNING
6.45999999999995,-0.0075519731704059385,0.001022436750061785,0.08,1969.096889462047,0.0009688946204710192,-0.001032751890708444,1.7811048441006694,-0.9678767007059978,2.8,1.2,FINE_TUNING
6.47999999999995,-0.00753163776490553,0.0010167702750204111,0.08,1969.097326411996,0.0009732641199593673,-0.0002833237520687028,1.7811048939968899,-0.9678764944978375,2.8,1.2,FINE_TUNING
6.499999999999949,-0.007509613943011164,0.0011011910947183211,0.08,1969.0998334362448,0.0009983343624480768,0.004221040984895499,1.78110493378304,-0.967876329760935,2.8,1.2,FINE_TUNING
6.519999999999949,-0.007489337159206792,0.0010138391902186005,0.08,1969.0878903006565,0.000878903006564542,-0.004367595224986035,1.7811050474309862,-0.9678758697405617,2.8,1.2,FINE_TUNING
6.5399999999999485,-0.007466617767790061,0.0011359695708365945,0.08,1969.0959983584303,0.0009599835843027904,0.006106519030899699,1.7811050610042576,-0.9678758056480913,2.8,1.2,FINE_TUNING
6.559999999999948,-0.0074424919978388696,0.0012062884975595435,0.08,1969.0813084857443,0.0008130848574433003,0.00351594633614745,1.7811051850149606,-0.9678752732055438,2.8,1.2,FINE_TUNING
6.579999999999948,-0.007418594141492364,0.0011948928173252551,0.08,1969.0595878792255,0.0005958787922554621,-0.0005697840117144151,1.7811053230231049,-0.9678745521143776,2.8,1.2,FINE_TUNING
6.599999999999947,-0.0073930484675960514,0.001277283694815638,0.08,1969.0472395043003,0.000472395043002507,0.004119543874519141,1.7811053998077182,-0.9678739823754201,2.8,1.2,FINE_TUNING
6.619999999999947,-0.007368560402143948,0.0012244032726051706,0.08,1969.024907922199,0.00024907922198963206,-0.002644021110523367,1.7811054865836595,-0.9678731504546644,2.8,1.2,FINE_TUNING
6.639999999999946,-0.007343658816488651,0.0012450792827648257,0.08,1969.0193137694498,0.00019313769449809116,0.0010338005079827592,1.7811055128429782,-0.9678726546450043,2.8,1.2,FINE_TUNING
6.659999999999946,-0.007320294903496082,0.0011681956496284315,0.08,1969.01253332925,0.0001253332924989081,-0.0038441816568197122,1.7811055347130567,-0.9678721154915554,2.8,1.2,FINE_TUNING
6.6799999999999455,-0.007295444741448552,0.0012425081023765402,0.08,1969.0220973653422,0.0002209736534223339,0.0037156226374054375,1.781105538726803,-0.9678719609078539,2.8,1.2,FINE_TUNING
6.699999999999945,-0.007271360427679017,0.001204215688476725,0.08,1969.0165375700565,0.0001653757005647094,-0.0019146206949907565,1.7811055621700373,-0.967871453714288,2.8,1.2,FINE_TUNING
6.719999999999945,-0.007246511344920509,0.0012424541379254521,0.08,1969.0201300587905,0.00020130058790527984,0.0019119224724363497,1.7811055722846,-0.9678711578449373,2.8,1.2,FINE_TUNING
6.739999999999944,-0.00722157250954473,0.0012469417687889371,0.08,1969.0166769237483,0.00016676923748264018,0.00022438154317424837,1.7811055915936669,-0.9678706944155719,2.8,1.2,FINE_TUNING
6.759999999999944,-0.007197139407235525,0.0012216551154602782,0.08,1969.0141741481107,0.00014174148110669194,-0.00126433266643295,1.7811056069595688,-0.9678702454346463,2.8,1.2,FINE_TUNING
6.779999999999943,-0.00717336167989736,0.0011888863669082185,0.08,1969.017574581818,0.00017574581818053048,-0.0016384374276029751,1.7811056158602094,-0.9678699372783575,2.8,1.2,FINE_TUNING
6.799999999999943,-0.007147113187778678,0.0013124246059340943,0.08,1969.026461506887,0.00026461506887017096,0.006176911951293791,1.781105621783416,-0.967869772094352,2.8,1.2,FINE_TUNING
6.8199999999999426,-0.007121690294502519,0.0012711446638079855,0.08,1969.011646484931,0.00011646484930906809,-0.0020639971063054464,1.781105661927156,-0.9678690351886197,2.8,1.2,FINE_TUNING
6.839999999999942,-0.007095893108930603,0.0012898592785957755,0.08,1969.009110504792,9.11050479203368e-05,0.0009357307393895096,1.78110567284505,-0.9678685687997314,2.8,1.2,FINE_TUNING
6.859999999999942,-0.007069595228754694,0.0013148940087954611,0.08,1969.0046409633155,4.64096331552355e-05,0.0012517365099842855,1.7811056823521798,-0.9678680462013523,2.8,1.2,FINE_TUNING
6.879999999999941,-0.007042361634478671,0.0013616797138011766,0.08,1968.9976604025767,-2.3395974233153537e-05,0.0023392852502857678,1.781105687852372,-0.9678674473020071,2.8,1.2,FINE_TUNING
6.899999999999941,-0.007014301560436474,0.0014030037021098571,0.08,1968.9850299853717,-0.00014970014628261198,0.002066199415434031,1.7811056843554345,-0.9678666827374937,2.8,1.2,FINE_TUNING
6.91999999999994,-0.006987705515800666,0.0013298022317903787,0.08,1968.9693182568938,-0.0003068174310624272,-0.0036600735159739188,1.781105659040636,-0.9678658009150127,2.8,1.2,FINE_TUNING
6.93999999999994,-0.006961454732073127,0.001312539186377,0.08,1968.971582598972,-0.00028417401028036694,-0.0008631522706689429,1.7811056337800466,-0.967865361770373,2.8,1.2,FINE_TUNING
6.95999999999994,-0.006934838731915738,0.00133080000786943,0.08,1968.9766712320643,-0.00023328767935709038,0.0009130410746214995,1.7811056147073177,-0.9678650040745775,2.8,1.2,FINE_TUNING
6.979999999999939,-0.006908221036612492,0.001330884765162286,0.08,1968.9774859061642,-0.00022514093835752648,4.237864642807039e-06,1.7811055943644425,-0.967864541414318,2.8,1.2,FINE_TUNING
6.999999999999939,-0.0068825957742097935,0.0012812631201349063,0.08,1968.9784754601553,-0.00021524539844676837,-0.002481082251368981,1.7811055750127727,-0.9678640849199,2.8,1.2,FINE_TUNING
7.019999999999938,-0.006857684911046649,0.001245543158157231,0.08,1968.9883503828212,-0.00011649617178818516,-0.0017859980988837669,1.7811055663525452,-0.9678638710863433,2.8,1.2,FINE_TUNING
7.039999999999938,-0.006832881247599945,0.0012401831723352194,0.08,1969.0299023331916,0.00029902333191557775,-0.00026799929110057853,1.781105581402154,-0.967864550320125,2.8,1.2,FINE_TUNING
7.059999999999937,-0.0068092487235033245,0.0011816262048310049,0.08,1969.0326480291694,0.0003264802916942244,-0.002927848375210721,1.7811055993584954,-0.9678642512925413,2.8,1.2,FINE_TUNING
7.079999999999937,-0.00678562379631758,0.0011812463592872316,0.08,1969.0454547436548,0.00045454743654772757,-1.8992277188665877e-05,1.781105601908108,-0.967864212448845,2.8,1.2,FINE_TUNING
7.099999999999937,-0.0067613346173680455,0.0012144589474767239,0.08,1969.0551262415088,0.0005512624150878765,0.0016606294094746164,1.7811056108500698,-0.967864116060193,2.8,1.2,FINE_TUNING
7.119999999999936,-0.006736426306055942,0.0012454155656051761,0.08,1969.0566652559073,0.0005666525590731908,0.0015478309064226074,1.7811056428309813,-0.9678638348487018,2.8,1.2,FINE_TUNING
7.139999999999936,-0.006710954963282814,0.0012735671386564062,0.08,1969.052843590683,0.0005284359068309641,0.0014075786525615083,1.7811056908825165,-0.967863423534313,2.8,1.2,FINE_TUNING
7.159999999999935,-0.00668636367202044,0.0012295645631186923,0.08,1969.0457020307779,0.0004570203077787483,-0.0022001287768856938,1.7811057452437868,-0.9678629205081195,2.8,1.2,FINE_TUNING
7.179999999999935,-0.006663370559875559,0.0011496556072440526,0.08,1969.0489142243391,0.000489142243391143,-0.003995447793731982,1.7811057691313896,-0.9678626617202802,2.8,1.2,FINE_TUNING
7.1999999999999345,-0.006639909246223571,0.001173065682599391,0.08,1969.0657772146849,0.0006577721468488563,0.0011705037677669087,1.7811057601161675,-0.9678627527915605,2.8,1.2,FINE_TUNING
7.219999999999934,-0.006617007317373806,0.0011450964424882435,0.08,1969.0740866912188,0.000740866912187812,-0.0013984620055573715,1.78110577312077,-0.9678626571313541,2.8,1.2,FINE_TUNING
7.239999999999934,-0.0065934994593425875,0.001175392901560928,0.08,1969.085428378039,0.0008542837803906878,0.0015148229536342313,1.7811057743148362,-0.9678626494037924,2.8,1.2,FINE_TUNING
7.259999999999933,-0.006568187678059051,0.0012655890641767894,0.08,1969.0886471503309,0.0008864715033087123,0.0045098081307930644,1.7811058079532855,-0.967862463140573,2.8,1.2,FINE_TUNING
7.279999999999933,-0.0065425326223580455,0.0012827527850502879,0.08,1969.0755463715557,0.0007554637155567434,0.0008581860436749183,1.7811059156684406,-0.9678618894047689,2.8,1.2,FINE_TUNING
7.299999999999932,-0.006517010583923669,0.0012761019217188093,0.08,1969.0637488249477,0.0006374882494765188,-0.0003325431665739308,1.7811060055292116,-0.9678613156113081,2.8,1.2,FINE_TUNING
7.319999999999932,-0.006492167624138605,0.0012421479892532224,0.08,1969.0570276710764,0.0005702767107641193,-0.0016976966232793438,1.781106067188373,-0.9678608401219779,2.8,1.2,FINE_TUNING
7.3399999999999315,-0.006468197345531298,0.0011985139303653037,0.08,1969.0586805404198,0.0005868054041980031,-0.002181702944395933,1.7811060991607506,-0.9678605613375951,2.8,1.2,FINE_TUNING
7.359999999999931,-0.006442818609294671,0.0012689368118313838,0.08,1969.0679520630617,0.0006795206306173896,0.003521144073304011,1.781106108903086,-0.9678604788014081,2.8,1.2,FINE_TUNING
7.379999999999931,-0.006419792403778983,0.0011513102757843934,0.08,1969.0624899999948,0.0006248999999479565,-0.005881326802349519,1.7811061691778216,-0.9678600425506014,2.8,1.2,FINE_TUNING
7.39999999999993,-0.00639677182158704,0.0011510291095971703,0.08,1969.079776238276,0.0007977623827605385,-1.4058309361147654e-05,1.7811061531473125,-0.9678601699287219,2.8,1.2,FINE_TUNING
7.41999999999993,-0.006372317869890331,0.0012226975848354151,0.08,1969.092465816299,0.0009246581629895445,0.003583423761912236,1.7811061469411942,-0.9678602077162802,2.8,1.2,FINE_TUNING
7.439999999999929,-0.006348664479317576,0.001182669528637795,0.08,1969.089229690374,0.0008922969037394069,-0.0020014028098810084,1.781106211042575,-0.9678598762483516,2.8,1.2,FINE_TUNING
7.459999999999929,-0.006324833766329004,0.00119153564942858,0.08,1969.0944288762032,0.0009442887620321016,0.00044330603953925715,1.7811062353634524,-0.9678597450296599,2.8,1.2,FINE_TUNING
7.4799999999999285,-0.00630102287019176,0.0011905448068621918,0.08,1969.0969617276985,0.0009696172769849909,-4.954212831940845e-05,1.7811062723060156,-0.9678595576677684,2.8,1.2,FINE_TUNING
7.499999999999928,-0.006276375042646468,0.001232391377264593,0.08,1969.0993435387543,0.0009934353875428314,0.0020923285201200647,1.7811063101277451,-0.9678593711270924,2.8,1.2,FINE_TUNING
7.519999999999928,-0.0062500480004516416,0.0013163521097413324,0.08,1969.0940509652166,0.0009405096521663836,0.004198036623836969,1.7811063869202481,-0.9678590019247224,2.8,1.2,FINE_TUNING
7.539999999999927,-0.0062240220991094395,0.0013012950671100856,0.08,1969.0758719172707,0.0007587191727066056,-0.0007528521315623435,1.781106522914459,-0.9678583046479825,2.8,1.2,FINE_TUNING
7.559999999999927,-0.006198911797470463,0.001255515081948828,0.08,1969.0659960640962,0.0006599606409622538,-0.0022889992580628835,1.7811066047934978,-0.9678577698971297,2.8,1.2,FINE_TUNING
7.579999999999926,-0.0061743459350379285,0.001228293121626716,0.08,1969.0673707681692,0.0006737076816921216,-0.0013610980161056024,1.7811066401462743,-0.9678575004402461,2.8,1.2,FINE_TUNING
7.599999999999926,-0.006147686464471937,0.0013329735282995897,0.08,1969.07341356722,0.0007341356722008641,0.005234020333643686,1.781106659827873,-0.9678573535603945,2.8,1.2,FINE_TUNING
7.6199999999999255,-0.0061189972823270196,0.0014344591072458605,0.08,1969.0594793335447,0.000594793335446866,0.005074278947313541,1.781106754565511,-0.9678567091829497,2.8,1.2,FINE_TUNING
7.639999999999925,-0.006089973496662972,0.001451189283202365,0.08,1969.0319361012562,0.00031936101256178516,0.0008365087978252298,1.7811068751482606,-0.9678556762852265,2.8,1.2,FINE_TUNING
7.659999999999925,-0.006060528406565023,0.0014722545048974527,0.08,1969.00964208392,9.642083919970901e-05,0.0010532610847543851,1.7811069340863672,-0.9678547004208407,2.8,1.2,FINE_TUNING
7.679999999999924,-0.006032000131127141,0.0014264137718940687,0.08,1968.9902174945107,-9.782505489283722e-05,-0.002292036650169197,1.7811069511356903,-0.9678537379985485,2.8,1.2,FINE_TUNING
7.699999999999924,-0.006002763478606483,0.0014618326260329164,0.08,1968.9845633862371,-0.00015436613762858541,0.0017709427069423907,1.7811069401221413,-0.967853110147534,2.8,1.2,FINE_TUNING
7.719999999999923,-0.005974137447338504,0.0014313015633989502,0.08,1968.974272888333,-0.00025727111667038114,-0.001526553131698317,1.7811069188457735,-0.9678523361731431,2.8,1.2,FINE_TUNING
7.739999999999923,-0.005946722041975992,0.0013707702681255928,0.08,1968.972305646838,-0.0002769435316190538,-0.0030265647636678683,1.7811068935156378,-0.9678517764469043,2.8,1.2,FINE_TUNING
7.7599999999999225,-0.0059193671811851945,0.0013677430395398827,0.08,1968.9815008277326,-0.00018499172267411268,-0.00015136142928550832,1.7811068818938505,-0.9678515373732419,2.8,1.2,FINE_TUNING
7.779999999999922,-0.00589259300472779,0.0013387088228702184,0.08,1968.9884524658864,-0.00011547534113560687,-0.001451710833483207,1.7811068725898211,-0.9678512540725167,2.8,1.2,FINE_TUNING
7.799999999999922,-0.005865832038151341,0.0013380483288224292,0.08,1968.9984185096168,-1.5814903831596895e-05,-3.302470238945865e-05,1.7811068688335752,-0.9678510724235267,2.8,1.2,FINE_TUNING
7.819999999999921,-0.005839296753741806,0.0013267642204767575,0.08,1969.0055255954105,5.5255954105177804e-05,-0.0005642054172835856,1.7811068681415063,-0.9678508310641376,2.8,1.2,FINE_TUNING
7.839999999999921,-0.005812571762834749,0.0013362495453528086,0.08,1969.0124972323395,0.00012497232339455877,0.0004742662438025466,1.7811068704630975,-0.9678506013888994,2.8,1.2,FINE_TUNING
7.85999999999992,-0.0057858678910031585,0.0013351935915795316,0.08,1969.0157170274113,0.00015717027411255914,-5.2797688663846316e-05,1.7811068778059644,-0.9678502830109369,2.8,1.2,FINE_TUNING
7.87999999999992,-0.005757425286654787,0.0014221302174185664,0.08,1969.018144527401,0.00018144527401091183,0.004346831291951736,1.7811068874870444,-0.9678499506040475,2.8,1.2,FINE_TUNING
7.8999999999999195,-0.005728448285554675,0.0014488500550055643,0.08,1969.0044775895242,4.477589524185532e-05,0.0013359918793498964,1.7811069133816033,-0.9678491828348639,2.8,1.2,FINE_TUNING
7.919999999999919,-0.005700088490544601,0.001417989750503677,0.08,1968.990013763068,-9.986236932036264e-05,-0.0015430152250943737,1.7811069201391434,-0.9678483569402334,2.8,1.2,FINE_TUNING
7.939999999999919,-0.005671498725756291,0.0014294882394155534,0.08,1968.9850984700925,-0.0001490152990754723,0.0005749244455938238,1.7811069094922911,-0.9678477631655603,2.8,1.2,FINE_TUNING
7.959999999999918,-0.005643821680229007,0.0013838522763641998,0.08,1968.9794321567229,-0.00020567843277149222,-0.002281798152567677,1.7811068928329696,-0.9678471370950686,2.8,1.2,FINE_TUNING
7.979999999999918,-0.005616455519177732,0.0013683080525637356,0.08,1968.983293936225,-0.00016706063775018265,-0.0007772111900232113,1.7811068795057268,-0.967846771936659,2.8,1.2,FINE_TUNING
7.999999999999917,-0.005590373022150179,0.0013041248513776381,0.08,1968.9885810691144,-0.0001141893088561119,-0.003209160059304876,1.781106870134807,-0.9678464575106722,2.8,1.2,FINE_TUNING
8.019999999999918,-0.005565513474314412,0.001242977391788382,0.08,1969.0034668663602,3.4668663602133165e-05,-0.003057372979462802,1.7811068695336902,-0.9678464282112106,2.8,1.2,FINE_TUNING
8.039999999999917,-0.005540600907838433,0.0012456283237989461,0.08,1969.0246352264169,0.00024635226416876323,0.00013254660052820587,1.7811068684350384,-0.9678466012705436,2.8,1.2,FINE_TUNING
8.059999999999917,-0.005517123394347813,0.001173875674530972,0.08,1969.0390352038758,0.00039035203875755544,-0.0035876324633986986,1.781106867430828,-0.9678466229332108,2.8,1.2,FINE_TUNING
8.079999999999917,-0.0054934148027665315,0.001185429579064065,0.08,1969.0618157536421,0.0006181575364212221,0.0005776952266546437,1.7811068473073564,-0.9678468917642783,2.8,1.2,FINE_TUNING
8.099999999999916,-0.00546993260509423,0.0011741098836150817,0.08,1969.0758718512282,0.0007587185122815754,-0.0005659847724491643,1.7811068383734794,-0.9678469648786989,2.8,1.2,FINE_TUNING
8.119999999999916,-0.005446191678026999,0.0011870463533615726,0.08,1969.0878292026146,0.0008782920261455729,0.00064682348732454,1.7811068320286245,-0.967847006388907,2.8,1.2,FINE_TUNING
8.139999999999915,-0.0054214972402386805,0.0012347218894159118,0.08,1969.0940462263106,0.000940462263106383,0.0023837768027169604,1.7811068469312676,-0.9678469235253725,2.8,1.2,FINE_TUNING
8.159999999999915,-0.005395584414002573,0.0012956413118053833,0.08,1969.0900820384065,0.000900820384065355,0.003045971119473578,1.7811069097210046,-0.9678466001857912,2.8,1.2,FINE_TUNING
8.179999999999914,-0.005369122534001701,0.0013230940000436002,0.08,1969.0765624116857,0.0007656241168569977,0.001372634411910851,1.7811070147516967,-0.9678460321673211,2.8,1.2,FINE_TUNING
8.199999999999914,-0.005343461250553733,0.0012830641723984102,0.08,1969.0621470226345,0.000621470226344627,-0.002001491382259504,1.7811071106745384,-0.9678454101179923,2.8,1.2,FINE_TUNING
8.219999999999914,-0.005317102256861301,0.0013179496846216104,0.08,1969.0589585144812,0.0005895851448121902,0.0017442756111600067,1.7811071556931297,-0.9678450433451549,2.8,1.2,FINE_TUNING
8.239999999999913,-0.005289261326156634,0.0013920465352333857,0.08,1969.050464098963,0.000504640989629479,0.0037048425305887616,1.7811072148447091,-0.9678445332882627,2.8,1.2,FINE_TUNING
8.259999999999913,-0.005261188948727592,0.001403618871452068,0.08,1969.0312647171045,0.0003126471710447731,0.000578616810934119,1.781107294285562,-0.9678437241019547,2.8,1.2,FINE_TUNING
8.279999999999912,-0.005235160465651883,0.0013014241537854358,0.08,1969.0154705435548,0.00015470543554783943,-0.005109735883331606,1.7811073399149373,-0.9678429551666933,2.8,1.2,FINE_TUNING
8.299999999999912,-0.005210497830726472,0.0012331317462705915,0.08,1969.022109892802,0.0002210989280206377,-0.0034146203757422144,1.7811073455389275,-0.9678427598643711,2.8,1.2,FINE_TUNING
8.319999999999911,-0.005185526223259599,0.001248580373343637,0.08,1969.038632939931,0.0003863293993094885,0.000772431353652274,1.7811073419222814,-0.9678428469258524,2.8,1.2,FINE_TUNING
8.339999999999911,-0.005160845454780158,0.0012340384239720567,0.08,1969.047400668946,0.00047400668946011136,-0.000727097468579018,1.781107348779455,-0.9678427545317868,2.8,1.2,FINE_TUNING
8.35999999999991,-0.0051338240436022645,0.0013510705588946554,0.08,1969.0559970976824,0.0005599709768239336,0.00585160674612993,1.7811073561975619,-0.9678426740590131,2.8,1.2,FINE_TUNING
8.37999999999991,-0.005107319546170333,0.0013252248715965769,0.08,1969.0412651839674,0.000412651839674254,-0.0012922843649039205,1.7811074299380867,-0.9678420050509875,2.8,1.2,FINE_TUNING
8.39999999999991,-0.005081103206959264,0.0013108169605534443,0.08,1969.0352120282525,0.0003521202825254477,-0.0007203955521566301,1.7811074678625238,-0.9678415292165319,2.8,1.2,FINE_TUNING
8.41999999999991,-0.005054398256860656,0.0013352475049304,0.08,1969.0332489229909,0.0003324892299087878,0.0012215272188477798,1.7811074934836872,-0.9678411497946077,2.8,1.2,FINE_TUNING
8.439999999999909,-0.005030178915080514,0.001210967089007115,0.08,1969.0273079881579,0.0002730798815787239,-0.006214020796164246,1.7811075245579329,-0.9678406616424232,2.8,1.2,FINE_TUNING
8.459999999999908,-0.005005070028883945,0.001255444309828412,0.08,1969.0447788559445,0.0004477885594451436,0.0022238610410648557,1.781107517936572,-0.9678407891451278,2.8,1.2,FINE_TUNING
8.479999999999908,-0.004980195450940638,0.0012437288971653467,0.08,1969.0490538269798,0.0004905382697984351,-0.0005857706331532645,1.7811075346376029,-0.9678405976598111,2.8,1.2,FINE_TUNING
8.499999999999908,-0.004956692976810904,0.0011751237064866922,0.08,1969.0539243366509,0.0005392433665087992,-0.003430259533932727,1.7811075506801246,-0.9678404308564253,2.8,1.2,FINE_TUNING
8.519999999999907,-0.00493348127402821,0.0011605851391347053,0.08,1969.0692633959338,0.0006926339593383091,-0.0007269283675993512,1.7811075385915438,-0.9678405443517618,2.8,1.2,FINE_TUNING
8.539999999999907,-0.004908915821175257,0.0012282726426476468,0.08,1969.0824952310186,0.0008249523101858358,0.003384375175647076,1.7811075270071048,-0.9678406272097525,2.8,1.2,FINE_TUNING
8.559999999999906,-0.004883902946444266,0.0012506437365495488,0.08,1969.0797543645324,0.0007975436453239126,0.0011185546950951085,1.7811075767874314,-0.9678403339076632,2.8,1.2,FINE_TUNING
8.579999999999906,-0.004861497418628645,0.001120276390781056,0.08,1969.0737061697337,0.000737061697336685,-0.006518367288424642,1.7811076389100546,-0.9678399540792797,2.8,1.2,FINE_TUNING
8.599999999999905,-0.004838401798329333,0.0011547810149656033,0.08,1969.0922541760413,0.0009225417604125141,0.0017252312092273648,1.78110760515651,-0.9678401791235623,2.8,1.2,FINE_TUNING
8.619999999999905,-0.004815353340607986,0.0011524228860673605,0.08,1969.099132299731,0.0009913229973108173,-0.0001179064449121389,1.781107612215242,-0.9678401425172307,2.8,1.2,FINE_TUNING
8.639999999999905,-0.004791804486256207,0.001177442717588932,0.08,1969.104280130503,0.0010428013050295703,0.0012509915760785775,1.7811076262122083,-0.967840075665367,2.8,1.2,FINE_TUNING
8.659999999999904,-0.004769255032737246,0.0011274726759480712,0.08,1969.1033794160198,0.0010337941601983403,-0.0024985020820430383,1.7811076712166098,-0.9678398729466376,2.8,1.2,FINE_TUNING
8.679999999999904,-0.004745382754098732,0.0011936139319257061,0.08,1969.1114290145251,0.0011142901452512888,0.003307062798881743,1.78110766876856,-0.9678398840786768,2.8,1.2,FINE_TUNING
8.699999999999903,-0.004720240944574842,0.0012570904761944899,0.08,1969.1053259460286,0.0010532594602864266,0.003173827213439186,1.7811077435094869,-0.9678395726059037,2.8,1.2,FINE_TUNING
8.719999999999903,-0.0046947533963321115,0.001274377412136522,0.08,1969.0896642010648,0.0008966420106480654,0.0008643467971016145,1.7811078673463812,-0.9678390220149243,2.8,1.2,FINE_TUNING
8.739999999999903,-0.004669119577986141,0.0012816909172985447,0.08,1969.0753460292906,0.0007534602929058564,0.0003656752581011238,1.781107970911212,-0.9678384691558337,2.8,1.2,FINE_TUNING
8.759999999999902,-0.0046422729709781506,0.0013423303503995302,0.08,1969.063689297466,0.0006368929746599861,0.003031971655049279,1.7811080509844681,-0.9678379505569494,2.8,1.2,FINE_TUNING
8.779999999999902,-0.0046149573199161945,0.0013657825530977983,0.08,1969.0444607533404,0.0004446075334044508,0.0011726101349134,1.7811081454809368,-0.9678372155404614,2.8,1.2,FINE_TUNING
8.799999999999901,-0.004588006666808668,0.001347532655376323,0.08,1969.026381788844,0.0002638178884399167,-0.0009124948860737695,1.7811082114535928,-0.967836461967404,2.8,1.2,FINE_TUNING
8.8199999999999,-0.0045613849584634205,0.001331085417262336,0.08,1969.0164175384627,0.00016417538462746962,-0.0008223619056993443,1.7811082411341104,-0.9678358776325588,2.8,1.2,FINE_TUNING
8.8399999999999,-0.004534457874104078,0.0013463542179671236,0.08,1969.0118360312965,0.00011836031296525107,0.0007634400352393736,1.7811082555771383,-0.9678354155291231,2.8,1.2,FINE_TUNING
8.8599999999999,-0.00450588623291216,0.0014285820595959127,0.08,1969.005442049755,5.44204975494722e-05,0.004111392081439451,1.781108267226179,-0.9678348964369335,2.8,1.2,FINE_TUNING
8.8799999999999,-0.004478081922402113,0.0013902155255023185,0.08,1968.9859241135364,-0.0001407588646361546,-0.0019183267046797114,1.7811082763205852,-0.9678340094651002,2.8,1.2,FINE_TUNING
8.899999999999899,-0.004451039518138421,0.0013521202131846302,0.08,1968.9783536162872,-0.00021646383712777605,-0.0019047656158844223,1.7811082605393629,-0.9678334007219811,2.8,1.2,FINE_TUNING
8.919999999999899,-0.004423510368869462,0.001376457463447923,0.08,1968.979153063672,-0.0002084693632809831,0.0012168625131646414,1.7811082450482145,-0.9678330093358585,2.8,1.2,FINE_TUNING
8.939999999999898,-0.00439684852083498,0.0013330924017240892,0.08,1968.9748461944746,-0.00025153805525405913,-0.002168253086191691,1.7811082248109735,-0.9678324801937755,2.8,1.2,FINE_TUNING
8.959999999999898,-0.004371428212112025,0.0012710154361477363,0.08,1968.9788625122324,-0.00021137487767646234,-0.003103848278817647,1.7811082107940284,-0.9678321755268031,2.8,1.2,FINE_TUNING
8.979999999999897,-0.0043473056874133624,0.0012061262349331147,0.08,1968.9920714068346,-7.92859316538852e-05,-0.0032444600607310758,1.7811082092499344,-0.9678321358836868,2.8,1.2,FINE_TUNING
8.999999999999897,-0.004321872186334936,0.001271675053921319,0.08,1969.0123074710746,0.00012307471074564092,0.0032774409494102054,1.7811082118647252,-0.9678323114655748,2.8,1.2,FINE_TUNING
9.019999999999897,-0.004297434961359972,0.0012218612487482241,0.08,1969.0145407540595,0.0001454075405945332,-0.0024906902586547324,1.7811082182830043,-0.9678320416360137,2.8,1.2,FINE_TUNING
9.039999999999896,-0.004273316536003901,0.00120592126780352,0.08,1969.0244125401553,0.00024412540155253738,-0.0007969990472352039,1.7811082200632145,-0.9678319786105246,2.8,1.2,FINE_TUNING
9.059999999999896,-0.004250729061502768,0.0011293737250566466,0.08,1969.0337277970436,0.0003372779704363893,-0.0038273771373436745,1.7811082229212423,-0.9678319192575552,2.8,1.2,FINE_TUNING
9.079999999999895,-0.004228160109386964,0.001128447605790208,0.08,1969.0533688692117,0.0005336886921168116,-4.630596332192818e-05,1.7811082080355454,-0.9678321397528431,2.8,1.2,FINE_TUNING
9.099999999999895,-0.004205871181610812,0.0011144463888075973,0.08,1969.0670121580956,0.00067012158095622,-0.000700060849130533,1.7811081973597582,-0.9678322368194238,2.8,1.2,FINE_TUNING
9.119999999999894,-0.004183574833278037,0.0011148174166387902,0.08,1969.0787576099465,0.0007875760994647862,1.8551391559651137e-05,1.7811081873966577,-0.9678323074528227,2.8,1.2,FINE_TUNING
9.139999999999894,-0.004161487179896793,0.0011043826690621704,0.08,1969.086652981825,0.0008665298182495462,-0.0005217373788309968,1.7811081880521997,-0.9678323035716282,2.8,1.2,FINE_TUNING
9.159999999999894,-0.004139115601780173,0.0011185789058309802,0.08,1969.093751253368,0.0009375125336805467,0.0007098118384404867,1.7811081899505927,-0.9678322934899616,2.8,1.2,FINE_TUNING
9.179999999999893,-0.004116669427816112,0.0011223086982030538,0.08,1969.0959532256477,0.0009595322564769048,0.0001864896186036753,1.7811082131146134,-0.9678321811543915,2.8,1.2,FINE_TUNING
9.199999999999893,-0.0040941702335242375,0.0011249597145937221,0.08,1969.0965422349825,0.0009654223498250758,0.00013255081953341883,1.7811082438548365,-0.9678320361926531,2.8,1.2,FINE_TUNING
9.219999999999892,-0.004072110476239653,0.001102987864229245,0.08,1969.0961774636553,0.0009617746365529456,-0.0010985925182238547,1.781108279107515,-0.9678318713561154,2.8,1.2,FINE_TUNING
9.239999999999892,-0.004050450577870315,0.0010829949184669398,0.08,1969.099477832265,0.0009947783226493812,-0.0009996472881152647,1.781108296172793,-0.9678317913349823,2.8,1.2,FINE_TUNING
9.259999999999891,-0.004027635203170576,0.0011407687349869625,0.08,1969.1050233909657,0.0010502339096569813,0.0028886908260011344,1.7811083011979942,-0.9678317687013883,2.8,1.2,FINE_TUNING
9.279999999999891,-0.004004682874091828,0.0011476164539373902,0.08,1969.0984399431918,0.0009843994319180638,0.00034238594752138835,1.7811083694050587,-0.9678314806106499,2.8,1.2,FINE_TUNING
9.29999999999989,-0.003980306127771778,0.0012188373160025125,0.08,1969.0922474925367,0.0009224749253667142,0.0035610431032561166,1.7811084332322766,-0.9678311905167686,2.8,1.2,FINE_TUNING
9.31999999999989,-0.00395621160286214,0.0012047262454818936,0.08,1969.0749458602486,0.0007494586024859018,-0.0007055535260309494,1.7811085469207848,-0.9678306348147093,2.8,1.2,FINE_TUNING
9.33999999999989,-0.00393258349638615,0.0011814053237994718,0.08,1969.0647983891893,0.0006479838918926361,-0.0011660460841210894,1.7811086158950709,-0.9678302097271267,2.8,1.2,FINE_TUNING
9.35999999999989,-0.003907808083043287,0.0012387706671431532,0.08,1969.0612991016003,0.0006129910160029794,0.0028682671671840707,1.781108655503269,-0.9678299237278196,2.8,1.2,FINE_TUNING
9.379999999999889,-0.003883160350971984,0.0012323866035651564,0.08,1969.048242503077,0.00048242503077062794,-0.0003192031788998352,1.7811087233852747,-0.9678294040387144,2.8,1.2,FINE_TUNING
9.399999999999888,-0.0038588264925181843,0.0012166929226900042,0.08,1969.039640412031,0.00039640412031076265,-0.0007846840437576131,1.7811087677333113,-0.9678289654012845,2.8,1.2,FINE_TUNING
9.419999999999888,-0.003834878710106221,0.001197389120598162,0.08,1969.0358009581264,0.0003580095812640138,-0.0009651901045921065,1.7811087955314084,-0.967828627468465,2.8,1.2,FINE_TUNING
9.439999999999888,-0.003809566552459387,0.0012656078823417077,0.08,1969.0359498414912,0.00035949841491174085,0.0034109380871772915,1.7811088137036235,-0.967828382134664,2.8,1.2,FINE_TUNING
9.459999999999887,-0.003784302193346084,0.0012632179556651424,0.08,1969.0234658959434,0.00023465895943445504,-0.00011949633382826223,1.7811088550022893,-0.9678278283992304,2.8,1.2,FINE_TUNING
9.479999999999887,-0.003758531168570513,0.0012885512387785759,0.08,1969.0144755743663,0.00014475574366315413,0.0012666641556716765,1.7811088786479303,-0.9678273353658225,2.8,1.2,FINE_TUNING
9.499999999999886,-0.003731863191367796,0.001333398860135839,0.08,1969.003031700816,3.0317008161091507e-05,0.0022423810678631547,1.7811088954198553,-0.9678267628998248,2.8,1.2,FINE_TUNING
9.519999999999886,-0.003705044208368372,0.0013409491499712153,0.08,1968.9863726738179,-0.00013627326182131584,0.000377514491768817,1.781108899840447,-0.9678260331292879,2.8,1.2,FINE_TUNING
9.539999999999885,-0.003679626787275881,0.0012708710546245569,0.08,1968.972559331651,-0.0002744066834907244,-0.003503904767332915,1.781108881266331,-0.9678253375218797,2.8,1.2,FINE_TUNING
9.559999999999885,-0.0036541551392954767,0.0012735823990202132,0.08,1968.9744165044226,-0.0002558349557739348,0.00013556721978282016,1.781108864669334,-0.9678250241234564,2.8,1.2,FINE_TUNING
9.579999999999885,-0.003627708336143714,0.0013223401575881485,0.08,1968.9745049052367,-0.00025495094763300586,0.0024378879283967554,1.7811088471136103,-0.9678246705763378,2.8,1.2,FINE_TUNING
9.599999999999884,-0.003600763874185082,0.0013472230979315932,0.08,1968.9652131378043,-0.00034786862195687715,0.0012441470171722332,1.7811088175059933,-0.9678240742683213,2.8,1.2,FINE_TUNING
9.619999999999884,-0.003574022016616868,0.0013370928784106906,0.08,1968.9534758062757,-0.0004652419372428085,-0.000506510976045132,1.7811087718488603,-0.96782339424897,2.8,1.2,FINE_TUNING
9.639999999999883,-0.0035482562045298367,0.0012882906043515613,0.08,1968.9461536540384,-0.0005384634596157412,-0.0024401137029564585,1.781108719671872,-0.9678228061907042,2.8,1.2,FINE_TUNING
9.659999999999883,-0.0035220169537239295,0.0013119625402953547,0.08,1968.9487548297932,-0.0005124517020681196,0.0011835967971896729,1.7811086854463474,-0.9678224709070149,2.8,1.2,FINE_TUNING
9.679999999999882,-0.00349808128359934,0.0011967835062294775,0.08,1968.9455834102446,-0.000544165897554194,-0.005758951703293864,1.7811086383716948,-0.9678219896975927,2.8,1.2,FINE_TUNING
9.699999999999882,-0.0034734246581133426,0.0012328312742998675,0.08,1968.9628285856656,-0.0003717141433435245,0.0018023884035194985,1.781108644655716,-0.967822050223438,2.8,1.2,FINE_TUNING
9.719999999999882,-0.0034478396276819796,0.0012792515215681562,0.08,1968.9678601001483,-0.00032139899851699736,0.002321012363414431,1.7811086279425266,-0.9678218206894281,2.8,1.2,FINE_TUNING
9.739999999999881,-0.0034235019308151626,0.001216884843340844,0.08,1968.9624401335846,-0.00037559866415449506,-0.003118333911365607,1.7811085969712728,-0.9678213337717998,2.8,1.2,FINE_TUNING
9.75999999999988,-0.003399403199241839,0.0012049365786661952,0.08,1968.968816504256,-0.00031183495744016907,-0.0005974132337324442,1.781108582835886,-0.9678211428855883,2.8,1.2,FINE_TUNING
9.77999999999988,-0.0033773968530824688,0.0011003173079684914,0.08,1968.9746480643412,-0.0002535193565881855,-0.005230963534885187,1.7811085709560648,-0.9678209519932707,2.8,1.2,FINE_TUNING
9.79999999999988,-0.00335563982756413,0.0010878512759169348,0.08,1968.996466230839,-3.5337691610948244e-05,-0.0006233016025778296,1.7811085825057762,-0.9678211776603114,2.8,1.2,FINE_TUNING
9.81999999999988,-0.003334595427917343,0.001052219982339359,0.08,1969.013379320286,0.00013379320286048823,-0.0017815646788787909,1.7811085834859877,-0.9678213104662435,2.8,1.2,FINE_TUNING
9.839999999999879,-0.003314895711324886,0.0009849858296228546,0.08,1969.030960445259,0.0003096044525909747,-0.0033617076358252165,1.7811085785665184,-0.9678214816960183,2.8,1.2,FINE_TUNING
9.859999999999879,-0.0032948411754156956,0.0010027267954595366,0.08,1969.0546398690267,0.0005463986902668694,0.0008870482918340939,1.781108555752353,-0.9678218149490215,2.8,1.2,FINE_TUNING
9.879999999999878,-0.003272994549063513,0.001092331317609142,0.08,1969.06769650225,0.0006769650225010082,0.0044802261074802716,1.781108540855681,-0.967821933482517,2.8,1.2,FINE_TUNING
9.899999999999878,-0.00325009315809964,0.0011450695481936453,0.08,1969.0605947458655,0.0006059474586550095,0.0026369115292251563,1.7811085890287421,-0.9678216312876377,2.8,1.2,FINE_TUNING
9.919999999999877,-0.003227574624588322,0.0011259266755659037,0.08,1969.0457278529148,0.00045727852914751566,-0.0009571436313870724,1.781108657365914,-0.9678211482090213,2.8,1.2,FINE_TUNING
9.939999999999877,-0.0032035999267971804,0.0011987348895570798,0.08,1969.038013907408,0.0003801390740795796,0.0036404106995588034,1.7811086943043433,-0.9678207950025072,2.8,1.2,FINE_TUNING
9.959999999999877,-0.0031788026455209415,0.0012398640638119512,0.08,1969.0191009821294,0.00019100982129430122,0.002056458712743572,1.7811087475553282,-0.9678201769748138,2.8,1.2,FINE_TUNING
9.979999999999876,-0.0031520369127024154,0.0013382866409263165,0.08,1969.0271202456915,0.0002712024569154892,0.004921128855718272,1.7811087482378685,-0.9678201607991126,2.8,1.2,FINE_TUNING
9.999999999999876,-0.003125829636425609,0.0013103638138403247,0.08,1968.9851725846895,-0.00014827415310492142,-0.0013961413542995932,1.781108818861448,-0.9678190017866327,2.8,1.2,FINE_TUNING
10.019999999999875,-0.003099055251039706,0.0013387192692951506,0.08,1968.9596839458923,-0.0004031605410773409,0.001417772772741288,1.781108790763049,-0.9678181070556572,2.8,1.2,FINE_TUNING
10.039999999999875,-0.003070876732263855,0.0014089259387925226,0.08,1968.9358205836054,-0.0006417941639460878,0.0035103334748686,1.7811087145666802,-0.9678171852277092,2.8,1.2,FINE_TUNING
10.059999999999874,-0.003045254211636022,0.0012811260313916554,0.08,1968.905649108073,-0.0009435089192697888,-0.006389995370043358,1.7811085679728593,-0.9678160384405609,2.8,1.2,FINE_TUNING
10.079999999999874,-0.0030195123503766485,0.0012870930629686609,0.08,1968.9058805399297,-0.0009411946007026017,0.00029835157885027075,1.781108490022022,-0.9678156083980644,2.8,1.2,FINE_TUNING
10.099999999999874,-0.002995500083365882,0.0012006133505383374,0.08,1968.903991373487,-0.0009600862651291209,-0.004323985621516174,1.7811084024707948,-0.9678151264557143,2.8,1.2,FINE_TUNING
10.119999999999873,-0.0029726866794688293,0.0011406701948526315,0.08,1968.9169149741506,-0.0008308502584941379,-0.0029971577842852946,1.781108385425794,-0.9678150346482135,2.8,1.2,FINE_TUNING
10.139999999999873,-0.0029502752630258915,0.0011205708221468842,0.08,1968.935661819909,-0.0006433818009099924,-0.001004968635287363,1.7811083990214092,-0.9678151174569384,2.8,1.2,FINE_TUNING
10.159999999999872,-0.002927927086947533,0.0011174088039179382,0.08,1968.9515456362715,-0.00048454363728524187,-0.0001581009114473051,1.781108404182558,-0.9678151568541896,2.8,1.2,FINE_TUNING
10.179999999999872,-0.0029041996723186375,0.0011863707314447758,0.08,1968.9624613364444,-0.00037538663555551464,0.0034480963763418872,1.7811083983811045,-0.9678150995928281,2.8,1.2,FINE_TUNING
10.199999999999871,-0.002880659770900199,0.0011769950709219232,0.08,1968.95716572473,-0.0004283427527002459,-0.0004687830261426299,1.7811083642659045,-0.9678146734864552,2.8,1.2,FINE_TUNING
10.219999999999871,-0.00285751404275721,0.0011572864071494478,0.08,1968.9542223462706,-0.00045777653729373925,-0.00098543318862377,1.781108329883305,-0.9678142957644579,2.8,1.2,FINE_TUNING
10.23999999999987,-0.0028354047313251226,0.0011054655716043675,0.08,1968.9547561824763,-0.0004524381752366935,-0.002591041777254016,1.7811083009637432,-0.9678139984431222,2.8,1.2,FINE_TUNING
10.25999999999987,-0.002814700812458842,0.0010351959433140458,0.08,1968.9634166560852,-0.00036583343914799117,-0.0035134814145160826,1.7811082913403167,-0.9678138988304175,2.8,1.2,FINE_TUNING
10.27999999999987,-0.0027954030563611966,0.0009648878048822565,0.08,1968.9811018822024,-0.0001889811779756201,-0.0035154069215894675,1.7811083015043179,-0.9678140267664991,2.8,1.2,FINE_TUNING
10.29999999999987,-0.002775377297822756,0.001001287926922028,0.08,1969.0052230378042,5.223037804171326e-05,0.001820006101988572,1.7811083140686317,-0.9678143236597101,2.8,1.2,FINE_TUNING
10.319999999999869,-0.0027563048285881913,0.0009536234617282271,0.08,1969.0151271153816,0.00015127115381574185,-0.002383223259690049,1.7811083139694095,-0.9678143317976327,2.8,1.2,FINE_TUNING
10.339999999999868,-0.0027356192409126725,0.0010342793837759404,0.08,1969.029847233722,0.000298472337219664,0.0040327961023856685,1.7811083094540598,-0.9678144571708782,2.8,1.2,FINE_TUNING
10.359999999999868,-0.00271434051036444,0.0010639365274116195,0.08,1969.0253631396408,0.0002536313964083092,0.0014828571817839587,1.7811083283065776,-0.9678141991810139,2.8,1.2,FINE_TUNING
10.379999999999868,-0.0026918682733164294,0.0011236118524005222,0.08,1969.0162920208645,0.0001629202086451187,0.00298376624944513,1.7811083505574943,-0.96781383946655,2.8,1.2,FINE_TUNING
10.399999999999867,-0.0026697511651480738,0.001105855408417787,0.08,1968.998652701892,-1.3472981079303281e-05,-0.0008878221991367619,1.7811083723958776,-0.9678132835996469,2.8,1.2,FINE_TUNING
10.419999999999867,-0.002646351917071444,0.001169962403831493,0.08,1968.9885722443194,-0.00011427755680642804,0.003205349770685302,1.781108371037391,-0.9678128549517242,2.8,1.2,FINE_TUNING
10.439999999999866,-0.002623622287080995,0.0011364814995224396,0.08,1968.9693552683134,-0.00030644731686606973,-0.00167404521545267,1.7811083538565113,-0.9678122080465764,2.8,1.2,FINE_TUNING
10.459999999999866,-0.00260125129565813,0.0011185495711432622,0.08,1968.960849086992,-0.0003915091300791573,-0.000896596418958872,1.7811083227401305,-0.9678117596550891,2.8,1.2,FINE_TUNING
10.479999999999865,-0.0025807073863516506,0.0010271954653239756,0.08,1968.9571442282715,-0.0004285577172845478,-0.00456770529096433,1.7811082916286447,-0.967811405640663,2.8,1.2,FINE_TUNING
10.499999999999865,-0.002561841488427684,0.0009432948961983141,0.08,1968.9697816174057,-0.0003021838259428478,-0.004195028456283075,1.7811082929054325,-0.9678114189303363,2.8,1.2,FINE_TUNING
10.519999999999865,-0.0025437935797460367,0.0009023954340823718,0.08,1968.9926908240705,-7.309175929549383e-05,-0.00204497310579712,1.7811083109285917,-0.9678116786839659,2.8,1.2,FINE_TUNING
10.539999999999864,-0.002525388702949158,0.0009202438398439288,0.08,1969.0153361262837,0.00015336126283727936,0.0008924202880778552,1.7811083157398875,-0.9678119538704568,2.8,1.2,FINE_TUNING
10.559999999999864,-0.0025066305065038603,0.000937909822264885,0.08,1969.0274900800111,0.00027490080011148164,0.0008832991210478052,1.7811083127097505,-0.9678120330860703,2.8,1.2,FINE_TUNING
10.579999999999863,-0.0024871096296534352,0.0009760438425212505,0.08,1969.0322946613305,0.00032294661330524834,0.001906701012818272,1.7811083164548815,-0.9678119798073479,2.8,1.2,FINE_TUNING
10.599999999999863,-0.0024673501670598916,0.0009879731296771888,0.08,1969.0283044966156,0.00028304496615646715,0.0005964643577969184,1.7811083347689047,-0.9678117607380333,2.8,1.2,FINE_TUNING
10.619999999999862,-0.0024492715992435006,0.0009039283908195556,0.08,1969.0227106325165,0.000227106325164641,-0.004202236942881658,1.7811083534254313,-0.9678115052978344,2.8,1.2,FINE_TUNING
10.639999999999862,-0.002431723600519888,0.0008773999361806357,0.08,1969.03290611273,0.0003290611272996102,-0.001326422731945995,1.7811083504585734,-0.9678115562246176,2.8,1.2,FINE_TUNING
10.659999999999862,-0.002414560015956555,0.0008581792281666419,0.08,1969.0441384943829,0.0004413849438287798,-0.0009610354006996931,1.78110834327932,-0.9678116394262176,2.8,1.2,FINE_TUNING
10.679999999999861,-0.0023968162469960026,0.0008871884480276249,0.08,1969.0548452597416,0.0005484525974156896,0.0014504609930491514,1.781108333160881,-0.9678117247587471,2.8,1.2,FINE_TUNING
10.69999999999986,-0.0023781423606316072,0.0009336943182197683,0.08,1969.056697318775,0.0005669731877492268,0.0023252935096071707,1.7811083433692947,-0.9678116570913371,2.8,1.2,FINE_TUNING
10.71999999999986,-0.0023601279232784195,0.0009007218676593912,0.08,1969.049206409818,0.0004920640981799806,-0.0016486225280188584,1.7811083804772248,-0.9678114208555274,2.8,1.2,FINE_TUNING
10.73999999999986,-0.0023435217188264735,0.0008303102225973103,0.08,1969.0491172019208,0.0004911720192080793,-0.0035205822531040446,1.781108395171128,-0.9678113119481406,2.8,1.2,FINE_TUNING
10.75999999999986,-0.0023263139641029923,0.0008603877361740641,0.08,1969.0608666525998,0.0006086665259977054,0.001503875678837689,1.7811083800940213,-0.967811423491995,2.8,1.2,FINE_TUNING
10.779999999999859,-0.0023075830287533775,0.0009365467674807461,0.08,1969.0632798706943,0.0006327987069425945,0.0038079515653340994,1.7811083879891263,-0.9678113775736868,2.8,1.2,FINE_TUNING
10.799999999999859,-0.002287385009252101,0.0010099009750638244,0.08,1969.0509660383486,0.0005096603834863345,0.0036677103791539177,1.78110844309844,-0.9678110718514586,2.8,1.2,FINE_TUNING
10.819999999999858,-0.0022675596910332572,0.0009912659109421902,0.08,1969.028701106539,0.00028701106539074316,-0.0009317532060817055,1.781108515222368,-0.9678105650628267,2.8,1.2,FINE_TUNING
10.839999999999858,-0.002248018061527127,0.0009770814753064952,0.08,1969.0155740439902,0.00015574043990227438,-0.0007092217817847555,1.7811085444241948,-0.9678101867031399,2.8,1.2,FINE_TUNING
10.859999999999857,-0.0022292115654030708,0.0009403248062028321,0.08,1969.0080819868379,8.081986837851218e-05,-0.0018378334551831525,1.7811085564053635,-0.9678098949352679,2.8,1.2,FINE_TUNING
10.879999999999857,-0.0022092738752649056,0.0009968845069082558,0.08,1969.0085351455152,8.53514551522494e-05,0.002827985035271188,1.7811085595205598,-0.9678097474109422,2.8,1.2,FINE_TUNING
10.899999999999856,-0.0021896645507718084,0.000980466224654868,0.08,1968.9981344284477,-1.865571552343681e-05,-0.0008209141126693905,1.7811085675006937,-0.9678093914176318,2.8,1.2,FINE_TUNING
10.919999999999856,-0.002169545899084247,0.001005932584378075,0.08,1968.9929127836704,-7.087216329637158e-05,0.001273317986160349,1.78110856619232,-0.9678091205986685,2.8,1.2,FINE_TUNING
10.939999999999856,-0.0021496329897829534,0.0009956454650646783,0.08,1968.9839439608324,-0.00016056039167551715,-0.0005143559656698355,1.7811085597686531,-0.9678087689592797,2.8,1.2,FINE_TUNING
10.959999999999855,-0.00212906119825445,0.0010285895764251731,0.08,1968.9786115250392,-0.00021388474960758685,0.001647205568024748,1.7811085477786686,-0.9678084760164025,2.8,1.2,FINE_TUNING
10.979999999999855,-0.0021071361117984866,0.001096254322798165,0.08,1968.9682037723667,-0.00031796227633321903,0.003383237318649589,1.781108525966912,-0.9678080741399256,2.8,1.2,FINE_TUNING
10.999999999999854,-0.002085791544230381,0.0010672283784052986,0.08,1968.9480506718226,-0.0005194932817744302,-0.0014512972196433188,1.7811084767790881,-0.9678074564577173,2.8,1.2,FINE_TUNING
11.019999999999854,-0.0020646496998713254,0.001057092217952763,0.08,1968.9380183279916,-0.0006198167200841453,-0.0005068080226267747,1.781108420053236,-0.9678070076133056,2.8,1.2,FINE_TUNING
11.039999999999853,-0.0020440234158456603,0.0010313142012832546,0.08,1968.9317775475356,-0.0006822245246439707,-0.0012889008334754251,1.781108362565632,-0.9678066219591893,2.8,1.2,FINE_TUNING
11.059999999999853,-0.0020240490104657914,0.0009987202689934322,0.08,1968.9309607898856,-0.0006903921011439707,-0.0016296966144911228,1.7811083170103867,-0.9678063428997481,2.8,1.2,FINE_TUNING
11.079999999999853,-0.002005229470527356,0.00094097699692177,0.08,1968.9351798312482,-0.0006482016875179398,-0.0028871636035831083,1.7811082886629575,-0.9678061719687665,2.8,1.2,FINE_TUNING
11.099999999999852,-0.001988055562788824,0.0008586953869265907,0.08,1968.9474107565175,-0.0005258924348254368,-0.004114080499758964,1.7811082895850294,-0.9678061778188886,2.8,1.2,FINE_TUNING
11.119999999999852,-0.001973661602720792,0.0007196980034015999,0.08,1968.9696723347965,-0.0003032766520345831,-0.006949869176249539,1.7811083194185213,-0.9678064051870087,2.8,1.2,FINE_TUNING
11.139999999999851,-0.0019593426748889583,0.0007159463915916844,0.08,1969.0090997191078,9.099719107780402e-05,-0.00018758059049577504,1.78110836538972,-0.9678069866545399,2.8,1.2,FINE_TUNING
11.159999999999851,-0.0019451190158488827,0.0007111829520037822,0.08,1969.036902993351,0.00036902993351077383,-0.00023817197939510703,1.7811083558305536,-0.9678073594564874,2.8,1.2,FINE_TUNING
11.17999999999985,-0.0019299611206822621,0.000757894758331023,0.08,1969.0567488000884,0.0005674880008837136,0.0023355903163620384,1.7811083287043918,-0.9678076052129625,2.8,1.2,FINE_TUNING
11.19999999999985,-0.0019149475444970264,0.0007506788092617827,0.08,1969.0619412690169,0.0006194126901687013,-0.0003607974534620213,1.7811083257053617,-0.9678076220910942,2.8,1.2,FINE_TUNING
11.21999999999985,-0.0019015169708184794,0.0006715286839273486,0.08,1969.0663093719527,0.0006630937195268416,-0.0039575062667217015,1.7811083238927101,-0.9678076312949125,2.8,1.2,FINE_TUNING
11.23999999999985,-0.0018871492410986043,0.0007183864859937549,0.08,1969.0828036875237,0.0008280368752366484,0.0023428901033203144,1.7811082799044244,-0.9678078371005583,2.8,1.2,FINE_TUNING
11.259999999999849,-0.0018701540809292943,0.0008497580084655015,0.08,1969.0856749888958,0.0008567498889578928,0.006568576123587327,1.7811082780102379,-0.9678078439117805,2.8,1.2,FINE_TUNING
11.279999999999848,-0.001853425687951504,0.0008364196488895144,0.08,1969.0640074587698,0.0006400745876976543,-0.00066691797879935,1.781108382314343,-0.96780748521583,2.8,1.2,FINE_TUNING
11.299999999999848,-0.0018358093353183084,0.0008808176316597787,0.08,1969.050474161106,0.0005047416110596715,0.002219899138513215,1.7811084379633575,-0.9678072172509803,2.8,1.2,FINE_TUNING
11.319999999999848,-0.0018170834587383487,0.0009362938289979837,0.08,1969.0324602464918,0.00032460246491837095,0.002773809866910251,1.7811084954400596,-0.967806857274647,2.8,1.2,FINE_TUNING
11.339999999999847,-0.0017995197617815314,0.00087818484784087,0.08,1969.0164110349606,0.00016411034960583492,-0.0029054490578556864,1.7811085305460899,-0.9678065036411485,2.8,1.2,FINE_TUNING
11.359999999999847,-0.0017830236061881092,0.0008248077796711148,0.08,1969.0074053963685,7.405396368540096e-05,-0.002668853408487761,1.7811085433921945,-0.9678062404503431,2.8,1.2,FINE_TUNING
11.379999999999846,-0.0017660903908504862,0.0008466607668811479,0.08,1969.0097264515052,9.726451505230215e-05,0.001092649360501659,1.7811085451060835,-0.9678061615896267,2.8,1.2,FINE_TUNING
11.399999999999846,-0.0017499719796480876,0.0008059205601199307,0.08,1969.0067822638746,6.782263874583804e-05,-0.002037010338060862,1.7811085498743071,-0.9678059961377486,2.8,1.2,FINE_TUNING
11.419999999999845,-0.0017353414554671705,0.0007315262090458509,0.08,1969.011156595452,0.00011156595451893735,-0.003719717553703993,1.7811085507157394,-0.9678059542232238,2.8,1.2,FINE_TUNING
11.439999999999845,-0.001720427259689066,0.0007457097889052249,0.08,1969.0266572654832,0.000266572654832089,0.0007091789929687019,1.7811085455900435,-0.9678061073074707,2.8,1.2,FINE_TUNING
11.459999999999845,-0.0017032187849612033,0.0008604237363931452,0.08,1969.0344330470134,0.0003443304701340821,0.005735697374396012,1.781108542474635,-0.9678061448254054,2.8,1.2,FINE_TUNING
11.479999999999844,-0.0016876541225721339,0.000778233119453471,0.08,1969.0190271798008,0.00019027179800787053,-0.004109530846983708,1.7811085782293479,-0.9678058185621301,2.8,1.2,FINE_TUNING
11.499999999999844,-0.0016730088186123976,0.0007322651979868181,0.08,1969.0219465822172,0.0002194658221719692,-0.0022983960733326475,1.7811085810949225,-0.9678057698878859,2.8,1.2,FINE_TUNING
11.519999999999843,-0.0016578891724025118,0.0007559823104942855,0.08,1969.0314342972613,0.00031434297261284883,0.0011858556253733737,1.7811085767985257,-0.9678058324592442,2.8,1.2,FINE_TUNING
11.539999999999843,-0.001643387991990003,0.000725059020625437,0.08,1969.0332927141433,0.0003329271414327195,-0.0015461644934424233,1.781108581860828,-0.9678057822766772,2.8,1.2,FINE_TUNING
11.559999999999842,-0.0016292933671922696,0.0007047312398866639,0.08,1969.0394086231179,0.0003940862311787896,-0.0010163890369386552,1.7811085797286772,-0.9678058020558049,2.8,1.2,FINE_TUNING
11.579999999999842,-0.001615380360995676,0.0006956503098296801,0.08,1969.0466817052948,0.0004668170529475901,-0.0004540465028491938,1.781108574034344,-0.9678058458662053,2.8,1.2,FINE_TUNING
11.599999999999842,-0.0016017932026687086,0.0006793579163483713,0.08,1969.0528088543772,0.0005280885437719007,-0.0008146196740654351,1.781108568846885,-0.9678058788484816,2.8,1.2,FINE_TUNING
11.619999999999841,-0.0015883307348414266,0.0006731233913641009,0.08,1969.059416782851,0.000594167828510308,-0.00031172624921352164,1.781108560554968,-0.9678059245786248,2.8,1.2,FINE_TUNING
11.63999999999984,-0.0015753222739299144,0.0006504230455756082,0.08,1969.0646084785933,0.0006460847859329988,-0.0011350172894246395,1.7811085541584066,-0.9678059553027843,2.8,1.2,FINE_TUNING
11.65999999999984,-0.0015613201755842073,0.0007001049172853631,0.08,1969.0717205133274,0.0007172051332736373,0.002484093585487748,1.781108539692982,-0.9678060181160362,2.8,1.2,FINE_TUNING
11.67999999999984,-0.0015475689578827612,0.0006875608850723062,0.08,1969.0674345431644,0.0006743454316438147,-0.0006272016106528468,1.7811085635711628,-0.9678059267472038,2.8,1.2,FINE_TUNING
11.69999999999984,-0.001534338732608085,0.0006615112637338115,0.08,1969.0660629968797,0.000660629968797366,-0.001302481066924733,1.781108576794126,-0.9678058726044719,2.8,1.2,FINE_TUNING
11.719999999999839,-0.0015207218137793148,0.0006808459414385129,0.08,1969.0691314019682,0.0006913140196820678,0.000966733885235068,1.7811085749579516,-0.9678058802698465,2.8,1.2,FINE_TUNING
11.739999999999839,-0.0015062269579314478,0.0007247427923933549,0.08,1969.0673364527968,0.0006733645279678057,0.0021948425477421045,1.7811085893820489,-0.9678058234271619,2.8,1.2,FINE_TUNING
11.759999999999838,-0.0014912696194157294,0.0007478669257859187,0.08,1969.0577634891335,0.0005776348913354923,0.0011562066696281883,1.7811086303979267,-0.9678056575000522,2.8,1.2,FINE_TUNING
11.779999999999838,-0.001475747353600038,0.0007761132907845688,0.08,1969.0463318835905,0.000463318835904829,0.001412318249932507,1.7811086727015701,-0.967805454158331,2.8,1.2,FINE_TUNING
11.799999999999837,-0.0014589627813703788,0.0008392286114829601,0.08,1969.0326498409859,0.0003264984098586865,0.0031557660349195663,1.7811087135382646,-0.9678052037530814,2.8,1.2,FINE_TUNING
11.819999999999837,-0.0014443327131680966,0.0007315034101141144,0.08,1969.0111836705614,0.00011183670561422332,-0.005386260068442284,1.7811087566241697,-0.967804818413679,2.8,1.2,FINE_TUNING
11.839999999999836,-0.001431001721610384,0.0006665495778856358,0.08,1969.0143087671306,0.00014308767130614798,-0.0032476916114239306,1.781108758095913,-0.9678047782618965,2.8,1.2,FINE_TUNING
11.859999999999836,-0.0014186410572679493,0.0006180332171217325,0.08,1969.027276420781,0.0002727642078093595,-0.0024258180381951677,1.7811087526249891,-0.9678048934853264,2.8,1.2,FINE_TUNING
11.879999999999836,-0.001407479780798904,0.0005580638234522634,0.08,1969.0443381642008,0.0004433816420078074,-0.0029984696834734555,1.781108735323881,-0.9678050780227861,2.8,1.2,FINE_TUNING
11.899999999999835,-0.001396010847477624,0.0005734466660640035,0.08,1969.0663652477374,0.0006636524773739438,0.0007691421305870027,1.7811086934905145,-0.9678053401473586,2.8,1.2,FINE_TUNING
11.919999999999835,-0.0013842472398084597,0.0005881803834582107,0.08,1969.0786659024268,0.0007866590242679195,0.0007366858697103637,1.7811086590351606,-0.9678054758818224,2.8,1.2,FINE_TUNING
11.939999999999834,-0.0013710443549813799,0.0006601442413539944,0.08,1969.0842419154053,0.0008424191540530046,0.0035981928947891864,1.781108641966353,-0.9678055305218809,2.8,1.2,FINE_TUNING
11.959999999999834,-0.001357785213449421,0.0006629570765979481,0.08,1969.0749794924777,0.000749794924777234,0.0001406417621976836,1.7811086857979193,-0.9678054020805253,2.8,1.2,FINE_TUNING
11.979999999999833,-0.0013455430788149943,0.0006121067317213339,0.08,1969.0674078153536,0.0006740781535359019,-0.00254251724383071,1.7811087204201717,-0.9678052857098686,2.8,1.2,FINE_TUNING
11.999999999999833,-0.0013316043655217684,0.0006969356646612938,0.08,1969.0704815638,0.0007048156380005821,0.004241446646997997,1.7811087164565693,-0.96780530076082,2.8,1.2,FINE_TUNING
12.019999999999833,-0.0013162851974353172,0.0007659584043225645,0.08,1969.0571408797914,0.0005714087979140458,0.0034511369830635395,1.7811087704942823,-0.9678051070713773,2.8,1.2,FINE_TUNING
12.039999999999832,-0.0013006377688951887,0.0007823714270064246,0.08,1969.0349498267576,0.00034949826757610933,0.0008206511341930045,1.781108842403231,-0.9678047792789444,2.8,1.2,FINE_TUNING
12.059999999999832,-0.0012831799876264235,0.0008728890634382569,0.08,1969.0157257188412,0.00015725718841167691,0.004525881821591615,1.7811088834886593,-0.9678044568875858,2.8,1.2,FINE_TUNING
12.079999999999831,-0.0012630091274546595,0.0010085430085882041,0.08,1968.985464460439,-0.0001453553956093856,0.006782697257497366,1.7811089117507288,-0.9678039431490515,2.8,1.2,FINE_TUNING
12.099999999999831,-0.0012438529702245185,0.0009578078615070532,0.08,1968.9393491357678,-0.0006065086423222965,-0.0025367573540575478,1.7811088725160817,-0.9678031203006382,2.8,1.2,FINE_TUNING
12.11999999999983,-0.0012258446388395533,0.000900416569248259,0.08,1968.9147954655557,-0.0008520453444430131,-0.0028695646129397066,1.7811087667781902,-0.9678025372813249,2.8,1.2,FINE_TUNING
12.13999999999983,-0.001207530315933031,0.0009157161453261117,0.08,1968.9065888862854,-0.000934111137146374,0.0007649788038926384,1.7811086828590708,-0.9678021935175096,2.8,1.2,FINE_TUNING
12.15999999999983,-0.0011901310112706282,0.0008699652331201467,0.08,1968.897085782563,-0.0010291421743704632,-0.0022875456102982522,1.781108582516033,-0.9678018149979909,2.8,1.2,FINE_TUNING
12.17999999999983,-0.0011724729284386872,0.0008829041415970478,0.08,1968.8974176455463,-0.0010258235445371612,0.000646945423845057,1.7811085207708488,-0.9678016010823969,2.8,1.2,FINE_TUNING
12.199999999999829,-0.0011546053419937983,0.0008933793222444497,0.08,1968.8943461450617,-0.0010565385493828217,0.0005237590323700933,1.7811084418257253,-0.967801328669064,2.8,1.2,FINE_TUNING
12.219999999999828,-0.0011379005950534731,0.0008352373470162594,0.08,1968.8892981924637,-0.0011070180753631575,-0.002907098761409512,1.7811083491448525,-0.9678010183702804,2.8,1.2,FINE_TUNING
12.239999999999828,-0.0011206978571565182,0.0008601368948477427,0.08,1968.8949532240845,-0.0010504677591552537,0.0012449773915741628,1.7811083110004349,-0.9678008961108163,2.8,1.2,FINE_TUNING
12.259999999999827,-0.001103280216852481,0.0008708820152018654,0.08,1968.8935356929474,-0.001064643070526472,0.0005372560177061313,1.7811082391048387,-0.9678006575227616,2.8,1.2,FINE_TUNING
12.279999999999827,-0.0010867575485349027,0.00082613341587891,0.08,1968.88961652156,-0.0011038347844009877,-0.0022374299661477685,1.7811081524835681,-0.9678003750041725,2.8,1.2,FINE_TUNING
12.299999999999827,-0.0010696672996952652,0.0008545124419818756,0.08,1968.8937160524274,-0.001062839475725923,0.0014189513051482737,1.7811081067508159,-0.9678002310023186,2.8,1.2,FINE_TUNING
12.319999999999826,-0.0010500715458480702,0.0009797876923597513,0.08,1968.8905911074899,-0.0010940889251014596,0.006263762518893788,1.7811080252456777,-0.9677999684007753,2.8,1.2,FINE_TUNING
12.339999999999826,-0.0010304357413417657,0.0009817902253152207,0.08,1968.865251184711,-0.001347488152889582,0.00010012664777347188,1.781107816638436,-0.9677993158468565,2.8,1.2,FINE_TUNING
12.359999999999825,-0.0010130260339197533,0.0008704853711006183,0.08,1968.845897789784,-0.001541022102160241,-0.00556524271073012,1.7811075904263176,-0.9677987162788813,2.8,1.2,FINE_TUNING
12.379999999999825,-0.0009966927174933618,0.0008166658213195705,0.08,1968.8507233237476,-0.0014927667625238429,-0.0026909774890523912,1.781107512738383,-0.9677985308498583,2.8,1.2,FINE_TUNING
12.399999999999824,-0.0009815327831604605,0.0007579967166450646,0.08,1968.862510703086,-0.0013748929691405464,-0.0029334552337252936,1.7811074932161273,-0.967798483516899,2.8,1.2,FINE_TUNING
12.419999999999824,-0.000967786003292219,0.0006873389934120781,0.08,1968.8801127958811,-0.001198872041188679,-0.0035328861616493257,1.7811075215468002,-0.9677985559154397,2.8,1.2,FINE_TUNING
12.439999999999824,-0.0009539675452930472,0.0006909228999585919,0.08,1968.9039954283217,-0.0009600457167834974,0.00017919532732568874,1.7811075916739936,-0.96779875298608,2.8,1.2,FINE_TUNING
12.459999999999823,-0.000938650586896307,0.000765847919837006,0.08,1968.9192855262395,-0.0008071447376050855,0.0037462509939207057,1.781107613292763,-0.9677988246656951,2.8,1.2,FINE_TUNING
12.479999999999823,-0.0009235862509131777,0.000753216799156463,0.08,1968.9159572120989,-0.0008404278790112585,-0.0006315560340271484,1.7811075589594287,-0.9677986188614125,2.8,1.2,FINE_TUNING
12.499999999999822,-0.0009099969420186034,0.0006794654447287155,0.08,1968.9149163979648,-0.000850836020351835,-0.0036875677213873735,1.781107511515054,-0.9677984461651882,2.8,1.2,FINE_TUNING
12.519999999999822,-0.0008962908354776775,0.0006853053270462937,0.08,1968.926280595414,-0.0007371940458597237,0.00029199411587891005,1.781107517236052,-0.9677984666413936,2.8,1.2,FINE_TUNING
12.539999999999822,-0.0008841762237904037,0.0006057305843636912,0.08,1968.9324004901189,-0.0006759950988111995,-0.003978737134130123,1.7811075053163883,-0.967798418990867,2.8,1.2,FINE_TUNING
12.559999999999821,-0.0008714654539480599,0.0006355384921171904,0.08,1968.949910258482,-0.0005008974151792245,0.0014903953876749582,1.781107535119087,-0.9677985461951734,2.8,1.2,FINE_TUNING
12.57999999999982,-0.0008587960184793775,0.0006334717734341181,0.08,1968.9562172741207,-0.00043782725879282225,-0.00010333593415361218,1.7811075314834532,-0.9677985262598274,2.8,1.2,FINE_TUNING
12.59999999999982,-0.0008469193105867267,0.0005938353946325431,0.08,1968.9602526161752,-0.00039747383824760617,-0.001981818940078748,1.7811075242060188,-0.9677984816263517,2.8,1.2,FINE_TUNING
12.61999999999982,-0.0008360360607242936,0.0005441624931216555,0.08,1968.9693276418918,-0.00030672358108176925,-0.0024836450755443776,1.7811075284077802,-0.967798509532568,2.8,1.2,FINE_TUNING
12.63999999999982,-0.0008248627925234787,0.0005586634100407484,0.08,1968.9837649403953,-0.0001623505960469629,0.0007250458459546426,1.7811075409832582,-0.967798614511193,2.8,1.2,FINE_TUNING
12.659999999999819,-0.0008126159286289588,0.0006123431947259962,0.08,1968.9907092633564,-9.290736643606579e-05,0.002683989234262393,1.7811075422119274,-0.9677986330175227,2.8,1.2,FINE_TUNING
12.679999999999819,-0.0007991480936454957,0.0006733917491731565,0.08,1968.9854641020652,-0.00014535897934820241,0.0030524277223580175,1.7811075373628797,-0.9677985086885096,2.8,1.2,FINE_TUNING
12.699999999999818,-0.0007857504293861818,0.0006698832129656978,0.08,1968.970289315732,-0.00029710684267911344,-0.00017542681037293522,1.7811075222031707,-0.9677982581483988,2.8,1.2,FINE_TUNING
12.719999999999818,-0.0007723275175152277,0.0006711455935477062,0.08,1968.9594491044231,-0.00040550895576870974,6.311902910041591e-05,1.781107496415382,-0.967798042052917,2.8,1.2,FINE_TUNING
12.739999999999817,-0.0007594162887149705,0.0006455614400128558,0.08,1968.950801760666,-0.0004919823933391854,-0.00127920767674252,1.7811074644447988,-0.9677978412743089,2.8,1.2,FINE_TUNING
12.759999999999817,-0.0007477679469072106,0.000582417090387992,0.08,1968.948420609989,-0.000515793900110566,-0.0031572174812431885,1.7811074401336249,-0.9677977133879276,2.8,1.2,FINE_TUNING
12.779999999999816,-0.0007372147645377852,0.0005276591184712715,0.08,1968.957094005626,-0.0004290599437399578,-0.002737898595836027,1.781107443442085,-0.9677977299771776,2.8,1.2,FINE_TUNING
12.799999999999816,-0.0007254909391636639,0.0005861912687060674,0.08,1968.972128519106,-0.0002787148089396396,0.002926607511739795,1.7811074613808375,-0.9677978348897015,2.8,1.2,FINE_TUNING
12.819999999999816,-0.0007146903146196059,0.0005400312272028992,0.08,1968.9717087301349,-0.0002829126986512165,-0.0023080020751584077,1.7811074524545654,-0.9677977583557764,2.8,1.2,FINE_TUNING
12.839999999999815,-0.0007025213362080213,0.0006084489205792299,0.08,1968.9788453013025,-0.00021154698697500862,0.0034208846688165285,1.7811074543126646,-0.9677977739622002,2.8,1.2,FINE_TUNING
12.859999999999815,-0.0006911676811746122,0.0005676827516704567,0.08,1968.9711222036817,-0.000288777963182838,-0.0020383084454386564,1.7811074401925526,-0.9677976196838429,2.8,1.2,FINE_TUNING
12.879999999999814,-0.0006816741733686434,0.0004746753902984402,0.08,1968.9721474782193,-0.00027852521780687313,-0.004650368068600823,1.7811074331487995,-0.9677975624096253,2.8,1.2,FINE_TUNING
12.899999999999814,-0.0006728897761277184,0.00043921986204624913,0.08,1968.9885826163431,-0.00011417383656862512,-0.0017727764126095518,1.7811074483848661,-0.9677976895877414,2.8,1.2,FINE_TUNING
12.919999999999813,-0.0006638246707325174,0.00045325526976004894,0.08,1969.0058013832115,5.801383211519351e-05,0.0007017703856899897,1.7811074557024211,-0.967797830398968,2.8,1.2,FINE_TUNING
12.939999999999813,-0.0006549335766546963,0.00044455470389105124,0.08,1969.0148903042732,0.0001489030427319449,-0.0004350282934498847,1.7811074557024211,-0.967797830398968,2.8,1.2,FINE_TUNING
12.959999999999813,-0.000645482145040611,0.00047257158070426606,0.08,1969.022273889227,0.00022273889227108156,0.0014008438406607406,1.7811074557024211,-0.967797830398968,2.8,1.2,FINE_TUNING
12.979999999999812,-0.0006338225011767091,0.0005829821931950922,0.08,1969.0219942656063,0.0002199426560628126,0.005520530624541308,1.7811074557024211,-0.967797830398968,2.8,1.2,FINE_TUNING
12.999999999999812,-0.0006219438423482338,0.0005939329414237655,0.08,1969.0017559244232,1.7559244231506454e-05,0.0005475374114336618,1.7811074811422865,-0.9677976088619817,2.8,1.2,FINE_TUNING
13.019999999999811,-0.0006102441913612222,0.0005849825493505782,0.08,1968.984908835982,-0.00015091164018031123,-0.00044751960365936176,1.7811074829793647,-0.9677973954021555,2.8,1.2,FINE_TUNING
13.03999999999981,-0.0005992558458631772,0.0005494172749022553,0.08,1968.9739249804768,-0.00026075019523204903,-0.0017782637224161432,1.7811074709235466,-0.9677972243704998,2.8,1.2,FINE_TUNING
13.05999999999981,-0.0005887125433151818,0.0005271651273997696,0.08,1968.9717537809604,-0.00028246219039601783,-0.0011126073751242856,1.781107460950754,-0.9677971402040039,2.8,1.2,FINE_TUNING
13.07999999999981,-0.000576736287629436,0.0005988127842872886,0.08,1968.973457982755,-0.0002654201724499217,0.003582382844375952,1.7811074555877395,-0.9677970984382446,2.8,1.2,FINE_TUNING
13.09999999999981,-0.0005638712393413192,0.0006432524144058428,0.08,1968.9613349368692,-0.00038665063130792986,0.002221981505927708,1.7811074320275642,-0.9677969056023443,2.8,1.2,FINE_TUNING
13.11999999999981,-0.0005497121370070077,0.000707955116715578,0.08,1968.9442082959376,-0.0005579170406235789,0.0032351351154867565,1.7811073864301266,-0.9677966415270861,2.8,1.2,FINE_TUNING
13.139999999999809,-0.0005357859927569356,0.0006963072125036054,0.08,1968.919921753276,-0.000800782467240424,-0.0005823952105986285,1.7811072973512696,-0.9677962680124014,2.8,1.2,FINE_TUNING
13.159999999999808,-0.000523030457775731,0.0006377767490602282,0.08,1968.903983714698,-0.0009601628530208473,-0.0029265231721688585,1.7811071975944242,-0.9677959581814723,2.8,1.2,FINE_TUNING
13.179999999999808,-0.0005107535707755935,0.0006138443500068734,0.08,1968.9021791221064,-0.000978208778935823,-0.0011966199526677352,1.7811071425475358,-0.9677958104657189,2.8,1.2,FINE_TUNING
13.199999999999807,-0.0004992458648388976,0.0005753852968347977,0.08,1968.9042560540645,-0.0009574394593551005,-0.0019229526586037847,1.7811071054925212,-0.9677957131538577,2.8,1.2,FINE_TUNING
13.219999999999807,-0.0004867991733892703,0.0006223345724813644,0.08,1968.9116501355056,-0.0008834986449437565,0.0023474637823283333,1.7811070960311146,-0.9677956881044351,2.8,1.2,FINE_TUNING
13.239999999999807,-0.00047411050923353763,0.0006344332077866311,0.08,1968.907752262238,-0.0009224773776190887,0.0006049317652633355,1.7811070386977514,-0.967795528150808,2.8,1.2,FINE_TUNING
13.259999999999806,-0.0004638230622178198,0.0005143723507858912,0.08,1968.9020164181247,-0.00097983581875269,-0.006003042850036992,1.7811069692553851,-0.9677953420478766,2.8,1.2,FINE_TUNING
13.279999999999806,-0.0004551556993709778,0.0004333681423420999,0.08,1968.9182953489171,-0.0008170465108287317,-0.0040502104221895666,1.7811070039239374,-0.9677954302149815,2.8,1.2,FINE_TUNING
13.299999999999805,-0.00044708975570612595,0.0004032971832425919,0.08,1968.9432917010513,-0.0005670829894870622,-0.0015035479549754018,1.7811070735415846,-0.9677956314344021,2.8,1.2,FINE_TUNING
13.319999999999805,-0.00043752195101532,0.00047839023454029667,0.08,1968.965535036924,-0.0003446496307606139,0.0037546525648852404,1.781107118504765,-0.9677958037385003,2.8,1.2,FINE_TUNING
13.339999999999804,-0.00042885161882178364,0.0004335166096768171,0.08,1968.9673373379323,-0.0003266266206765067,-0.0022436812431739766,1.781107118504765,-0.9677958037385003,2.8,1.2,FINE_TUNING
13.359999999999804,-0.00042018567176670845,0.0004332973527537601,0.08,1968.9758739124893,-0.0002412608751069456,-1.0962846152851936e-05,1.781107118504765,-0.9677958037385003,2.8,1.2,FINE_TUNING
13.379999999999804,-0.0004112635461990142,0.00044610627838471143,0.08,1968.981315887637,-0.00018684112362961968,0.000640446281547568,1.781107118504765,-0.9677958037385003,2.8,1.2,FINE_TUNING
13.399999999999803,-0.00040195439554655855,0.0004654575326227837,0.08,1968.982289085141,-0.00017710914858980686,0.0009675627119036142,1.781107118504765,-0.9677958037385003,2.8,1.2,FINE_TUNING
13.419999999999803,-0.00039220173752084996,0.00048763290128542986,0.08,1968.9789540463853,-0.00021045953614702738,0.0011087684331323074,1.781107118504765,-0.9677958037385003,2.8,1.2,FINE_TUNING
13.439999999999802,-0.0003832091443528034,0.0004496296584023296,0.08,1968.9720681252988,-0.0002793187470115299,-0.0019001621441550106,1.781107118504765,-0.9677958037385003,2.8,1.2,FINE_TUNING
13.459999999999802,-0.00037343416781612657,0.0004887488268338411,0.08,1968.9732768378747,-0.00026723162125335875,0.001955958421575576,1.781107118504765,-0.9677958037385003,2.8,1.2,FINE_TUNING
13.479999999999801,-0.00036452666619973985,0.00044537508081933736,0.08,1968.9666005521037,-0.0003339944789627225,-0.002168687300725186,1.781107118504765,-0.9677958037385003,2.8,1.2,FINE_TUNING
13.499999999999801,-0.00035491075269043266,0.00048079567546535987,0.08,1968.968894712305,-0.00031105287695027073,0.0017710297323011248,1.781107118504765,-0.9677958037385003,2.8,1.2,FINE_TUNING
13.5199999999998,-0.0003458896496021535,0.0004510551544139583,0.08,1968.963631032479,-0.00036368967520957087,-0.0014870260525700774,1.781107118504765,-0.9677958037385003,2.8,1.2,FINE_TUNING
13.5399999999998,-0.00033755500836671456,0.0004167320617719455,0.08,1968.964514014781,-0.0003548598521911117,-0.0017161546321006397,1.781107118504765,-0.9677958037385003,2.8,1.2,FINE_TUNING
13.5599999999998,-0.0003294916014471006,0.00040317034598069706,0.08,1968.970555731052,-0.00029444268948054743,-0.0006780857895624201,1.781107118504765,-0.9677958037385003,2.8,1.2,FINE_TUNING
13.5799999999998,-0.0003224245762722842,0.0003533512587408221,0.08,1968.976599358205,-0.00023400641794978582,-0.0024909543619937506,1.781107118504765,-0.9677958037385003,2.8,1.2,FINE_TUNING
13.599999999999799,-0.00031503387124142524,0.000369535251542948,0.08,1968.9890639581388,-0.00010936041861214107,0.0008091996401062961,1.781107118504765,-0.9677958037385003,2.8,1.2,FINE_TUNING
13.619999999999798,-0.0003056759318542868,0.000467896969356921,0.08,1968.9944555345965,-5.5444654035454735e-05,0.004918085890698652,1.781107118504765,-0.9677958037385003,2.8,1.2,FINE_TUNING
13.639999999999798,-0.0002986961282292164,0.0003489901812535207,0.08,1968.9803606408227,-0.00019639359177290317,-0.005945339405170015,1.781107118504765,-0.9677958037385003,2.8,1.2,FINE_TUNING
13.659999999999798,-0.00029144863743869734,0.00036237453952595397,0.08,1968.9908029581059,-9.197041894140056e-05,0.0006692179136216648,1.781107118504765,-0.9677958037385003,2.8,1.2,FINE_TUNING
13.679999999999797,-0.00028663603390270383,0.00024063017679967476,0.08,1968.9952712749036,-4.7287250963563566e-05,-0.006087218136313961,1.781107118504765,-0.9677958037385003,2.8,1.2,FINE_TUNING
13.699999999999797,-0.0002813602075456376,0.00026379131785331077,0.08,1969.0193831611537,0.00019383161153655238,0.0011580570526818004,1.781107118504765,-0.9677958037385003,2.8,1.2,FINE_TUNING
13.719999999999796,-0.0002780792393983021,0.00016404840736677467,0.08,1969.0318746741375,0.00031874674137498003,-0.004987145524326805,1.781107118504765,-0.9677958037385003,2.8,1.2,FINE_TUNING
13.739999999999796,-0.0002752442718495728,0.00014174837743646338,0.08,1969.057883657877,0.0005788365787702788,-0.0011150014965155648,1.781107118504765,-0.9677958037385003,2.8,1.2,FINE_TUNING
13.759999999999796,-0.00027189827974053707,0.00016729960545178624,0.08,1969.0798546198982,0.0007985461989824216,0.0012775614007661433,1.781107118504765,-0.9677958037385003,2.8,1.2,FINE_TUNING
13.779999999999795,-0.0002695239248613437,0.00011871774395966908,0.08,1969.090589870795,0.0009058987079492908,-0.002429093074605858,1.781107118504765,-0.9677958037385003,2.8,1.2,FINE_TUNING
13.799999999999795,-0.0002665558703061174,0.0001484027277613152,0.08,1969.1065001636694,0.0010650016366935233,0.0014842491900823062,1.781107118504765,-0.9677958037385003,2.8,1.2,FINE_TUNING
13.819999999999794,-0.0002624513452515577,0.00020522625272798598,0.08,1969.11230037279,0.0011230037279005955,0.0028411762483335394,1.781107118504765,-0.9677958037385003,2.8,1.2,FINE_TUNING
13.839999999999794,-0.0002571054012692866,0.00026729719911355236,0.08,1969.1061816078127,0.001061816078126867,0.0031035473192783207,1.781107118504765,-0.9677958037385003,2.8,1.2,FINE_TUNING
13.859999999999793,-0.000252707890747984,0.000219875526065129,0.08,1969.0906948179033,0.0009069481790334067,-0.002371083652421168,1.781107118504765,-0.9677958037385003,2.8,1.2,FINE_TUNING
13.879999999999793,-0.000247172188850682,0.0002767850948651004,0.08,1969.0878685368746,0.0008786853687456641,0.002845478439998569,1.781107118504765,-0.9677958037385003,2.8,1.2,FINE_TUNING
13.899999999999793,-0.0002418646399611686,0.00026537744447566896,0.08,1969.075568708234,0.0007556870823395911,-0.0005703825194715713,1.781107118504765,-0.9677958037385003,2.8,1.2,FINE_TUNING
13.919999999999792,-0.000235755228798102,0.00030547055815333064,0.08,1969.0685965487069,0.0006859654870686427,0.002004655683883084,1.781107118504765,-0.9677958037385003,2.8,1.2,FINE_TUNING
13.939999999999792,-0.00022833143229040607,0.0003711898253847966,0.08,1969.0562809552043,0.0005628095520432908,0.0032859633615732976,1.781107118504765,-0.9677958037385003,2.8,1.2,FINE_TUNING
13.959999999999791,-0.00022135346595756827,0.00034889831664188995,0.08,1969.0356310065376,0.00035631006537641954,-0.0011145754371453325,1.781107118504765,-0.9677958037385003,2.8,1.2,FINE_TUNING
13.97999999999979,-0.00021386371581408962,0.0003744875071739325,0.08,1969.0245664269296,0.00024566426929595764,0.0012794595266021292,1.781107118504765,-0.9677958037385003,2.8,1.2,FINE_TUNING
13.99999999999979,-0.00020712112148727724,0.00033712971634061967,0.08,1969.0117956828635,0.00011795682863521506,-0.0018678895416656437,1.781107118504765,-0.9677958037385003,2.8,1.2,FINE_TUNING
14.01999999999979,-0.00020153579384951203,0.0002792663818882601,0.08,1969.008894567408,8.894567408106013e-05,-0.002893166722617979,1.781107118504765,-0.9677958037385003,2.8,1.2,FINE_TUNING
14.03999999999979,-0.00019475513920878788,0.000339032732036208,0.08,1969.0165826462414,0.00016582646241431576,0.0029883175073973957,1.781107118504765,-0.9677958037385003,2.8,1.2,FINE_TUNING
14.059999999999789,-0.00018936863411686273,0.00026932525459625776,0.08,1969.0110173525375,0.0001101735253746483,-0.00348537387199751,1.781107118504765,-0.9677958037385003,2.8,1.2,FINE_TUNING
14.079999999999789,-0.00018277488916539387,0.00032968724757344347,0.08,1969.0189229996213,0.00018922999621281633,0.003018099648859286,1.781107118504765,-0.9677958037385003,2.8,1.2,FINE_TUNING
14.099999999999788,-0.00017517085527623185,0.0003802016944581007,0.08,1969.0134170835306,0.00013417083530612217,0.002525722344232862,1.781107118504765,-0.9677958037385003,2.8,1.2,FINE_TUNING
14.119999999999788,-0.0001688819033924224,0.0003144475941904719,0.08,1969.0001556750676,1.556750676172669e-06,-0.003287705013381439,1.781107118504765,-0.9677958037385003,2.8,1.2,FINE_TUNING
14.139999999999787,-0.00016313238473442002,0.00028747593290011933,0.08,1969.001898374908,1.89837490802347e-05,-0.0013485830645176286,1.781107118504765,-0.9677958037385003,2.8,1.2,FINE_TUNING
14.159999999999787,-0.00015745114513817177,0.00028406197981241247,0.08,1969.0074083411907,7.40834119073952e-05,-0.00017069765438534188,1.781107118504765,-0.9677958037385003,2.8,1.2,FINE_TUNING
14.179999999999787,-0.00015305478896192603,0.0002198178088122868,0.08,1969.011441088481,0.00011441088480978578,-0.0032122085500062825,1.781107118504765,-0.9677958037385003,2.8,1.2,FINE_TUNING
14.199999999999786,-0.0001485761495228573,0.00022393197195343594,0.08,1969.0251802894397,0.00025180289439731497,0.00020570815705745645,1.781107118504765,-0.9677958037385003,2.8,1.2,FINE_TUNING
14.219999999999786,-0.00014455669940998645,0.00020097250564354274,0.08,1969.0337562378172,0.0003375623781721515,-0.0011479733154946602,1.781107118504765,-0.9677958037385003,2.8,1.2,FINE_TUNING
14.239999999999785,-0.00014065619428192363,0.00019502525640314135,0.08,1969.0434878019962,0.00043487801996207055,-0.00029736246202006903,1.781107118504765,-0.9677958037385003,2.8,1.2,FINE_TUNING
14.259999999999785,-0.00013787599312919445,0.00013901005763645885,0.08,1969.051063140114,0.0005106314011391077,-0.0028007599383341247,1.781107118504765,-0.9677958037385003,2.8,1.2,FINE_TUNING
14.279999999999784,-0.0001359150647462,9.804641914972138e-05,0.08,1969.0659750382983,0.000659750382983475,-0.0020481819243368736,1.781107118504765,-0.9677958037385003,2.8,1.2,FINE_TUNING
14.299999999999784,-0.0001338362386818182,0.00010394130321909003,0.08,1969.083460315481,0.0008346031548103383,0.00029474420346843253,1.781107118504765,-0.9677958037385003,2.8,1.2,FINE_TUNING
14.319999999999784,-0.00013093159708070585,0.00014523208005561738,0.08,1969.0945452667856,0.0009454526678564435,0.0020645388418263667,1.781107118504765,-0.9677958037385003,2.8,1.2,FINE_TUNING
14.339999999999783,-0.0001268190639770774,0.00020562665518142234,0.08,1969.0948915351123,0.0009489153511231052,0.003019728756290249,1.781107118504765,-0.9677958037385003,2.8,1.2,FINE_TUNING
14.359999999999783,-0.0001242857915294132,0.00012666362238321086,0.08,1969.084277215458,0.0008427721545808709,-0.003948151639910574,1.781107118504765,-0.9677958037385003,2.8,1.2,FINE_TUNING
14.379999999999782,-0.00012171511856220339,0.0001285336483604904,0.08,1969.0904833011284,0.000904833011284154,9.350129886397682e-05,1.781107118504765,-0.9677958037385003,2.8,1.2,FINE_TUNING
14.399999999999782,-0.00011667023132281582,0.0002522443619693785,0.08,1969.0943298736115,0.0009432987361151391,0.006185535680444406,1.781107118504765,-0.9677958037385003,2.8,1.2,FINE_TUNING
14.419999999999781,-0.0001110616137567208,0.00028043087830475057,0.08,1969.0750149816256,0.0007501498162559983,0.0014093258167686023,1.781107118504765,-0.9677958037385003,2.8,1.2,FINE_TUNING
14.439999999999781,-0.00010669707520664848,0.0002182269275036161,0.08,1969.0561346404918,0.0005613464049179129,-0.003110197540056723,1.781107118504765,-0.9677958037385003,2.8,1.2,FINE_TUNING
14.45999999999978,-0.00010284106334331395,0.00019280059316672645,0.08,1969.0534626711892,0.0005346267118920878,-0.0012713167168444811,1.781107118504765,-0.9677958037385003,2.8,1.2,FINE_TUNING
14.47999999999978,-9.848525173076404e-05,0.00021779058062749523,0.08,1969.0557495099667,0.0005574950996674489,0.0012494993730384383,1.781107118504765,-0.9677958037385003,2.8,1.2,FINE_TUNING
14.49999999999978,-9.303313433591215e-05,0.00027260586974259477,0.08,1969.0526506045871,0.0005265060458714288,0.002740764455754977,1.781107118504765,-0.9677958037385003,2.8,1.2,FINE_TUNING
14.51999999999978,-8.626040376801696e-05,0.00033863652839475906,0.08,1969.0404730019186,0.00040473001918599037,0.003301532932608215,1.781107118504765,-0.9677958037385003,2.8,1.2,FINE_TUNING
14.539999999999779,-7.760025337859312e-05,0.00043300751947119225,0.08,1969.019865089923,0.00019865089923086997,0.004718549553821659,1.781107118504765,-0.9677958037385003,2.8,1.2,FINE_TUNING
14.559999999999778,-6.86353627574809e-05,0.0004482445310556109,0.08,1968.9882384330153,-0.00011761566984660022,0.0007618505792209313,1.781107118504765,-0.9677958037385003,2.8,1.2,FINE_TUNING
14.579999999999778,-5.9147861206752926e-05,0.00047437507753639855,0.08,1968.9627019024838,-0.000372980975162136,0.001306527324039384,1.781107118504765,-0.9677958037385003,2.8,1.2,FINE_TUNING
14.599999999999778,-4.8283906615209344e-05,0.000543197729577179,0.08,1968.939476195496,-0.0006052380450410056,0.003441132602039023,1.781107118504765,-0.9677958037385003,2.8,1.2,FINE_TUNING
14.619999999999777,-3.5853905385062885e-05,0.0006215000615073228,0.08,1968.910284373367,-0.0008971562663305122,0.003915116596507188,1.781107118504765,-0.9677958037385003,2.8,1.2,FINE_TUNING
14.639999999999777,-2.411782378268887e-05,0.0005868040801187008,0.08,1968.8751214018741,-0.0012487859812586066,-0.0017347990694311,1.781107118504765,-0.9677958037385003,2.8,1.2,FINE_TUNING
14.659999999999776,-1.2892034439273632e-05,0.0005612894671707619,0.08,1968.8555850746382,-0.0014441492536184342,-0.001275730647396942,1.7811069341119408,-0.9677955134297583,2.8,1.2,FINE_TUNING
14.679999999999776,-6.632746442734578e-07,0.0006114379897500087,0.08,1968.8454214460367,-0.0015457855396334708,0.0025074261289623383,1.7811067812516876,-0.9677952932204679,2.8,1.2,FINE_TUNING
14.699999999999775,1.097656329236422e-05,0.0005819918968318838,0.08,1968.8285028589514,-0.0017149714104857593,-0.0014723046459062432,1.781106559747917,-0.967794988023235,2.8,1.2,FINE_TUNING
14.719999999999775,2.0977209010365025e-05,0.0005000322859000403,0.08,1968.8208144055352,-0.0017918559446479776,-0.00409798054659218,1.781106385907866,-0.9677947625221164,2.8,1.2,FINE_TUNING
14.739999999999775,3.0653510930942695e-05,0.00048381509602888365,0.08,1968.8289016921951,-0.0017109830780486846,-0.0008108594935578302,1.7811063444610253,-0.9677947103480082,2.8,1.2,FINE_TUNING
14.759999999999774,3.912170761709303e-05,0.0004234098343075166,0.08,1968.8365639879814,-0.0016343601201856473,-0.0030202630860683526,1.7811063059506376,-0.9677946613041616,2.8,1.2,FINE_TUNING
14.779999999999774,4.784271966049624e-05,0.0004360506021701606,0.08,1968.851752142734,-0.0014824785726591473,0.0006320383931321977,1.7811063059506376,-0.9677946613041616,2.8,1.2,FINE_TUNING
14.799999999999773,5.537450623862892e-05,0.000376589328906634,0.08,1968.8594150850452,-0.0014058491495484305,-0.0029730636631763287,1.7811063059506376,-0.9677946613041616,2.8,1.2,FINE_TUNING
14.819999999999773,6.432816071743114e-05,0.0004476827239401108,0.08,1968.8745118551738,-0.0012548814482624948,0.0035546697516738394,1.7811063059506376,-0.9677946613041616,2.8,1.2,FINE_TUNING
14.839999999999772,7.25755315070031e-05,0.0004123685394785979,0.08,1968.8718671260274,-0.0012813287397261774,-0.0017657092230756437,1.7811063059506376,-0.9677946613041616,2.8,1.2,FINE_TUNING
14.859999999999772,8.020410509921893e-05,0.00038142867961079164,0.08,1968.8754601463577,-0.0012453985364231813,-0.0015469929933903132,1.7811063059506376,-0.9677946613041616,2.8,1.2,FINE_TUNING
14.879999999999772,8.753740094904443e-05,0.0003666647924912755,0.08,1968.882704526309,-0.0011729547369100147,-0.0007381943559758059,1.7811063059506376,-0.9677946613041616,2.8,1.2,FINE_TUNING
14.899999999999771,9.287919342333912e-05,0.00026708962371473424,0.08,1968.8896995100067,-0.0011030048999327846,-0.004978758438827063,1.7811063059506376,-0.9677946613041616,2.8,1.2,FINE_TUNING
14.91999999999977,9.841913083252837e-05,0.0002769968704594625,0.08,1968.9115119436126,-0.0008848805638740487,0.0004953623372364122,1.7811063059506376,-0.9677946613041616,2.8,1.2,FINE_TUNING
14.93999999999977,0.0001046756794970502,0.0003128274332260917,0.08,1968.9245400808593,-0.0007545991914071238,0.0017915281383314625,1.7811063059506376,-0.9677946613041616,2.8,1.2,FINE_TUNING
14.95999999999977,0.00010790721740840059,0.0001615768955675192,0.08,1968.9268245274984,-0.0007317547250158896,-0.007562526882928626,1.7811063059506376,-0.9677946613041616,2.8,1.2,FINE_TUNING
14.97999999999977,0.00011072042220472115,0.00014066023981602796,0.08,1968.9545457604297,-0.00045454239570290154,-0.0010458327875745629,1.7811063059506376,-0.9677946613041616,2.8,1.2,FINE_TUNING
